label,pca_x,pca_y
1,0.16426642,-0.58984196
0,0.13191192,-0.11415301
0,0.16487736,-0.26500952
0,0.017886471,0.0432754
1,-0.16854605,0.6501154
1,0.10771835,-0.11556934
1,-0.073257715,0.3587411
0,0.0053163543,0.06424398
1,-0.058441736,-0.29035962
0,-0.03909755,-0.01948233
0,-0.09176979,0.24283554
0,-0.1192946,0.13388278
1,0.05096617,-0.14182709
1,-0.0791536,-0.028406873
1,-0.14201693,-0.08483866
0,0.039623152,-0.10872792
1,-0.06383401,-0.16284455
1,-0.11685516,-0.14679633
0,0.09372449,-0.10381824
0,0.039364416,0.022132114
0,-0.011760462,-0.15326254
0,-0.2888582,0.16217048
1,-0.31029373,0.0072826073
1,-0.17285715,0.17706382
0,-0.22533073,0.12459034
1,-0.1842963,-0.1178437
1,-0.14723203,0.27173102
1,0.20005848,-0.39574468
1,-0.06106593,-0.036919817
0,0.28485626,-0.04085639
0,0.14964414,0.12746844
1,0.3791839,0.2316953
1,-0.23513049,-0.19388397
1,0.25458407,-0.067164674
1,0.038995545,0.07810119
1,-0.075674266,-0.49639618
1,0.00064652413,-0.22483642
0,-0.022837613,-0.116975084
1,-0.16899681,-0.04797782
1,0.31153658,-0.077087626
1,0.084184214,-0.13261585
1,-0.09325573,0.068814084
0,0.2477715,0.08410965
0,-0.26337984,0.10680841
1,-0.38808098,0.15092073
1,0.6267958,-0.09134923
1,0.35575604,0.46364844
0,-0.16903375,0.0716957
1,-0.04598874,0.14012958
0,-0.01543146,0.13715792
1,0.07419635,-0.082239464
1,0.058549445,0.19452159
1,-0.09252427,-0.062392876
1,0.1111311,0.22476499
0,-0.07475008,0.005474314
1,0.12881917,0.54516774
0,-0.3677252,-0.01738578
1,0.022626933,0.11951873
1,0.28773853,0.03170962
1,-0.11392246,-0.4994775
0,-0.0074731484,0.123538375
1,0.14643496,0.003642127
1,0.37742123,-0.14801158
1,0.06570274,0.004358813
0,0.18493253,-0.11225577
1,-0.11340009,-0.3003481
0,-0.27947852,-0.05982223
0,-0.17920634,0.10789894
1,0.07083456,0.033688292
1,0.09920332,-0.33555812
0,0.42647976,-0.061355844
0,-0.23527087,-0.1244259
0,0.18942583,0.021902978
1,0.5311824,0.29867548
1,0.09569304,-0.20343865
1,0.08216533,0.12366881
1,-0.2742246,-0.05484493
0,-0.23205242,0.09176676
0,-0.122489065,-0.22209664
0,0.10829267,0.13344201
1,0.15558174,-0.19928117
0,0.035304684,-0.27541846
1,0.11276561,-0.46141076
1,-0.3520819,-0.30848342
1,-0.25333992,-0.13929607
1,-0.25145832,-0.08682625
0,-0.16135994,0.024434209
0,-0.25590044,0.017061561
0,-0.01589422,0.025731713
1,0.055651065,0.04082291
0,0.09844151,-0.18309166
1,0.22625828,0.23784517
1,0.2580837,0.11146221
0,-0.06587674,0.046652287
1,-0.079501495,-0.037404373
1,-0.235455,0.16715059
1,-0.012844233,0.25057915
1,0.12243381,-0.061344936
1,0.33880553,0.29207727
0,0.18824157,-0.12651177
1,0.05670159,-0.22380672
0,-0.14295931,-0.052199185
0,-0.20010853,0.12562037
1,-0.14733349,-0.28535104
0,-0.07416731,0.0639704
0,-0.18829438,-0.13324599
1,-0.14007539,-0.31557387
1,0.4172612,-0.5594678
1,-0.11974527,0.3537855
0,0.20755374,-0.16003545
1,-0.6328052,0.16845082
0,-0.18561271,-0.17694522
0,-0.08759452,-0.045786187
1,0.13688569,-0.020683631
1,-0.1967531,0.13311164
1,0.17654967,0.27047822
0,-0.15904854,0.016925305
1,-0.42250246,0.018326104
0,0.05580171,-0.094915554
0,-0.13245389,0.09677154
0,-0.06555923,0.053060874
0,-0.2782504,-0.18328698
0,-0.046263658,0.08669665
0,0.21158585,0.14545663
0,-0.21501859,-0.11336966
0,-0.27569115,-0.061634526
0,0.22069836,0.058083124
0,-0.06285791,0.057221055
1,-0.23773898,0.5687555
1,0.03263243,0.21610248
0,0.15490659,0.066232815
1,-0.44855416,-0.37227684
0,0.12937987,0.15789877
1,-0.0019369051,-0.20809682
1,-0.09373786,-0.19927467
0,-0.112349495,0.049999535
0,-0.15018076,0.09682449
1,0.23139882,-0.14210711
1,0.111637995,-0.07272105
1,-0.041099407,-0.123534724
1,0.13034567,-0.3211155
1,-0.18820055,-0.32857627
0,0.266149,0.020511046
0,-0.0063779056,0.037020236
0,-0.084582075,0.092812866
1,-0.1996056,-0.146549
1,-0.1606818,0.23528501
1,-0.32567394,0.1688314
0,-0.15808263,-0.0073222667
0,0.23479998,-0.061554
0,0.37368554,0.05108495
0,0.027576331,-0.02446954
0,-0.18926914,0.019058794
1,0.13456821,0.22811377
1,0.25309083,-0.09072684
0,0.32983267,0.19813593
0,-0.08879632,0.1049685
1,-0.005786188,0.40294975
0,0.3010729,0.021354504
0,-0.09877002,0.0957914
1,-0.088574454,-0.18694226
0,0.20180899,-0.030951634
1,0.13112515,-0.51422507
0,0.089205354,0.015288487
0,-0.25062963,-0.06351562
0,-0.055131435,0.070972145
1,0.09002355,0.28600338
0,0.07279827,-0.03736578
0,0.09376694,-0.15943633
0,-0.26610947,0.10763393
0,-0.12605602,0.19483042
1,-0.25637272,0.1333907
1,-0.3526707,-0.06242363
0,-0.08211227,0.10046807
0,0.044238213,0.024424262
0,-0.07279393,0.025356218
1,0.26389965,0.2560331
1,-0.005510211,-0.5711446
1,-0.19255453,-0.2930687
0,-0.088418454,0.1721411
1,0.401613,0.14835566
0,-0.058253676,-0.13686742
1,0.25884598,-0.07568614
1,0.024277914,0.14069414
1,-0.029451711,-0.21524592
0,0.15631738,-0.10734084
1,-0.32114768,-0.13021852
0,-0.07945763,-0.06455116
0,0.32664222,-0.038525388
1,0.19789153,0.036214203
0,-0.17825866,-0.1412731
0,-0.34700555,-0.0008724928
0,0.22753423,-0.052290097
1,0.012054849,-0.38259178
0,0.015893262,0.044422805
1,-0.08564696,0.18639287
0,-0.17668062,0.031048194
0,-0.10875018,0.011213735
0,0.10327166,-0.1369086
1,-0.12465526,-0.4356407
1,0.41367728,-0.08586764
0,0.18342197,-0.089092836
1,-0.029821672,0.26467985
0,0.11731529,0.02418863
1,0.115626186,0.37320516
0,-0.10488802,0.2318038
1,-0.061252777,-0.10531144
0,-0.1774233,0.028599963
1,0.017024755,0.061830312
0,-0.024947368,0.015593752
0,0.060146768,0.13907783
1,0.11850563,-0.39918816
1,0.10672316,0.13418171
0,-0.06460689,0.057579488
0,-0.15693234,-0.0939133
1,0.055219974,0.13133343
0,0.40195245,0.03068053
0,-0.03992687,0.040944964
0,0.09304787,0.18906856
1,-0.18912888,0.35733914
0,-0.27033007,0.18919575
1,0.45337197,-0.06538582
1,-0.54745644,0.27588844
1,-0.021526497,-0.10445313
0,0.014606886,0.16288249
0,-0.22483796,0.057563856
0,-0.06864582,0.19255176
1,-0.10707328,0.18206695
1,0.091747046,0.4230414
0,0.32804587,0.35049486
1,-0.3868184,-0.28433323
0,0.028911266,-0.032201618
0,0.25017598,0.043847278
0,-0.12246896,0.01519613
0,-0.061920665,0.13893367
0,0.052773137,0.06715963
1,0.13025543,0.0021510273
0,-0.1585182,-0.1609224
0,-0.020563578,0.10193211
1,0.29976445,0.121375546
1,-0.29060882,0.11907137
0,-0.017599374,0.102459654
0,-0.011440238,0.15239137
0,-0.27522233,-0.16784103
1,-0.17679065,-0.18848662
1,-0.13880336,-0.3834887
1,-0.19805402,-0.024871513
0,-0.056826033,0.04238975
1,-0.14857861,-0.07110138
1,-0.010988738,-0.33585787
1,-0.13213722,-0.1562437
1,-0.121451125,-0.0067867786
0,0.08263266,0.074960485
0,-0.1028921,0.25799656
1,-0.20316856,0.21282059
1,-0.23558843,-0.36936438
0,0.009301703,0.11214022
1,0.23050785,0.38605177
1,-0.33828884,-0.070787504
0,0.10376643,-0.041364267
1,0.4129418,-0.13902782
1,0.23191392,-0.13472362
1,0.011518098,-0.25234652
0,0.2284053,0.21238594
1,0.14989108,0.23986007
0,-0.17676209,-0.13298918
0,0.072689846,-0.1398379
1,-0.35575706,0.21459341
0,0.090960875,-0.004016325
1,0.18980038,-0.36890602
0,0.27393228,-0.05199583
1,-0.27422735,-0.27858347
0,-0.01552931,0.0036597103
1,0.24235314,0.069484025
1,-0.46275958,0.12165785
0,0.27411824,-0.00088332593
1,-0.34439832,-0.10489112
1,-0.043825462,0.056521416
1,-0.25181314,-0.12819757
1,-0.31285274,-0.1097049
0,0.24088266,0.023966655
1,0.044855405,0.0036365092
0,0.06888312,0.19353516
1,0.15758961,0.28464612
1,0.026707314,0.20976697
1,0.015047897,0.12627913
1,0.43433416,0.100684375
0,-0.07745018,0.10366026
1,0.11486086,0.021147177
0,0.20318398,-0.1415443
1,0.13017932,-0.074738964
0,-0.030844724,0.045481846
1,0.391518,0.34741533
1,0.10203177,-0.32942116
1,-0.19280772,-0.0748253
0,-0.038436282,-0.29795575
1,-0.15255927,0.12718934
0,-0.01117285,-0.13472544
0,0.28898388,0.19580498
0,-0.05459678,-0.038919464
1,0.18271452,0.083877414
0,0.21643305,0.051502533
1,0.126668,-0.007201314
0,-0.06844342,0.11769365
1,-0.23264796,-0.29542792
1,0.48743796,0.09319545
1,-0.2207384,0.4412095
0,-0.16433479,-0.06975855
1,0.15777265,0.2448277
1,-0.036523536,0.10651132
1,-0.4651462,0.42817217
0,0.36725286,-0.14624365
1,-0.0687367,-0.16718842
0,-0.24622625,0.07675427
0,-0.0940671,0.08776997
0,-0.0036540478,-0.01245667
1,0.115614966,-0.17786975
1,0.08734693,0.03519856
1,-0.22720948,-0.36763203
1,-0.056050867,0.12457681
0,-0.028873947,0.070837855
0,-0.37052506,0.05145517
0,0.021233492,0.07719095
0,-0.010283146,0.017594308
1,-0.031694584,0.17337832
1,0.11108802,-0.15867783
0,-0.09674165,0.124665536
1,-0.016025346,-0.08829059
0,0.0035164766,-0.31891966
0,0.10932173,0.19262026
0,-0.11112034,-0.13653637
0,-0.06816437,0.12689526
0,0.03952563,0.07542362
0,-0.2623669,0.020568892
1,-0.2703486,-0.39928484
1,-0.053037457,0.4591828
1,-0.20412098,0.15958048
1,0.2871317,0.028775826
1,-0.21335983,-0.028895393
1,-0.28523403,0.028336674
0,0.38435325,-0.28787535
1,-0.2605541,-0.26565206
0,0.1621618,0.049119398
0,0.11722401,0.1352762
1,-0.29206547,-0.05565773
0,-0.01967673,-0.21074088
1,0.048784945,-0.08849715
1,0.3214386,-0.103765264
1,0.08193165,0.117149085
0,0.11819555,0.09676608
0,0.10879406,0.17329231
0,-0.26408318,0.13647318
0,-0.16797653,0.2197633
1,-0.051312815,0.1919923
1,-0.095045984,-0.033787504
1,0.29304212,-0.27722526
1,-0.105938315,-0.05364509
0,0.11126752,-0.093150124
0,0.12313156,-0.05879177
1,-0.12951985,-0.11314212
1,-0.19483277,0.13298589
0,0.088673756,0.0010718554
0,-0.07130213,0.018124446
1,0.18648458,0.44835067
0,-0.04751125,-0.08550142
1,-0.28759453,0.23298073
1,0.20036566,-0.06481601
1,-0.0112018995,-0.0017902702
1,0.19608152,-0.02854301
1,0.15163523,-0.0055389255
1,0.13777798,-0.0059138834
0,-0.45048028,-0.107873335
0,-0.25766206,0.09641723
0,0.07790966,0.048855826
0,0.10786854,0.011693634
1,-0.3126749,-0.25513023
0,-0.31397173,-0.04551658
1,0.3413024,-0.00046423078
0,-0.0908134,-0.056737557
1,0.1253304,0.12227359
1,0.08536416,-0.43381846
1,-0.31847015,-0.120967224
0,-0.013506435,-0.006425619
0,-0.21167949,0.23299041
0,0.07952629,0.086127356
0,0.07755296,0.076096416
1,-0.04704535,-0.4786079
0,0.06268811,-0.0023202747
1,0.34317303,0.019738115
0,-0.017614434,0.08079628
1,-0.41745657,0.028883845
0,0.08814973,-0.061052725
0,-0.050010126,0.11589476
1,0.24325237,0.12356463
1,0.29856497,0.035183854
1,-0.15198262,0.047255352
1,0.15459323,-0.07680912
1,0.06579694,0.35403422
0,-0.16049871,-0.1536581
0,-0.11081734,0.026024781
0,0.28616363,0.053504758
1,-0.30075586,-0.063237265
1,0.26736516,0.35381347
1,-0.23640785,-0.27589256
0,-0.1033795,0.09548904
0,0.11076559,0.2231989
1,-0.3175586,0.13982236
0,-0.052438676,-0.14675869
0,0.23789692,0.022314705
1,0.2583808,-0.0067171752
0,0.018916976,-0.18556143
1,0.22716814,0.023541689
0,-0.11571556,0.059715666
0,0.04659638,-0.020399258
0,-0.021514077,-0.06871611
0,-0.019563884,0.045818023
0,-0.19131553,-0.0013012588
0,0.12755051,0.08323997
0,-0.47911137,-0.1434889
1,-0.10401788,-0.2016163
1,0.17318353,0.29717246
1,-0.3699863,-0.20746742
1,-0.01251162,-0.1343913
0,0.02252664,0.026660725
1,-0.008953601,0.011962369
0,0.01353889,-0.0012094378
1,0.07236551,-0.11086318
0,-0.117192686,-0.06519279
1,0.013214648,-0.080505624
1,-0.04669347,-0.10465883
0,-0.11232166,0.27656502
0,-0.017329913,0.05529788
0,-0.27827883,-0.014674872
0,0.2574754,0.0029211193
1,0.10688931,0.34344453
1,-0.1797605,0.17121406
0,0.032120984,-0.042801663
0,0.093887165,-0.15986146
1,-0.1681942,0.099222735
0,0.08802888,-0.04076232
1,0.3132741,0.4854055
0,-0.1135048,-0.2713892
1,0.08692405,-0.39448225
0,0.02939545,0.07444562
1,0.16354533,-0.11837031
1,-0.10311741,-0.28336996
0,0.036453445,0.141451
0,-0.035307337,0.01813364
0,0.19931193,0.082997866
1,-0.102708414,0.10715573
0,-0.20618206,0.24248156
1,-0.20690997,-0.08898944
0,-0.24017668,-0.025851026
0,-0.32903308,0.25331104
0,0.06360741,0.08129235
1,0.016750224,-0.3616504
1,-0.033744644,0.3337568
0,0.052420486,0.0075437278
1,-0.30956593,0.21023299
0,0.19528602,0.010715924
1,0.20322914,-0.3284183
1,0.039830666,-0.5026045
1,-0.049529184,-0.19729035
1,-0.2999537,0.17123215
1,-0.17399344,0.053972907
1,-0.044830725,-0.15973134
0,0.0035878494,-0.027674362
1,-0.25816345,0.116468415
0,-0.23507789,-0.027474746
1,-0.03184415,0.089975774
0,-0.31405923,0.4554882
0,-0.1901955,0.29470122
0,-0.19029638,-0.02633603
1,-0.1286766,0.43175483
0,0.20174384,-0.058093324
0,-0.22423548,0.17264658
0,0.1342905,-0.11435412
1,0.08401637,-0.05640401
1,-0.3467173,0.12907478
0,0.11187883,0.052293845
1,-0.1095061,-0.22952189
0,-0.24766928,-0.0023729503
1,-0.07810487,-0.18942867
0,-0.025968842,0.017929286
0,0.06688063,0.09186061
0,-0.1484117,-0.20222302
0,-0.17631489,-0.06320508
0,-0.15099521,-0.018274024
0,0.24585098,0.1584764
0,0.07177001,0.110208236
1,0.13829315,-0.0406117
0,0.12937169,0.051321507
0,-0.13554302,-0.11551796
0,-0.1180803,0.020983733
0,0.07772663,-0.042176113
1,-0.47517344,0.39786196
0,-0.020045092,-0.19832651
0,0.16570476,0.05613772
1,0.027109921,-0.047470257
0,-0.06454234,-0.023896083
0,0.33124942,-0.09359218
1,-0.029328197,-0.008674011
1,-0.16183718,0.041664384
0,0.078659266,-0.00874491
0,0.20689131,0.05040165
1,-0.10105336,-0.54084605
0,0.12303561,0.0021628886
0,0.3481369,0.13895372
0,-0.16733904,-0.11776413
0,-0.14295907,-0.055943653
1,-0.27769285,0.10675304
1,-0.1576919,-0.309586
1,0.118540555,-0.042847663
0,-0.06753007,-0.02198641
1,-0.32339573,0.10913971
0,0.053964574,-0.03753321
1,0.14970204,0.013220027
0,0.030983452,-0.5811686
0,0.25187343,0.014851913
0,0.25024223,0.058338262
1,0.2877614,0.1921988
1,-0.028103437,0.054455414
1,-0.016609207,0.15704307
0,0.36582983,-0.052464828
1,-0.14673176,0.44866627
1,-0.05678397,0.2685976
1,-0.12461014,0.20222776
0,-0.026613856,-0.0047325343
0,0.23061287,-0.064851135
0,-0.13408035,-0.105644
1,0.040607657,-0.07448965
0,-0.17369843,0.03925144
0,-0.07327323,0.027492896
0,-0.1408554,-0.21984042
0,-0.13838196,0.06854666
0,-0.15016775,0.01585628
1,-0.4240961,0.09952173
0,-0.22237511,-0.0865331
1,-0.24087845,0.16113967
1,0.13197786,0.4743631
0,-0.04230578,-0.044284716
0,0.2357623,-0.192183
0,0.09585753,-0.10817602
0,-0.38213485,-0.35500574
0,-0.21675591,0.23182447
0,-0.1282701,-0.046312347
0,-0.3254439,-0.25567544
1,-0.1840404,-0.13908245
1,-0.3725145,0.17711587
1,-0.18351871,0.034497872
0,0.20479926,0.055367544
0,-0.12892342,0.21503994
1,-0.2402183,-0.014708221
1,-0.21194012,-0.25138324
0,-0.08837948,0.09574744
1,-0.22261354,0.11953438
1,0.046157356,0.096710935
0,-0.07340927,0.056709655
1,-0.14407112,-0.013724759
0,-0.010233082,-0.070509404
0,0.18767011,-0.025922254
1,0.09442213,0.23670007
1,-0.17940517,0.16875136
1,-0.28406355,-0.10595892
0,-0.105999336,-0.04073538
0,0.167236,-0.08768043
0,0.35762346,-0.00078363717
0,-0.15080087,0.10507077
1,-0.27007446,0.061089456
0,-0.04912263,0.12485267
0,-0.33486977,0.0332866
1,0.12711439,-0.11975758
0,-0.17129223,0.22105177
0,0.07267964,0.007389784
0,0.0056246147,0.035533153
0,-0.22549711,0.06635046
0,0.3359778,0.18140715
1,0.21581927,-0.26443952
1,-0.0323337,0.1718013
1,-0.017288338,-0.17289735
1,-0.3793462,-0.45410872
0,0.17241716,-0.494219
0,0.0777933,0.06314945
0,-0.34042493,0.11695509
1,-0.25309178,0.12063531
0,-0.19605425,0.28565502
0,0.17247398,0.24205068
0,0.15398303,-0.05805324
0,-0.25745523,-0.15077598
0,-0.123196915,-0.04965584
0,0.12941286,0.16581693
1,0.080246836,-0.108630195
1,0.0196549,-0.20212425
0,-0.24640098,-0.23028536
0,0.4353317,-0.03878534
0,0.12150459,0.10363732
1,0.23647282,0.6564383
0,-0.054008976,0.1860033
0,-0.13033089,-0.046129882
0,-0.20987393,0.10132652
1,-0.28678784,-0.072723806
1,-0.6125741,0.12581103
0,0.06863105,0.006314948
0,-0.41700202,-0.046202585
1,-0.17293674,0.042575866
1,0.3071816,-0.0022556186
1,0.20200475,0.54791814
0,-0.06338185,0.0025779307
0,-0.07507391,-0.043660954
0,-0.011732735,0.076655835
0,-0.11503798,0.11599322
0,-0.31205198,-0.008746222
1,-0.03780361,0.04576759
1,-0.07399267,-0.15360923
1,-0.4767795,-0.0356618
0,0.022316243,-0.03658603
1,0.05685084,-0.22407033
0,0.08362314,-0.0072070807
0,0.02753783,0.16890298
1,0.5428454,0.1157869
1,-0.07761288,0.42994744
1,0.2516405,0.15461665
0,0.21986192,-0.1484151
1,0.09757705,-0.0119445175
1,-0.3602836,0.46115416
1,-0.118323356,-0.049565688
0,-0.004634507,0.18331474
0,-0.11435342,0.10477156
1,0.18587227,0.2457477
0,0.07588747,0.026841328
0,0.018362753,0.18048465
0,-0.046595305,0.06825801
0,0.12896413,0.16331416
0,-0.20560779,-0.07906146
1,-0.10030779,0.025332257
1,0.0155669935,0.2927307
0,-0.16896574,-0.3639475
0,-0.14933977,-0.05823627
0,-0.16392402,-0.16584899
1,-0.1803096,-0.23757948
0,-0.09280816,0.27405578
0,0.0010974444,0.17705286
1,-0.1597455,-0.19703592
0,0.20382789,-0.16000758
1,0.25799567,0.07362233
0,0.1029014,0.07194221
0,0.07714018,0.114001855
1,0.16543597,-0.0658256
1,-0.099719584,0.1557154
1,0.6430346,0.38145268
0,-0.052982237,0.033844754
1,0.3459367,0.07845376
1,0.14117543,0.055794775
1,-0.032781143,-0.22786157
0,0.04789764,0.19583544
1,-0.21186125,0.040720493
0,-0.02820781,-0.0140039325
0,0.36981705,-0.033128932
1,-0.20429665,-0.46967185
0,0.007666368,-0.0067865103
0,-0.08058962,0.11771576
0,-0.0286585,0.15595546
0,0.043552373,-0.16040067
1,0.1131957,0.10859222
0,-0.14380819,0.033522084
1,0.2966263,-0.056357548
1,0.27468663,-0.2751972
1,0.5184696,0.0019116402
0,0.0900055,0.11495297
0,0.021081481,0.18950126
1,0.014298275,0.24649204
0,-0.07055274,0.054119006
1,-0.2915565,0.2538145
0,-0.23587342,0.2211115
1,-0.5206011,0.27809858
0,-0.099527046,-0.100567475
0,-0.015311591,-0.18828715
0,0.24146813,0.20804697
0,0.31679302,-0.08021821
1,-0.3031292,-0.18815322
0,-0.10089049,-0.04859291
0,0.18450218,-0.054437116
1,-0.018463057,0.39350402
0,-0.13136105,0.09374272
0,0.13816819,8.274615e-05
1,-0.10623324,0.20177568
1,0.13771257,-0.053407073
1,0.16866523,0.024399444
0,-0.19890007,-0.021701172
1,-0.1371394,-0.25184184
1,-0.06933972,0.7034777
0,0.29420698,-0.12802
0,-0.1353697,0.033007033
0,-0.12364453,0.11231178
1,0.057776798,0.060152084
0,0.24542028,0.0770634
0,0.29579443,0.0062930584
1,0.05897473,0.33991677
1,-0.11039364,-0.067351714
0,0.024567544,0.12985012
1,0.26226214,0.657792
1,-0.041340988,-0.020603716
1,0.06685364,0.07073644
0,0.33181024,-0.050575957
1,0.09239508,0.19747566
0,-0.030639218,0.15977342
0,0.040814597,0.2058912
1,0.13259879,0.07501384
0,-0.031578682,-0.2199883
0,0.19165,-0.07220368
0,-0.0070277806,0.07255373
0,0.108232826,0.06409907
0,-0.17752323,-0.036361665
1,0.31360736,-0.053359687
0,-0.10611059,-0.12395193
1,0.28709453,-0.33483183
1,0.32788923,0.1330976
0,-0.13339303,0.03748025
1,0.025682684,-0.22716592
1,-0.065696195,0.2289676
0,0.15514003,-0.04488966
1,0.26579383,-0.23203294
1,-0.30968314,0.48210114
0,0.26648912,0.032033697
1,0.1698052,0.17172122
0,-0.11802153,-0.083754286
0,0.08874892,-0.2017981
1,-0.1921258,-0.19992043
0,-0.37743115,0.24663791
1,0.6352087,0.19704318
0,-0.034919042,0.030308172
0,0.19089097,-0.110460594
1,0.1727468,0.034008354
0,-0.1509346,0.14046285
0,-0.124919,0.13418163
1,0.11780958,-0.11528878
1,0.27297264,0.04082472
1,-0.26998463,-0.013925672
1,0.011305656,0.016179591
0,-0.015153274,0.054241434
0,0.022093918,-1.5676022e-05
0,-0.20911512,-0.0063989013
0,-0.16041647,0.06950557
1,0.17566465,-0.039521977
0,0.114244655,0.02360741
1,-0.11341697,-0.110916555
1,-0.33916602,-0.05309099
0,-0.014025021,0.052193016
1,-0.083277084,0.3420012
1,0.0065956637,-0.13309313
0,-0.027148444,-0.15329887
0,-0.4116696,-0.04602875
1,0.17221466,0.13172016
1,-0.30564174,-0.015070841
0,0.027379353,-0.029189691
0,-0.15166694,0.15251945
1,-0.09060874,-0.12723692
1,0.17342605,0.25414723
0,0.18880834,0.03418736
1,0.07909167,-0.19356845
0,-0.07089558,0.14773817
0,0.29306608,0.17032786
0,-0.27103087,-0.25573015
1,0.015211221,-0.0069063604
1,0.1658957,0.17791602
0,-0.17144401,-0.046120346
1,-0.23791021,0.0923691
0,0.18129663,0.077812284
1,0.037715185,-0.33462662
1,0.121860534,-0.22645624
1,-0.22127193,-0.15117379
1,0.126398,0.5247268
1,-0.09519026,-0.0808229
0,0.16915992,0.07100565
0,-0.0051942356,-0.108172596
1,0.20654058,0.24720356
1,-0.4456653,0.19365978
1,-0.29735386,0.15058488
1,-0.30949205,0.49660504
0,-0.07482837,0.015555486
1,0.12384902,-0.19385262
0,0.29356033,0.11216094
0,0.25309247,0.19294107
1,-0.047798328,0.010851182
0,-0.014929093,-0.03370616
0,-0.23012888,0.09749896
0,-0.039251026,0.0050680637
1,-0.10068616,0.17913535
1,-0.056338366,0.5233516
0,-0.096714824,0.08391214
0,0.10959029,0.094686605
0,0.039871145,-0.016367868
1,-0.051797226,-0.08739202
0,-0.06609903,-0.024855912
1,0.2778638,-0.10957529
1,0.04890478,0.091212116
0,0.23853815,-0.051320314
0,-0.13548903,0.033349454
0,-0.19933698,0.030109346
1,-0.037373114,-0.19366421
1,-0.38228318,-0.02616088
0,-0.21786065,-0.17766555
0,-0.18496493,-0.04080884
1,0.12583333,0.30069667
1,-0.01858458,0.08126165
0,-0.2669394,0.0036576241
1,0.28263557,-0.31132233
1,-0.07631788,-0.23972525
1,-0.18231776,-0.06677829
0,-0.057439648,-0.009544149
0,-0.07477164,0.016778566
1,-0.21893895,-0.37977517
0,0.1890463,-0.041670382
0,0.11924194,0.08328275
1,-0.14335547,0.020111173
1,-0.31863979,0.20423332
1,0.013074659,0.29150996
1,-0.1185136,0.41033107
0,0.012337882,0.020190835
0,0.14534399,0.12463096
1,-0.19558871,-0.04269409
0,0.023519807,-0.059941277
1,0.15304317,0.037691057
1,-0.11406298,-0.01478675
0,0.28429148,-0.15573208
0,-0.34358066,0.19169131
1,-0.2180003,-0.18117206
0,0.24630827,0.2597788
0,0.067240894,0.03327541
0,-0.1269044,0.018678859
0,0.0070621036,0.19734657
1,-0.29589114,0.22219534
1,-0.20356938,-0.37855983
0,0.092321485,-0.00033654273
1,-0.020569157,-0.14224716
0,-0.059844434,-0.044426277
1,0.17034833,-0.22481464
1,0.065073416,-0.006133899
1,-0.01393793,-0.081539616
0,-0.020513631,0.020462796
0,0.4263728,-0.045180514
1,0.13209778,0.084915385
1,0.22145039,0.14298007
0,-0.18611774,-0.028752983
0,0.05799095,0.0660696
1,0.015458312,0.17687422
0,0.19569388,0.083697796
0,-0.05995448,-0.0070074648
1,-0.13235661,0.05997745
0,-0.059643485,0.26563227
1,0.16651002,0.06322493
1,-0.046852548,-0.37784564
1,-0.20261785,-0.10443835
1,0.34219867,0.16071603
0,0.10673474,-0.065606594
1,0.2592011,-0.12355484
0,-0.12229039,0.08959843
1,-0.034552217,0.091909334
0,-0.043578878,0.015097715
1,-0.3685283,-0.019060537
1,0.055255916,-0.009137765
0,-0.18870628,-0.09047069
0,0.003362272,-0.12162374
0,0.18215472,0.10490734
1,-0.03244267,-0.2917918
1,0.14643049,-0.38607204
0,0.2458916,0.06402242
1,-0.14526594,0.003707245
0,-0.25030264,-0.21188952
1,-0.058993008,-0.053081214
1,0.080893174,0.16221562
0,-0.003299456,-0.08557238
0,-0.23301716,0.07242686
1,0.17554162,0.018782176
0,0.12771419,0.0039812922
0,0.075904086,0.11370668
1,-0.04776275,-0.31568962
1,0.1386455,-0.11784579
1,0.61070895,-0.21864216
1,0.49852467,-0.034759358
0,-0.17207426,-0.036169127
1,0.30852512,-0.061844394
1,-0.050843,0.29953212
1,-0.21981971,-0.19351734
0,0.23440391,-0.11141294
1,-0.15106297,-0.23267804
0,0.09840694,-0.047480226
0,0.098571226,0.040639393
1,-0.1389528,0.46903247
0,-0.22823371,-0.006389484
0,-0.23078644,0.21786661
0,0.039723475,0.03679087
0,0.34571952,0.015133053
0,0.013903271,0.07893674
0,0.34930468,-0.058507442
1,0.02687503,-0.22271304
1,0.00090742856,-0.48137432
0,0.30148888,0.06075927
1,-0.4475115,0.38218305
1,-0.20477955,0.046844035
1,0.08256683,-0.12884615
0,0.28293917,-0.04911092
1,0.07235129,-0.11627431
0,-0.10111463,-0.005770892
1,0.29075104,-0.17796038
1,-0.0006392561,-0.02421847
1,0.022469345,0.22847793
0,-0.11798844,-0.13232432
0,0.034417484,-0.055497095
1,-0.004039839,-0.12742423
1,0.04879125,0.4181642
1,-0.23900847,0.19766304
0,-0.19139302,0.16574149
1,0.088801,-0.44960284
0,-0.24305135,-0.15863897
1,0.15375084,-0.18216078
1,-0.3583,-0.074711114
1,0.070342824,-0.3261255
0,0.17118469,0.13922472
1,-0.0055857003,0.26933044
0,-0.051274505,0.06299558
0,-0.108326554,0.132685
1,-0.07101761,-0.48796576
1,0.12708731,0.045116425
1,0.012976009,-0.07140522
1,0.057424907,-0.10335778
0,-0.026277881,-0.277457
0,-0.11554609,-0.13531862
1,0.11518592,-0.33898216
1,-0.34619617,-0.33121514
0,-0.12048401,-0.02399233
0,0.122071326,0.109614596
0,0.12183297,-0.090624884
0,0.119495064,0.05668538
0,0.393161,0.016013674
1,-0.0405514,-0.07692589
1,-0.18307629,-0.12067656
0,0.13447168,0.1446662
1,0.13849361,-0.049858257
0,0.3043178,0.049303412
1,0.1573018,0.05347988
0,0.102381825,-0.31660002
0,-0.4040347,-0.03127171
1,-0.48164305,0.36822903
0,-0.15701844,0.13964927
0,-0.07710005,0.02980227
0,0.1838161,0.07825354
1,-0.08840795,0.06342984
1,0.088533446,0.0644515
1,0.02162889,0.048814096
1,-0.035119258,-0.21504809
0,-0.26933143,0.13276881
0,-0.07243003,0.05559002
0,-0.20794311,0.08610949
0,-0.058019944,-0.021486238
0,0.4405043,0.1514473
1,0.119232625,0.32923692
1,-0.2956118,0.015542552
0,-0.05783441,0.08336933
0,0.2201891,0.09040357
1,-0.0236569,-0.22239603
1,0.22605097,-0.08803968
1,-0.34423155,0.0806146
0,0.11071688,-0.06676859
1,0.13299134,-0.47332
1,-0.09599245,-0.25536215
1,-0.2561416,-0.1976585
1,0.044133466,0.09978022
0,0.067868754,0.09650415
0,0.054708656,0.033247396
1,0.19800362,-0.4361514
0,0.28121483,0.030406758
1,-0.040603213,0.113121495
0,-0.2715496,-0.08483969
0,0.16947876,0.10704416
1,0.19622254,0.10929534
0,0.1162442,-0.01774396
1,0.22201282,-0.44452512
1,-0.12747018,-0.0746346
0,-0.011272406,0.023847356
0,-0.03388206,0.16610962
1,0.10187633,-0.009640619
0,-0.065533765,-0.15054776
0,-0.07448265,0.03282845
0,0.17396039,-0.27773428
1,0.10053058,-0.2284443
0,-0.036813106,0.003093794
0,-0.13761824,0.06721484
0,-0.083322465,0.073029175
1,-0.023271281,-0.32410055
1,-0.08723751,-0.015761063
1,0.15359671,0.4287449
0,0.19621849,0.074936576
0,0.017943751,0.16822354
0,-0.09275417,0.051298387
0,0.038150672,0.18880697
1,0.00805578,-0.037406877
1,-0.40586525,-0.020093516
1,0.049636077,-0.08262427
0,0.00714913,0.076135576
1,-0.34488025,0.33231118
0,-0.41931647,-0.14485092
1,0.022477224,-0.03216803
1,-0.12898529,-0.4572134
1,0.25654387,0.12468648
1,-0.06627813,-0.06658007
0,0.1719419,0.064422086
0,0.3720342,0.19784647
0,-0.19333726,-0.095650494
1,0.17642704,0.15504667
1,0.004982099,-0.33982855
1,-0.12087239,-0.10913144
1,-0.14446299,-0.20579724
1,0.046331663,0.40711063
0,-0.19990578,0.0014897287
1,-0.119268045,0.10088938
1,0.13453223,-0.055828914
0,0.30509943,0.15979514
0,-0.06863845,-0.03912227
1,-0.11557582,-0.2446505
1,0.0658018,-0.23953219
1,0.0966105,-0.0969633
0,-0.24356079,-0.27370435
1,0.37480754,0.27071327
0,-0.111716464,-0.29973716
1,0.31099582,-0.14139931
1,-0.03614397,-0.023993775
1,-0.14400373,-0.3468424
1,-0.11995208,-0.14409633
1,0.10168181,-0.035080522
0,0.22901165,0.19829053
0,-0.16875708,-0.13040157
0,-0.28102598,-0.13687797
1,-0.1948246,0.19752836
1,0.008432541,0.093300045
0,0.1981321,-0.06838828
0,0.19866344,-0.112037376
0,0.16265842,-0.018150702
0,-0.2977005,-0.2044589
1,0.03961687,0.06621151
1,-0.22657025,0.41313124
0,-0.00882538,0.04393079
1,-0.1481158,0.073318765
1,0.13792169,0.1181065
1,0.13131064,-0.021081045
0,0.19202256,0.019820452
1,-0.15083626,0.45771158
0,-0.01001462,0.0893954
0,0.32266963,0.026166178
0,-0.21304777,0.011889622
1,0.23480201,0.15253456
1,0.43392718,-0.12533768
1,0.072721794,-0.10031362
1,-0.05289359,-0.15584184
0,0.066946015,-0.07295762
1,-0.18571994,-0.25223738
0,-0.020542953,0.016528934
1,0.11827633,0.023406923
0,0.49417567,0.02692274
0,0.048877645,0.10867445
1,-0.07196726,-0.31374472
1,-0.097472265,-0.31425148
0,0.08697812,0.17784011
1,-0.06884788,-0.05067037
1,0.06519961,-0.18909357
0,-0.30823195,-0.25386506
0,-0.24315748,0.1327664
1,0.27059948,0.40197408
0,0.09508166,0.07437217
0,-0.0813015,0.16624749
1,-0.19421391,-0.16817863
0,0.074987456,0.0301487
0,-0.03206354,0.1753791
0,0.26044852,0.0009369701
1,0.024377998,-0.24111696
0,-0.05902084,0.18827608
1,-0.112550125,0.048796788
0,-0.11346085,0.010247193
0,-0.08677736,-0.089148596
0,0.12964141,0.08615786
1,-0.115472555,0.16671558
1,-0.072764516,0.021307439
1,0.30010784,-0.07093787
1,0.09755726,0.033454955
1,-0.3127076,-0.050523654
0,0.19255322,0.15958683
0,0.0985342,0.0893761
0,-0.062165447,0.14131714
0,-0.07475613,-0.12349789
1,-0.066904694,-0.055928633
0,0.272818,0.10622465
1,-0.1223508,0.07574639
0,0.2049995,0.12193573
1,-0.024115693,-0.120094076
0,0.23216927,-0.03397791
1,0.2573403,-0.15534319
1,-0.28288156,-0.30790877
0,0.052329678,0.017022014
1,-0.18127674,-0.07545622
1,-0.24148694,-0.16563375
0,-0.14065689,-0.16381426
0,-0.4732123,0.058119565
1,0.23608702,-0.1492
1,0.26011294,0.04986684
0,-0.105388954,-0.071537554
1,0.25274926,0.004279062
0,-0.09366214,0.037138745
1,-0.09241453,-0.2761268
1,0.36680663,0.043156683
1,-0.31078976,0.017491855
0,0.4101994,0.008678421
0,-0.101367995,0.1205684
1,-0.18107563,-0.059590533
0,-0.114111185,-0.326541
1,-0.40490305,0.43012547
1,-0.22445773,-0.38962048
0,0.07221678,0.020214416
0,-0.13208899,0.04135406
1,-0.07374787,-0.02506034
0,0.30767268,0.07782602
1,-0.02550402,0.21651217
0,0.214714,0.14824347
0,0.13573599,-0.25151205
0,-0.13808276,-0.05424811
0,0.13745314,0.06412781
0,-0.036157854,0.09967388
1,0.19684185,-0.09620561
1,-0.50509566,0.0007812977
0,-0.12068017,0.03239587
1,-0.10215631,-0.26704305
0,-0.30420974,-0.24328347
1,0.1616302,0.35795408
1,-0.13626306,0.12848496
1,0.19025722,0.09726744
1,0.090936214,-0.2337539
1,-0.405089,0.3209089
0,0.20557268,-0.079371676
1,0.103380546,0.20307484
0,0.044714097,0.05189024
0,-0.034889102,0.21703683
0,0.010068186,0.03839636
0,0.28758672,-0.114542454
0,0.08952893,-0.11940192
0,0.20571595,-0.016421989
0,-0.21055591,-0.03206812
1,0.46753943,-0.29249662
1,-0.2738156,0.3380617
1,0.024685703,0.21473528
1,0.2390241,0.08052268
1,-0.31130886,-0.2947232
0,0.13557535,-0.06987177
1,0.09635857,0.14220425
1,-0.13828392,-0.22212581
0,0.27437735,-0.20378862
0,0.08327094,0.045959324
0,0.2662795,0.24271983
0,0.30715245,-0.06650688
0,-0.2566312,-0.23185797
1,-0.11173898,0.033932805
1,-0.2669091,-0.07812284
1,-0.053958125,-0.20576493
1,0.20207787,-0.25864482
1,0.031738166,-0.14993824
0,-0.35041147,0.07154999
0,0.24316844,0.09832292
0,0.031828526,-0.0065761358
0,-0.05041935,-0.0022544414
0,0.12972999,0.060816005
1,-0.037496805,-0.19795252
0,-0.48102278,-0.012107804
1,-0.19858328,-0.22655536
0,-0.34861416,-0.19354387
0,-0.13597354,0.093581736
0,-0.032626543,-0.07396816
0,-0.07853338,-0.19381084
1,-0.0058447085,-0.17834668
1,0.007758241,-0.21617995
0,-0.08655369,0.087471575
1,-0.4003757,-0.22755863
1,-0.17459306,0.3184296
0,-0.23964097,-0.06760864
1,0.27916762,0.35793656
0,-0.14994678,0.100467786
0,0.24302787,0.12708361
0,-0.101142585,0.08328952
0,-0.17580341,-0.023710415
1,-0.11730613,0.01089412
0,-0.18908072,0.011769608
0,0.12399238,0.15464555
0,-0.08475405,0.1122624
0,-0.031492427,-0.20279698
0,-0.19860388,-0.013049722
0,0.02456649,-0.07213314
1,0.32195967,-0.5131357
1,0.12939082,0.11878532
1,-0.020372272,0.04914999
0,-0.19057053,-0.16759075
0,0.28991073,0.14785823
1,0.2607849,-0.10992348
0,0.3465279,0.17829631
1,0.04933921,-0.09167789
0,0.16047108,-0.19460674
1,-0.0028222352,-0.16212334
1,-0.11007097,-0.26316643
0,-0.25688034,-0.19434531
1,-0.24964629,-0.23190545
1,0.4208696,-0.024526894
1,-0.2526321,-0.07656227
1,-0.12211323,0.040487155
1,-0.18314667,-0.017955378
0,0.1060102,-0.06641723
0,0.023042765,-0.19466318
0,0.15903237,-0.021180883
0,-0.15632783,0.041248262
1,-0.06507535,-0.17775531
1,0.353331,-0.07514261
1,-0.05608339,0.20417938
1,0.0322158,-0.29429966
0,-0.015473526,0.14508809
1,-0.019685173,0.17880042
0,0.17389578,-0.3186797
0,0.034729633,0.21139434
1,-0.22550705,-0.17711942
0,0.08685887,0.08750634
1,-0.10129815,-0.23232539
1,-0.116971985,0.09324209
0,0.16646099,-0.031296805
1,-0.25360098,0.07608453
1,-0.16936624,-0.07817073
0,-0.08310017,0.06690891
1,-0.12593396,0.01499939
1,-0.22250924,0.28892606
0,-0.0711338,-0.024751201
1,0.1576741,0.0376859
0,-0.20854886,0.19359937
1,-0.08425144,0.27999413
1,0.20060354,0.2413758
1,0.28368706,0.1659684
0,0.19300103,-0.07377149
1,-0.0075254794,-0.45550793
1,0.28150702,-0.15876482
0,0.15073779,-0.0748633
1,0.25980806,-0.32636422
0,-0.027981877,0.06254551
0,0.16897029,-0.00017799437
1,-0.14518058,-0.3786857
1,0.023804575,0.5406646
0,0.06342368,-0.024146289
1,0.07320228,-0.05293663
1,0.27830434,0.35036874
0,0.018375862,0.038621657
1,-0.30508584,-0.16321601
1,0.1498648,0.016823553
0,-0.28534997,-0.24020697
0,0.15437126,-0.1432964
0,0.07454398,-0.05077721
1,-0.1320233,0.7252495
0,0.1865616,-0.12019892
0,0.38134378,0.11363469
1,-0.13295686,0.021291733
0,-0.08247311,-0.20603801
1,0.045396592,0.23173358
0,-0.04393231,0.01260376
1,-0.011019809,-0.46132052
1,-0.061178125,0.10657526
1,-0.13890986,0.27512288
1,-0.038574904,0.14562874
0,-0.06353262,-0.016917393
0,0.07190311,0.16919856
1,-0.015100138,-0.35761803
1,-0.08919267,-0.059995323
1,0.13258988,-0.27125198
0,-0.36769682,-0.16796263
0,0.30490628,0.033663243
1,0.4918781,0.22575983
1,0.17014314,-0.260922
1,-0.025581848,-0.39399254
1,0.026968628,-0.17343177
0,0.14539552,-0.051670015
1,-0.15652479,0.049965903
0,-0.03996262,0.06654076
0,0.119546905,0.14056754
0,0.09834622,0.142746
1,0.04463278,0.12005148
1,-0.0465622,0.16620576
1,0.32700172,0.1272533
1,-0.15284058,-0.3730414
1,0.08104354,0.12246492
1,0.235836,-0.28734684
1,0.13824141,-0.03517066
0,0.32913318,0.18263116
0,0.37637386,0.17846207
1,-0.098539904,0.00928507
0,-0.0780509,-0.081076264
0,-0.13500163,-0.40302438
0,0.094702214,-0.07570766
0,0.012630384,0.15969165
0,0.048105914,0.11355923
1,0.10821827,0.001313895
1,-0.20890552,0.1262228
1,0.18684103,-0.37290227
0,-0.119639665,0.07811825
1,0.328923,-0.061610416
0,-0.06942147,-0.22951122
0,-0.34374076,0.13993092
1,0.010130517,0.18815127
0,-0.047655445,0.041558236
1,-0.29650232,0.110863194
0,-0.02758452,-0.08467424
1,-0.12055223,0.068608336
1,-0.21766926,-0.22896771
0,-0.15377906,0.1562876
0,-0.101478264,-0.026765183
1,-0.30165377,0.16089995
1,0.17390352,-0.20483513
0,-0.10844478,0.059044525
1,-0.08179301,0.16868433
0,0.061088514,0.015960544
1,-0.3395074,0.5659572
0,0.070901036,-0.5234432
0,0.38680798,-0.10608028
0,-0.08312678,-0.03326933
1,0.032031525,0.2037923
1,0.2200022,0.09521885
1,0.18188596,0.20027554
1,-0.28977174,0.14036226
1,0.2014131,0.21377447
0,-0.34647834,0.10356629
0,0.14477766,0.009513713
1,-0.09922503,-0.11510803
1,0.37108183,0.062962964
0,0.11547041,0.019538768
1,-0.10912086,-0.1032681
1,0.22150409,-0.41756183
1,-0.20468974,-0.06459312
0,-0.2832595,0.026843466
0,-0.04323362,0.013216712
1,-0.5171792,0.022319049
1,0.09928687,-0.014274314
0,-0.022349924,0.11206269
1,0.08047445,0.03485343
1,-0.13883288,-0.16955121
0,-0.26398733,-0.006603807
1,0.39401597,0.107331455
1,-0.33158827,0.42067647
1,0.22592783,-0.26839846
1,0.37492764,0.072892755
0,-0.08584359,-0.021135315
0,-0.104663596,-0.025960341
1,-0.27351868,0.37803265
0,-0.25742957,-0.16062607
0,-0.024570486,0.020716146
0,-0.10988623,0.18467677
1,0.18699637,-0.063872844
1,0.037162457,0.021110773
1,0.026490655,0.010677539
1,0.06993079,0.03899025
0,0.24064592,-0.0011711568
0,0.08046614,0.06223981
0,0.19822402,0.036886334
0,-0.14208925,-0.27803165
1,0.27383155,0.12473855
0,-0.16142319,-0.15729715
0,-0.09046954,-0.026259318
0,-0.47497135,-0.22784431
0,-0.15520373,0.01527755
0,-0.044042483,0.15285043
0,0.3108232,-0.100661516
0,-0.2073203,-0.06595506
0,-0.03932832,-0.1754644
1,0.091526285,-0.082317024
0,0.006162159,0.06860558
1,-0.26296443,-0.1412542
0,0.13626158,0.07397383
0,0.30154365,0.11769092
1,0.29757357,0.19611603
1,-0.13103038,-0.5607891
1,0.010766398,-0.35391998
1,0.009984326,-0.093559876
1,-0.28102168,-0.06548795
1,-0.20606527,-0.45610988
0,-0.030976586,0.049375847
1,-0.27581966,-0.22442909
0,-0.10822676,0.07580456
1,0.41677418,-0.022375956
0,-0.061396718,0.04709962
0,0.106631845,0.06851484
1,0.2280606,-0.06222549
0,-0.10862656,0.13996626
0,-0.11073153,-0.16931088
1,0.030794863,0.0153860375
1,-0.09259271,0.13871369
0,-0.13388446,0.03135623
0,-0.12292129,-0.058823124
1,0.49194974,0.20557867
0,-0.2815886,0.08971669
0,0.03504234,0.021600716
0,0.10734457,-0.12525879
0,0.04490711,0.21527985
1,-0.03240472,-0.47810233
1,-0.16676663,-0.09553535
1,0.24475023,0.3740291
1,0.3841769,0.42416823
0,0.24577528,0.022685334
0,0.1748127,0.24162096
1,0.13620901,0.13041385
0,-0.14086118,-0.030645147
0,-0.0569389,0.14183974
0,-0.0018326044,0.02351614
1,0.3359598,0.046274
1,-0.18568003,0.0035104156
1,-0.10038316,0.19793916
0,-0.088643014,0.025108486
0,0.036675137,0.0818741
0,-0.25189036,-0.03927791
0,0.027946886,-0.089778736
0,-0.007883398,-0.08092904
1,-0.17459321,0.08494349
0,-0.2585676,-0.024651796
1,0.05657767,-0.14190792
0,0.06503068,-0.04823719
1,-0.043795902,-0.08405857
0,0.16197881,-0.12473394
1,0.14232565,-0.08638863
0,-0.2192831,-0.062846765
1,-0.15173924,-0.00016213953
1,0.18517758,0.2538319
1,0.28967774,0.13529107
1,-0.23282918,0.25966823
0,0.34963253,-0.09760673
0,0.14538968,-0.05227749
0,-0.08863521,0.11802777
1,0.23277986,-0.36387432
1,-0.20296244,-0.0052437186
1,-0.025491774,0.44270784
1,0.19690424,0.5343843
1,0.21096173,0.0028492957
0,-0.10601449,0.17825863
0,-0.26434478,-0.08491878
0,0.18924886,0.034767695
1,0.29552692,-0.37053263
1,-0.058402553,-0.11135949
0,-0.16217011,0.12808084
0,0.12395382,-0.05982016
1,-0.014022201,0.674543
1,0.23269624,0.30826527
0,0.0102014765,0.12055271
1,0.19674306,0.058943465
1,0.26425815,0.15812808
1,-0.13922495,-0.003775522
0,-0.17090821,-0.059534088
1,0.07138564,0.2749288
1,-0.026943013,0.038452134
1,0.004568558,0.04102546
0,0.2883036,0.06319815
1,0.13919261,0.018633142
0,-0.016754966,-0.056148767
1,-0.094197795,-0.2950253
0,0.26643687,-0.037148178
1,-0.29854578,0.31601137
0,-0.035039656,-0.09070626
1,-0.07541681,-0.13863371
1,-0.19567582,0.12448741
1,-0.081626564,0.18635234
1,-0.10543692,-0.14114727
0,0.26656705,0.10305608
1,0.109614015,0.13673823
0,-0.07781553,0.1429996
0,0.04464971,-0.17543061
1,0.4062582,-0.16346224
0,-0.070649534,0.0041163713
0,-0.087039396,0.08647295
0,0.18691139,-0.14062898
0,0.09860234,0.13807617
0,-0.12933126,-0.43225855
1,-0.14513786,0.0614058
1,0.0066430867,-0.2272007
1,-0.4834832,0.61394304
1,-0.17990509,-0.20495741
1,0.012484867,-0.017050147
0,-0.25583056,0.17594613
0,-0.20396912,-0.016201586
0,0.16089328,0.009764984
1,-0.052842923,0.0049004853
1,-0.01055298,0.16865392
1,0.055807363,0.2095655
1,-0.054160345,-0.30175757
1,0.20134355,-0.10742192
1,-0.28897187,0.062445603
1,-0.07850845,-0.53184587
0,0.07611437,0.13000397
0,-0.05023297,0.10769679
1,-0.11239572,0.19249174
1,-0.27664813,0.10508339
1,-0.119638175,-0.4512332
1,-0.17447355,-0.21804388
0,-0.22516981,0.04316488
1,-0.12467162,0.011582583
0,-0.06703244,0.062428266
0,-0.17461915,-0.009652719
0,0.0012859702,-0.0022632629
1,-0.13906573,-0.05454828
1,0.030779306,-0.1553094
0,-0.19075906,-0.09705627
1,0.4157933,0.37849623
0,0.12352997,0.10458113
1,-0.2666128,-0.4352761
0,0.17137766,-0.117090896
0,-0.15032275,0.04612346
1,-0.021078125,-0.3554994
1,-0.1297137,0.1364659
0,-0.2046777,0.13534683
1,-0.22376415,-0.23622693
0,0.08305542,-0.100314975
0,-0.17484212,0.07043903
1,0.5412368,-0.0003876835
1,0.019708049,0.14962393
1,-0.16731478,0.14592737
0,-0.20785362,0.044110842
0,-0.045234427,0.012787268
1,0.094451606,-0.25303048
1,0.4159214,0.16858727
1,0.08242911,-0.16953899
0,0.07153061,0.11587769
1,-0.077693015,-0.0639479
0,0.20968175,-0.2694335
0,0.42323488,-0.03566444
1,0.17788169,0.02670218
1,-0.051686496,0.014987469
0,-0.21508905,-0.026000738
0,0.09643191,-0.032014817
1,0.40305763,0.24811465
1,0.045287076,-0.087954625
1,-0.0017179959,-0.27182883
1,0.5212667,0.3589673
0,0.08160968,0.011640474
1,-0.13353547,0.025880992
0,-0.460878,-0.07357626
1,0.010733154,0.25013733
0,0.1591281,0.03152796
0,-0.12608536,0.20337147
0,-0.14339231,0.045225658
0,0.081462994,0.049482524
0,0.22271937,0.15918587
0,0.13215597,0.13033327
0,-0.109961584,0.107351124
1,-0.30679944,0.062138073
1,-0.2396675,-0.3844692
1,0.05894916,-0.07383345
0,-0.3449362,0.07373212
0,-0.093916714,-0.111449316
1,-0.11370765,-0.1188723
1,0.0023977272,-0.04351908
0,0.04349446,-0.027687028
1,-0.24221049,-0.035833195
0,0.29878485,-0.2070833
0,-0.05908098,0.1350086
1,-0.046400726,0.14154357
0,-0.12526082,-0.051370025
0,0.17621446,-0.0010035634
0,-0.10375954,-0.05069579
1,0.04334912,-0.008913264
0,0.23928848,-0.05497296
0,-0.044151925,0.06822649
1,0.14349423,0.15392259
0,-0.21841699,0.107313916
0,-0.039712872,0.05431837
1,-0.22936672,0.36602432
0,-0.082083866,0.293163
1,0.4999112,-0.08434735
0,0.20841561,0.063078046
0,-0.09774941,-0.037152752
0,-0.13541386,-0.22419165
0,-0.04679712,0.007536195
1,-0.26673222,0.18025157
1,-0.13431664,-0.15275104
1,0.21341561,-0.40814978
1,-0.06338509,0.09247269
1,0.37773216,0.07083266
1,-0.27163273,-0.15078948
1,-0.35862622,0.14847896
0,0.26987764,0.062729985
0,0.16352308,-0.0788632
1,-0.21081138,0.6171759
0,-0.10053104,0.016124427
0,-0.13593043,0.19571388
0,-0.13331814,-0.10760781
1,0.07002592,-0.21624447
0,-0.2549433,0.0890853
0,-0.23616311,-0.12943165
1,0.33543423,-0.03609723
0,-0.17357764,-0.14127506
0,0.15090933,0.113470934
1,-0.14739072,0.03443502
1,-0.14634505,0.013451226
0,0.276868,-0.14245488
0,-0.12631515,0.19020405
1,-0.088117555,-0.09521818
0,0.17165539,-0.16367759
1,-0.1295985,-0.1473421
0,0.082973674,0.07444556
1,0.08335295,0.027069591
1,0.49210954,0.20316382
1,-0.103210285,0.12966672
0,0.23998562,0.082749054
0,0.0696803,0.06234306
0,-0.20131122,0.026535302
1,0.116685554,-0.3029495
1,-0.1179678,0.37418658
1,-0.47460112,0.22764593
1,-0.21876548,0.24104387
0,-0.061921157,-0.029747233
1,-0.2930184,-0.017191157
1,-0.07182413,0.14553803
0,0.28473854,0.07390833
1,0.06834732,0.2664473
0,0.0750054,0.04337465
0,-0.28211722,-0.00898847
0,-0.096786685,-0.03991717
1,-0.0061156303,0.20930538
0,-0.27850553,-0.015387222
0,0.116800725,0.030199155
1,-0.03782389,0.100006424
0,-0.0968083,0.029981598
0,-0.14865763,0.0010523051
0,-0.11492391,0.059991248
0,-0.17581326,0.0056093633
1,0.068651095,0.39811957
0,-0.3003581,0.060075365
0,0.05228797,-0.055161044
1,0.0062091798,0.52226895
1,-0.25942016,-0.38313776
0,-0.27129158,-0.16983576
0,-0.07101131,-0.009255409
1,0.41238266,0.06920487
1,0.3766976,0.1772951
1,0.36428335,-0.042734265
0,0.16321293,-0.13924469
0,-0.1937803,-0.0023692697
0,-0.038136974,0.029736578
1,-0.16889682,0.07807131
1,-0.09021034,-0.03156042
0,-0.07610822,-0.09663014
1,0.5963808,0.2832778
0,-0.040067956,0.121870115
1,0.21130916,0.032113597
0,-0.10985266,0.07916177
1,-0.05783529,-0.4918059
0,0.039744247,-0.04769887
0,0.15043779,-0.11418651
1,0.04921439,0.38449693
0,-0.12919475,0.14847544
0,0.06258643,-0.1890067
1,-0.31668028,-0.18287243
0,0.21897286,-0.080232725
1,0.155282,-0.026749924
0,0.11321612,0.1060745
1,0.25251454,-0.1806515
0,0.20549491,0.10595065
0,0.089848325,0.09645836
1,-0.08436736,-0.33659202
1,0.03548796,-0.07495493
0,-0.08252232,-0.074647576
1,0.10480744,-0.10516578
1,0.24391225,-0.34540498
0,-0.18016952,0.015223578
0,-0.21918409,-0.12802829
0,-0.09039834,0.034990847
0,0.09515458,0.059915923
0,0.10759263,-0.13979395
0,-0.046503894,-0.026656225
0,0.06874576,0.02589827
0,-0.053594492,-0.07626644
0,0.27623308,0.07282896
0,-0.115816504,-0.011155069
1,0.18488511,0.07560078
0,-0.23607805,-0.17495005
0,-0.11078447,0.061361425
1,0.24854353,0.32981992
0,0.22193915,-0.023642674
1,-0.104270235,0.23750044
1,-0.48776323,0.17464189
0,-0.2478872,-0.07206464
0,0.08329183,0.105552614
1,-0.1378871,-0.23791863
0,0.091307715,0.12490906
1,0.055382017,0.40294546
1,0.0183466,0.1675215
0,-0.04975778,0.18707696
0,0.20809886,0.01732698
1,0.2611485,-0.11384717
1,-0.23275006,0.16842452
1,0.02253436,0.28495413
1,-0.30351168,0.07813578
0,0.24439812,-0.13939776
1,0.07495925,-0.42472327
0,-0.026032846,0.11056559
0,-0.16150285,0.02771192
0,0.08149348,0.019100025
1,0.29124975,0.38918346
1,-0.2721979,-0.026951686
0,-0.3070222,-0.05327852
1,-0.20905313,0.34558743
1,-0.2270723,0.031694055
0,0.1754455,-0.047130212
0,-0.279745,0.016017415
0,-0.03648317,0.09716757
0,0.25191355,-0.0007382333
1,-0.022364877,0.028832793
0,0.26853752,-0.17202045
0,-0.17323354,-0.044251963
1,0.0345512,0.4274341
0,-0.28590986,-0.13731466
0,0.014938276,0.098889045
1,-0.05704447,-0.10672109
0,0.25229007,0.12043032
0,-0.06534849,-0.18418868
0,0.13217019,0.06946832
0,-0.10620004,0.08590084
1,0.18401255,-0.1669638
1,-0.01924927,0.5101534
1,0.17432947,-0.029164806
0,-0.068997845,-9.551644e-06
0,0.059857015,0.12735192
1,0.1160987,-0.16604905
1,-0.2898405,0.47552776
0,-0.18284024,0.21335147
0,-0.074797496,0.11541049
1,0.25444543,-0.059883878
0,0.029964868,-0.09445825
1,0.6411496,-0.09297289
1,-0.19577913,0.022227325
1,-0.41270033,0.2130063
0,0.30636936,0.10485013
1,-0.3366095,-0.14451157
1,-0.13100311,-0.67225885
1,0.056391384,0.20889775
0,0.10774702,0.3900658
0,0.039125945,0.10229516
1,-0.3400682,0.08463346
0,-0.2050271,0.0034978986
1,0.2606085,0.08123752
1,0.07513684,0.04804595
0,0.15703142,0.09426457
0,-0.076406494,0.07559599
1,0.2171568,-0.025334403
0,0.18063402,0.0014763176
1,-0.47172558,0.029555008
0,0.034176935,-0.12486021
0,0.14258176,0.04962118
0,0.03882428,0.066058874
0,0.12282762,0.0042402
0,0.13987547,0.15606362
0,0.010614496,-0.15271656
0,-0.065888226,-0.0025559664
0,0.13625434,-0.010554954
0,0.049497265,-0.09602037
1,-0.32501543,-0.2988553
0,-0.06259373,0.084989354
1,0.16274346,0.49682033
1,0.20383278,0.06499744
1,-0.3131299,-0.29756176
0,-0.030122051,-0.055544317
0,0.114144355,0.008184552
0,-0.006024355,0.11971576
0,-0.059708633,0.052955657
1,0.2915398,-0.32905805
0,-0.0057956018,0.20613024
0,-0.097324565,0.04108481
1,-0.021607302,0.0370446
0,-0.181617,-0.08592819
1,-0.12573099,-0.4041469
1,0.13225132,-0.10695706
0,-0.029215293,0.23287831
1,0.31378835,0.23909205
0,-0.12025723,-0.061694875
0,-0.28324702,-0.09042746
0,0.14972162,-0.07975571
1,0.28079388,-0.40271986
1,-0.24372566,-0.027318552
1,-0.3241598,0.012330189
1,-0.35602227,-0.3978526
0,0.106369585,0.17412025
0,0.24062651,0.06702492
0,-0.17373657,0.038688727
1,-0.50774586,-0.04915084
0,0.2248455,0.059724376
0,-0.2630603,0.14204547
0,-0.23299932,0.15441625
0,0.07861085,-0.036101148
0,0.5316195,-0.12326087
0,-0.06444393,-0.27969754
1,0.121164784,0.015789054
0,-0.009684665,-0.06373672
0,0.14060424,0.029696226
1,-0.11205411,0.15090188
0,-0.044117082,-0.0399542
1,0.23020911,0.10678041
1,0.0013592318,-0.3004586
1,0.013893094,-0.096794754
0,0.104539245,0.29407525
0,-0.10910171,0.01148048
1,0.17633924,-0.53080213
1,0.016164236,-0.053522095
1,-0.196143,-0.46547818
1,-0.08784084,0.020657636
0,-0.098452955,0.033446655
1,0.34906825,0.07166821
1,0.0060401335,-0.11632727
1,0.20510104,-0.29088914
0,-0.06449748,-0.23080541
1,-0.0001921244,0.22238569
1,-0.02045257,0.04045874
0,-0.21418425,0.026089758
0,-0.28639376,-0.14575173
0,-0.040630862,-0.09342401
0,0.13063718,0.038035154
0,0.123096526,0.02460403
1,0.321554,0.28416318
0,-0.17192005,0.00724943
1,-0.08516486,0.11209323
1,0.011786941,-0.26956344
1,0.41152042,-0.17970444
1,-0.043829504,0.21201587
0,0.23082975,-0.08543737
0,-0.063244924,-0.24406518
0,0.30962473,-0.040347353
1,0.05701649,0.10992643
0,-0.28620893,-0.29557222
1,-0.06345539,-0.14881714
0,0.13839933,0.13395074
0,-0.14590254,-0.10771276
0,0.1652682,-0.0010736287
0,0.0649218,0.020802915
1,-0.10494414,-0.083784774
1,0.030561928,0.048149616
1,0.16093865,-0.23555307
0,-0.17095864,-0.03083089
1,-0.19875789,0.4623735
1,-0.002796214,-0.05799149
1,0.11482443,-0.40800935
0,-0.17585102,0.08133228
0,0.1676302,0.09985931
0,-0.19765173,-0.06740458
0,-0.1289586,0.041227326
0,0.010135893,0.00545159
0,0.12329489,-0.12727486
0,0.13665688,0.29859856
1,-0.1019703,-0.18926884
0,-0.17102405,0.05057335
0,0.34297132,-0.20439799
0,-0.062062174,-0.07421629
1,-0.14594041,-0.29957575
0,-0.33660015,0.05927848
1,0.05957718,0.19730988
1,0.082188874,0.017050266
0,-0.034453478,0.06575899
0,0.025708634,0.0132006705
1,0.37352994,-0.15554641
1,-0.3009415,-0.0518353
1,-0.08821319,-0.50589824
0,-0.17374623,0.050004154
1,-0.15679944,-0.1275896
1,-0.08408578,-0.38511485
0,0.13676009,-0.03077446
0,0.21896523,0.09944936
1,0.045981426,-0.3319866
0,0.13276029,0.00035755336
1,0.06760964,0.4436335
1,0.21845737,0.2465591
1,-0.02858091,0.49753237
0,0.1156964,-0.1424685
0,0.013812855,0.22551876
1,-0.37750196,-0.18136759
1,0.002578359,-0.27194673
1,0.14833647,0.31123352
1,0.0060385205,0.0071613193
1,-0.10626438,-0.28537226
1,0.0041999035,0.17739588
1,-0.2230756,-0.31685346
0,-0.30258223,-0.07758738
1,0.18598746,0.1537064
1,-0.09728126,-0.095887855
1,-0.14380917,-0.20688368
1,0.2535494,0.09628473
0,-0.2806527,0.13382164
1,0.059697654,0.129902
0,-0.24926391,-0.05129893
0,-0.1331617,-0.14439656
0,-0.03852588,0.16881582
1,0.07013096,0.4032352
1,-0.0985637,-0.3460601
1,0.010940466,-0.011119753
1,0.16937876,-0.53313327
1,0.14613488,0.22076146
0,-0.34660584,0.085684285
0,-0.09094094,-0.05430685
0,-0.006766811,-0.16804995
1,0.3539129,-0.19019218
1,-0.106663555,-0.16956358
1,0.046702128,-0.088112235
1,0.32910532,0.00786832
1,0.08097121,0.3912959
0,-0.17817551,-0.1693999
1,0.17824754,-0.2497736
0,-0.10846047,-0.1079116
0,-0.097696826,-0.086813256
1,-0.060940396,-0.025811091
0,-0.017568395,0.21413392
1,-0.40976974,0.4798205
0,0.106047764,-0.025068715
0,-0.11652179,-0.031043723
0,0.61564535,0.10247396
0,-0.13255948,0.17379126
0,0.011183422,-0.036881566
1,-0.09342706,-0.19482173
0,0.10286982,0.09749209
0,0.3739753,0.02438905
1,-0.029427694,0.11658035
0,-0.1353132,0.09260674
0,-0.08078745,0.13857251
1,0.15873933,-0.15611811
0,0.25284767,-0.34327227
1,0.22991341,-0.081373096
1,0.11257449,-0.23933835
0,-0.25957826,-0.30196178
1,-0.085138425,0.1950777
0,-0.011273034,0.049527496
0,0.19487059,0.01888962
1,0.1707142,-0.15711917
1,0.13960473,0.14475368
1,-0.32481256,-0.115465835
0,0.066147804,0.0007151216
0,0.10581909,0.07184016
0,-0.15852356,-0.00089661777
0,-0.10088214,0.06660994
0,-0.38559186,0.1231038
0,0.11766842,0.41131544
0,0.11698261,-0.10983859
0,0.13163385,0.22872964
0,-0.30304524,0.24289423
0,0.04319868,-0.19944371
0,0.25509548,-0.091541484
0,-0.14784975,0.0025461316
1,0.05340672,0.27142835
0,0.005244199,0.20988473
1,0.5622249,0.022786394
0,-0.092283174,0.12332663
1,0.45739925,0.24574435
0,-0.09829411,0.16316831
0,0.15411349,-0.20446225
1,0.07406403,-0.49497116
1,-0.4586677,-0.077381626
1,-0.008944411,0.15700221
0,-0.26121175,0.0881942
0,-0.2554735,-0.17179881
0,0.09616685,0.020709388
1,0.2202059,-0.08388214
0,-0.12281981,0.19228636
0,0.13767123,-0.011880457
0,0.10339774,0.14152347
0,-0.18165986,0.089342766
0,0.18368591,0.044799
0,0.011383746,0.030929297
0,0.04841811,0.052749492
1,-0.15234715,-0.15738787
0,0.007041063,-0.01957637
0,0.05806336,0.015554808
0,-0.007996926,-0.04104893
1,0.02498914,-0.53589344
0,0.039553586,-0.091779664
0,0.102199495,-0.028339341
1,0.081838235,0.19386798
0,-0.21637852,0.085050486
1,-0.16294798,-0.5201802
1,-0.092261195,-0.1077417
1,-0.2593406,-0.026020393
1,0.00019781664,-0.12341423
1,0.19497716,-0.0027404279
0,-0.083173096,0.08341749
1,0.057756726,-0.20001967
1,-0.0034471564,0.27821517
0,0.33202928,0.09835725
1,-0.3002503,-0.19331317
0,0.09336583,0.07030849
1,-0.047085393,0.15553734
0,0.061182637,0.2238592
0,-0.23842561,0.13591935
0,0.065586105,0.0015319586
0,-0.031903334,-0.04534401
0,-0.0995232,-0.040907234
1,0.05323905,0.17293909
0,-0.035298698,-0.021465123
1,-0.2006592,-0.20127971
0,-0.048711818,0.12957302
0,-0.2857353,0.12604347
1,-0.37420535,0.11838752
1,0.076438665,0.24850088
0,0.02124894,-0.007874832
1,0.070835695,-0.2404073
1,0.23491812,-0.11296873
0,-0.11418451,-0.08879955
0,0.055255253,-0.17434241
1,-0.035879564,-0.25152862
0,-0.00028492883,-0.058553576
0,0.24773481,-0.033988327
1,-0.28782964,0.0957685
1,0.07247591,0.023949258
0,-0.19578493,0.04034686
0,-0.15836039,-0.022651032
0,-0.030249778,0.2526336
1,-0.07510648,-0.09835659
1,0.047577847,0.11837667
1,-0.08558662,0.10259132
1,0.022767562,0.057325453
1,0.20036122,0.027704075
1,-0.33699661,-0.020167679
1,-0.050725643,-0.12183429
1,-0.007004155,0.23543867
1,-0.14437902,0.010633066
0,0.049973298,-0.025882125
0,-0.04134784,0.10731161
0,0.02718098,-0.08116114
0,0.048130956,0.053609505
0,-0.0030949116,-0.10081799
0,0.054981645,0.06872226
1,-0.19719122,0.24094272
1,-0.23184209,0.044131763
1,0.042627048,-0.19538076
1,-0.42562982,0.0567917
1,0.07482001,0.025523834
0,0.14977986,-0.0490513
1,-0.32878134,0.5103986
0,-0.14861736,-0.08147295
1,-0.085081846,0.36760074
1,0.45074046,0.053495206
0,-0.11433068,0.070610836
1,-0.16298664,0.0042272955
0,-0.24535492,-0.024961188
1,-0.11644074,-0.03413537
1,-0.077148855,-0.16628723
1,0.14158836,0.34447503
1,-0.15020399,0.48193204
1,0.014934901,-0.15455915
0,0.20868301,-0.03099987
0,0.32492265,0.28214723
0,0.054385614,0.041285887
0,0.023437172,-0.027888313
0,0.20536487,0.038542368
0,0.03885052,0.059705406
1,0.05050422,-0.28191185
0,0.17093292,0.053977087
0,0.20168552,0.11925146
0,0.28394815,-0.004542634
0,-0.065274045,-0.012046754
0,-0.02181239,0.08958924
0,-0.005525578,0.051568165
1,-0.2163661,-0.2767046
0,0.07049291,0.08043291
0,-0.17447346,0.27691007
0,-0.12784128,0.24835767
0,0.18978392,-0.075480655
0,0.17846069,0.027249604
0,0.31598473,0.237807
0,-0.115778714,-0.04798928
1,-0.34003267,0.0062877983
0,-0.12205288,0.07486909
1,0.28212112,-0.21203361
1,-0.30603784,0.17640622
1,-0.0068495646,0.0046881884
1,-0.027738698,0.2771485
1,0.027558029,-0.015295893
1,-0.11590907,0.04444793
0,-0.06814706,0.04706846
1,-0.13423426,-0.069383755
1,0.062477905,-0.3142926
1,0.4799142,-0.26480716
1,0.07749951,-0.19710393
0,0.019874446,-0.022454098
1,0.0813548,0.13281672
1,-0.21681997,-0.2538736
0,-0.2955987,-0.0061296076
0,0.05469932,-0.021987692
1,0.30565774,0.22343276
1,0.14518137,-0.14815347
0,0.06404801,0.15133622
0,-0.12438309,0.13407257
1,0.1555593,0.06785936
0,-0.0535018,0.04184641
0,0.10640952,0.04694602
0,-0.2628324,-0.02174072
1,-0.06863688,-0.2577983
1,0.04190116,0.07440035
1,-0.1386,0.04646369
1,0.43688357,0.13015491
1,0.010623783,0.7173097
0,-0.008230548,0.19749437
1,-0.16940713,-0.095880225
0,-0.23337942,0.0489828
0,0.131129,0.027435482
1,-0.09170593,-0.16361673
1,-0.011236507,0.39893967
1,0.49794155,0.15045053
1,0.21955004,0.111494884
0,-0.23764262,-0.23802097
1,0.03206827,0.02038721
1,-0.017432595,-0.24911676
0,-0.009577978,-0.5740993
0,0.041415107,0.10975391
0,-0.10290128,-0.04741083
1,0.12605843,0.28153852
0,-0.24026397,0.053538024
1,0.4507813,-0.24846481
0,-0.02777805,0.08387609
0,-0.11515409,-0.10557656
1,-0.19373202,-0.33308566
1,-0.057388455,-0.22038539
0,-0.18114403,0.061183162
1,-0.2693972,0.48552895
1,0.12955922,-0.11543156
1,0.3401441,-0.3158428
1,0.3449165,0.013766222
1,0.00754112,0.31230056
0,-0.09652633,0.052842572
1,-0.31155077,-0.5410632
1,0.3346147,-0.47636133
1,0.20243075,-0.09110461
0,0.4732046,0.03138198
0,-0.3738318,-0.37922966
1,0.35387477,-0.27373695
1,0.14518085,0.06755538
1,0.07947029,-0.66674995
1,0.06993388,0.50458205
0,-0.24142951,-0.15335383
0,-0.069297865,0.10111755
0,0.052572075,0.10649803
0,-0.16462767,0.106247276
1,0.16903406,-0.28160518
1,0.06866662,-0.22141717
1,0.05576725,0.45413232
1,0.07468219,0.1462827
0,0.1961743,-0.019126162
0,-0.11703466,-0.18733247
0,0.35750923,-0.2034245
0,0.08129999,0.021783963
0,-0.4198826,0.026979834
0,0.46221283,0.09087771
0,-0.15956461,0.10575488
0,-0.16430151,0.15918176
0,0.00924924,-0.032821
1,-0.111071736,-0.102975756
0,0.24032462,0.1985882
1,0.21936381,-0.27964854
0,-0.007257918,0.15174861
0,-0.0759943,0.10855389
1,0.20213881,-0.27227873
0,0.14018096,-0.02998878
0,-0.16235238,-0.07277171
1,-0.059164587,0.069275856
1,-0.05990079,0.042755716
0,-0.010317128,-0.024178699
0,-0.36554968,0.27070224
0,0.2489354,0.025473163
0,0.08633487,-0.10002355
1,0.27580136,0.3563543
1,-0.15801731,-0.26095337
0,0.10920884,0.020794474
0,0.14734699,-0.15069784
1,-0.36909103,0.095559925
1,0.04716477,0.13486344
1,-0.1969421,0.11962947
1,-0.028598819,0.096956916
0,-0.19346812,0.11565427
1,-0.023539083,-0.28496587
1,0.038709875,-0.037048087
0,-0.2995258,-0.10556087
1,0.11049771,-0.040764406
0,0.15750703,0.06296114
1,0.35467225,-0.028532147
0,-0.043937854,0.08363117
1,-0.076680616,-0.085533634
0,0.13281976,0.07452167
0,0.044894215,0.066401795
0,-0.017450191,-0.019695133
0,-0.097850725,0.19002792
0,0.0014491007,-0.114396706
1,0.25748825,0.0109313205
1,0.28684005,-0.08587307
1,0.09854901,0.04138241
1,-0.12199758,0.004732743
0,0.051925708,-0.018131003
0,0.4418182,0.08218047
0,0.03177738,-0.089600265
0,-0.24911112,-0.1583683
1,0.0015168004,0.39171386
1,0.27218577,-0.062240228
1,0.0723408,0.00564605
1,-0.36861777,-0.39252663
0,-0.043329213,-0.09019475
0,0.07553278,0.10797529
1,-0.09609802,0.0067868233
1,-0.07379176,-0.20753337
1,-0.2322228,-0.07482995
0,0.10887939,0.0077766255
0,-0.008944778,0.035661526
0,0.018329117,0.12381486
1,-0.053211447,0.30250478
1,-0.03870019,0.19365118
0,0.042922553,0.15400973
1,0.2651537,-0.2726338
0,-0.105630875,0.15733533
1,-0.057073686,0.4985394
0,-0.19078179,0.045335367
0,-0.17933142,0.35587633
0,-0.008886579,-0.12417014
0,0.47368497,-0.020865202
1,0.023738999,-0.042947277
0,-0.15736854,0.18446523
0,0.16690865,0.053321436
0,-0.16311103,0.026134863
1,0.031974662,-0.30430007
0,-0.06409094,0.2241537
1,-0.14425692,0.09090142
1,0.16500707,-0.082421914
0,-0.22544721,0.005157098
0,0.31406915,0.04199907
0,-0.013372149,-0.16132183
1,0.11801916,0.018381715
0,0.35165906,-0.07009092
1,0.1324858,-0.13009794
1,-0.28865707,-0.18158074
1,0.07500014,0.12776895
0,-0.12256129,0.14502719
1,0.03668532,-0.37216866
0,-0.04731151,0.08280928
0,-0.0026804283,0.14211233
1,-0.1290018,0.018978983
1,0.21706083,0.1679329
0,-0.071061894,0.117478095
1,0.013059486,0.23155719
1,0.14668216,0.26672632
0,0.19990042,-0.21450247
0,-0.13803127,0.036347464
1,-0.06315757,0.2878264
1,-0.1934838,0.00505282
0,-0.07541795,-0.023560628
0,0.13149266,0.056884706
0,0.08795416,-0.09704457
0,-0.15291847,0.07491925
0,-0.29293844,0.1277313
0,0.136525,-0.05793436
1,-0.03438725,0.11384106
1,-0.009377878,-0.47748876
1,0.14070731,-0.1976663
1,-0.212492,0.10050794
0,-0.2091482,0.026094168
1,0.10398622,0.00093594193
1,-0.14817612,-0.07955401
0,-0.08847892,-0.060793445
1,0.1992774,0.47624093
1,-0.2689969,-0.026808277
1,0.3407396,0.16747668
1,-0.0005296059,0.2522492
1,0.21572706,-0.23979957
0,-0.020783894,-0.12281592
1,0.1850163,-0.30536264
0,-0.30584866,0.07506801
0,-0.029730562,-0.15768595
1,-0.03614291,0.0011717975
1,0.1537485,0.5595856
0,-0.31839377,-0.1633824
1,-0.08750064,0.18616273
1,0.11964014,0.12620874
0,0.13917637,-0.06620087
0,-0.23265445,0.018515691
1,-0.280613,0.01282981
1,0.21262348,0.07245967
0,0.21452892,-0.031414196
1,-0.18961275,-0.3386624
1,-0.032438133,0.11217769
0,0.19123223,0.020993285
0,-0.13896202,0.015269704
0,0.1925219,-0.201986
0,0.44053096,0.0635878
0,0.24739373,-0.19227843
1,0.022142287,-0.049399614
0,-0.1000893,0.12472041
0,-0.12214199,-0.15638538
0,0.08101189,0.058226936
1,0.03133888,-0.51154387
1,0.2020244,-0.25363523
0,0.2627021,-0.04947804
1,-0.2009908,0.28591853
0,0.17272611,-0.016344324
1,-0.45065796,0.46136957
0,-0.190103,0.13910851
1,0.3062098,-0.11422934
0,-0.21161824,0.03542213
0,0.102844745,0.18335792
1,-0.27811143,0.2547088
1,0.0063832514,0.28354448
1,0.14763445,-0.23289563
1,-0.32796404,-0.038177356
1,0.2818804,0.31261206
1,0.23035437,-0.40252525
0,-0.16487116,-0.17809983
1,-0.24444443,0.085590884
1,0.042628076,0.030249223
1,0.33729982,0.11005605
0,0.03841607,-0.13202341
0,-0.09485707,0.0056834966
1,-0.009938505,-0.02719982
0,-0.17428951,-0.0038739145
0,-0.13890325,0.036749847
0,-0.028871093,-0.087282315
0,0.07996547,-0.016603619
0,0.09083168,0.115004055
1,-0.3158609,-0.25862634
1,0.5214267,-0.087903425
1,0.055398334,-0.0847061
0,-0.0039726645,-0.28504592
0,-0.15584874,-0.29901868
0,-0.15289189,-0.021459475
1,0.27713358,0.24979647
1,-0.11588813,-0.09657572
1,0.026734393,-0.07806414
1,-0.094467655,0.06100086
0,0.21782452,-0.18611924
1,-0.051459808,0.012792639
0,0.21277374,0.18675436
0,-0.23164769,0.0741173
1,0.56193906,-0.08115862
0,0.10967386,0.04415825
0,-0.3246752,0.01285807
1,-0.12531659,-0.33791447
0,-0.12475537,-0.09512851
1,0.1690012,-0.31577802
1,-0.060191467,0.115113825
1,-0.44141436,0.29060283
0,-0.0311792,-0.03450337
1,0.10102661,-0.12893794
0,0.119354844,-0.3366694
0,0.31128347,0.09563944
0,0.12050839,0.07917073
1,-0.20487103,-0.024819478
1,-0.107421905,0.21951774
0,-0.18998986,-0.07277186
1,-0.019425634,0.024329327
1,-0.1566573,-0.2899493
1,-0.0018251799,0.032077447
0,-0.064369686,-0.26046747
0,-0.11322896,-0.15096046
1,0.007941689,0.2516706
0,0.09796861,-0.12415357
0,0.0005244948,0.042987436
1,-0.25626937,-0.14378564
0,-0.19715722,-0.0530677
1,0.002437789,-0.580519
0,-0.04310997,-0.009211853
0,0.05887818,-0.005831197
0,0.22839063,-0.19928654
1,0.12796926,0.15057072
1,0.003586106,0.099404275
0,-0.32069528,0.24881098
1,0.19954802,-0.18580018
0,0.18869397,-0.12337817
1,-0.15343891,-0.08834931
1,-0.058355927,0.33891058
1,0.5241256,-0.08002509
0,0.26008898,-0.13847317
0,0.33483356,-0.07650156
0,-0.012746159,-0.15348981
1,0.3667695,0.02723138
1,0.104763165,-0.37340134
1,0.40973526,-0.038251236
0,-0.13649307,0.05878847
0,-0.09654641,0.064059444
1,-0.18912189,0.120245926
1,0.30485398,-0.12995066
1,0.2614516,-0.35956228
1,0.011335202,-0.2938912
1,0.011988662,-0.11767006
0,0.17708567,-0.109475926
0,0.22388572,-0.0069015324
0,0.07507217,0.04279831
0,0.016098678,0.028214253
0,-0.04134956,0.037325628
1,0.26035425,0.09131968
1,0.044193108,-0.34110814
0,-0.108555794,-0.042175844
0,0.20166755,0.056166127
1,-0.23785526,-0.015405342
0,0.100741595,0.0047692955
0,0.057262655,0.17514399
0,0.29440463,0.033777736
1,-0.19503343,0.30429077
0,0.022143818,0.018565774
0,-0.059796356,0.10344557
0,-0.25109285,-0.016170353
1,0.17890656,0.17028071
0,0.046097036,0.021423496
1,-0.09942408,-0.012834251
1,-0.05912379,-0.2248065
1,-0.21764693,-0.23473223
0,-0.18897617,0.09786889
0,0.07587941,0.09547911
0,0.10549304,-0.106276125
1,0.2884497,0.25769836
1,-0.124671295,-0.4434986
0,-0.14923143,0.0129935
1,0.04013541,-0.20550887
0,0.32099026,-0.08252674
0,0.1834747,0.07990016
0,-0.27344188,0.074585885
0,0.14857662,0.042977586
0,-0.12634638,0.076025784
1,0.037427064,0.036577314
0,0.024991635,0.041401625
1,0.06715989,0.12414883
0,0.15289038,-0.21379085
1,0.21279453,-0.0082716495
1,-0.012977328,0.19241855
0,0.2535719,-0.016219571
1,-0.060371492,0.2520588
1,-0.48337525,0.11805325
0,-0.040541697,-0.0038590282
0,0.0097597055,0.16396742
0,0.13601443,-0.037359416
1,-0.0020197444,-0.23433195
0,-0.043059137,-0.09191488
0,-0.075750664,-0.043339387
1,0.09350759,0.10340179
0,-0.019791242,0.11238493
0,-0.03773517,-0.1805792
0,0.3112008,-0.12032826
0,-0.102371246,0.17167982
1,-0.109449014,-0.1937749
1,0.19612652,-0.14621986
0,-0.25324658,0.10208993
1,-0.063176446,-0.14073463
0,0.3303112,0.062623195
1,-0.24252553,0.11563019
0,-0.011665676,0.098342255
1,-0.16958576,0.48767233
0,0.100181565,0.047405005
0,-0.25707835,0.04384128
1,0.14830464,-0.3337931
1,-0.13602997,0.09555293
0,0.27038366,-0.16221072
1,0.05021544,-0.16002248
1,0.08588563,0.29157418
0,0.18998566,-0.28726065
1,-0.04375139,0.32683206
1,-0.40272647,0.03267189
0,0.27821207,-0.046053156
1,0.22767463,-0.19753684
0,0.28425962,0.040445037
0,-0.20718268,-0.15838636
0,-0.30947083,-0.22192736
1,0.22037691,-0.30857015
1,0.12279847,0.40344483
0,-0.1824112,0.064735815
0,0.036577653,-0.08866122
0,-0.06779124,0.065137416
1,0.07962458,-0.23295744
1,-0.034764957,0.3996837
0,0.117162645,0.14120309
1,-0.003526058,0.059962794
1,-0.08459012,-0.30662173
1,0.37626743,-0.1238652
0,-0.101111054,0.18027832
0,0.0387366,-0.33393395
0,-0.038128503,0.019833036
0,-0.17075428,-0.17831092
1,0.24113774,-0.21874513
1,-0.17891172,0.15984383
1,0.26395163,-0.086635455
1,-0.044012576,-0.14902623
1,-0.15841767,-0.123393014
1,-0.008746911,-0.15680356
1,-0.243254,0.032294653
0,-0.054784775,0.038024522
0,0.085795015,-0.3224588
1,0.078908324,0.16103885
0,-0.26699334,0.041706778
0,0.24845722,0.031153642
1,0.14186727,0.17112425
0,-0.2382782,-0.23516662
1,-0.22473039,0.13637888
1,0.13387492,0.12420536
0,0.07200357,0.04102215
1,0.18107007,0.27451742
0,-0.0678702,-0.014106169
0,0.23617142,0.09545861
1,0.46190012,0.014935292
0,0.19085933,0.009996951
0,0.41175002,0.040059507
0,-0.2594822,-0.05455871
1,0.015677411,0.23757812
1,-0.08594847,0.13521504
1,-0.09037088,-0.06252979
1,-0.11648914,-0.13605179
1,-0.121603996,-0.1361077
0,-0.03215657,-0.13631733
1,0.07955642,0.34079456
1,-0.1245766,0.15324591
1,-0.16893975,0.055137962
0,0.07587454,0.11311793
1,0.18697026,-0.27332973
0,0.1270955,0.05940514
1,0.10903615,0.019616947
0,-0.08347762,0.08796099
1,0.059374753,0.17876881
0,-0.15685698,0.07367003
1,-0.16925052,0.11769062
0,-0.09085781,-0.0045065433
0,-0.06805778,0.018939868
1,0.0052525774,0.20166016
0,0.14216316,0.13997528
0,-0.12509012,-0.03080529
1,0.20005903,0.060021423
1,0.17791039,0.37255326
0,-0.2168001,-0.11307329
1,0.46961826,0.19963878
0,0.24990946,-0.026101515
1,0.13116561,0.5763853
0,0.24694085,0.15453461
0,-0.17253941,-0.09488021
1,-0.3368421,-0.05614786
1,0.06975636,0.042074196
1,0.20687671,-0.20957442
1,0.013031114,-0.20735921
1,-0.009931862,-0.18200816
1,0.09273137,0.07169585
0,-0.22013918,0.07617505
0,-0.093121275,-0.22074418
1,-0.35370213,0.1450212
0,0.23844978,-0.020958468
1,-0.25853512,-0.14470463
1,0.267519,0.14475507
0,-0.19455543,-0.1022394
0,-0.29636207,0.123040855
0,0.037690874,0.2261652
0,-0.31100392,0.12135958
1,0.18511173,-0.05197689
0,0.13674903,0.13776767
0,-0.23883006,0.024328947
0,-0.2388848,0.19306985
0,-0.15804255,-0.04769066
1,-0.21368742,0.6543207
1,-0.052524235,-0.2195174
0,0.16687879,0.22996207
0,-0.09414399,0.16140607
1,0.10819641,0.1187546
0,0.092085525,0.090170994
0,0.05054729,-0.01616171
0,-0.076465584,-0.11798735
1,0.26172757,0.05761057
1,-0.16031054,-0.069404975
0,-0.2217328,-0.1102954
1,-0.14384028,0.24614581
0,0.16333711,-0.089107454
0,-0.07282837,0.057903305
0,-0.2667883,-0.16082488
0,0.06253411,0.017196223
1,-0.14747898,-0.10483864
1,-0.27043912,0.29792193
0,0.029295225,0.22309355
1,-0.11118035,0.053341284
1,0.03727637,-0.15899445
0,-0.060398098,-0.06528157
0,-0.1217898,0.059983894
1,0.26760912,-0.017330036
1,-0.101089075,0.28496477
0,0.113539726,-0.006495431
1,0.24080122,0.0152858645
1,0.14546221,0.12510172
0,-0.2664264,0.26254755
0,0.14538273,0.17550878
0,-0.050486263,0.29347295
0,-0.033010446,-0.40151763
0,-0.27660677,-0.14856984
1,0.0359021,-0.48435807
0,0.14048575,0.17356403
0,0.12525672,-0.11882891
1,-0.12144679,-0.02901958
0,-0.36579478,-0.0033054054
1,0.29299057,-0.20616628
0,0.18887988,-0.00800705
1,-0.016958319,-0.081567004
1,-0.01574844,0.1915546
0,-0.2411133,-0.10398418
0,0.2621019,-0.14343481
1,-0.06829076,0.15428862
0,0.019580062,0.30582497
1,0.0006979257,0.037479244
1,0.3804736,-0.116580084
0,-0.042126376,0.0358885
0,0.0127357505,-0.19733582
0,-0.101004705,0.21034326
0,-0.34404457,-0.2157724
1,0.13305996,0.00946106
1,0.4117548,-0.04624574
0,-0.11407484,0.11588367
1,-0.005118292,-0.3636434
1,0.19363467,0.022746287
0,0.065322116,-0.009355485
1,-0.032491967,-0.23659386
0,-0.06465357,0.16924794
1,0.015658747,0.39933145
0,0.17108825,-0.005015135
0,0.10153289,-0.19959481
0,0.058912847,0.060499072
1,-0.17775112,-0.004477665
0,-0.14235865,0.065633684
0,0.11657666,0.07598985
1,-0.3305326,0.5335979
1,-0.17139116,-0.18996067
1,-0.11441222,-0.07328363
1,-0.17522274,0.049307726
0,-0.14128385,0.19329396
1,0.001255095,-0.06512548
1,0.10192919,0.2518128
1,-0.23643172,-0.2576605
0,-0.035384815,0.00060886145
0,0.10272047,0.0975984
0,0.33259106,0.06570371
1,0.24911857,0.041343562
1,0.64385676,-0.19963689
0,0.13854194,-0.026803479
0,0.3347536,-0.13697867
0,0.021493375,-0.09858996
0,-0.04556593,-0.02584742
1,0.03549779,0.17280817
0,-0.03008139,0.16148484
1,-0.0059633814,0.0005020797
0,0.15833806,0.12563078
0,-0.056756075,0.072211556
0,0.024660718,0.024791718
1,-0.21519771,-0.097407
1,-0.087743096,-0.08397238
0,0.17136836,0.056283325
1,-0.1043701,-0.15296902
0,-0.19961506,-0.11622153
1,-0.17493182,0.092256136
1,-0.048710473,-0.1507174
0,0.082690254,0.15952265
1,-0.0051216353,-0.15124513
1,-0.23954734,-0.146053
1,-0.09022407,0.25649613
0,0.16748172,0.020820543
1,0.026779879,-0.2794124
1,0.17523116,-0.24868841
0,0.041302,0.16673082
1,0.05896431,0.5464243
0,-0.12537107,-0.2593131
1,-0.1842053,-0.08087215
0,-0.27797198,0.002215758
1,0.1314707,0.0064944923
1,-0.052380472,0.23723139
0,0.17754355,0.030819967
0,0.16465914,0.008837134
1,-0.08088674,-0.20770688
0,-0.14774059,0.06085305
0,-0.054110736,0.07638709
1,0.5109905,-0.005533263
1,0.06506123,0.116559684
1,-0.09254938,0.06604195
0,0.4733497,0.14527799
1,-0.05161989,0.121183045
1,-0.47390914,0.12390414
0,0.104630545,0.07556615
1,0.20926225,-0.16526078
1,-0.16777292,0.067988746
1,-0.15458177,-0.13364996
1,-0.16961938,0.4189657
1,-0.05208161,-0.46351862
1,-0.30243027,0.26776004
0,0.0041853786,0.10303289
1,0.4141134,0.013390198
1,-0.015269162,0.059100002
1,0.12489705,-0.28333455
1,-0.070209846,-0.23854627
1,-0.06638682,0.042954206
1,-0.2951948,0.2550543
1,-0.49881378,0.147902
1,0.17225495,0.10376614
1,0.1907463,0.101478875
0,0.121025264,0.061162665
1,-0.029945083,-0.13188206
1,-0.14601222,-0.018904254
1,-0.12318613,-0.0012084842
0,-0.11102027,-0.06201765
1,0.0974538,-0.24677952
1,-0.35392335,0.08909767
0,0.008322787,0.02800937
1,-0.29838866,0.15742311
0,0.18760955,-0.23187165
1,-0.12495977,-0.020283237
1,-0.29304346,0.53798276
0,-0.061552674,-0.07838322
0,0.2556969,-0.12609012
0,-0.12966284,0.16158935
1,-0.1359353,-0.101015866
0,-0.18665159,0.067827135
1,-0.17469302,-0.085859224
0,0.14558266,-0.14022423
0,-0.108293965,0.071555644
0,0.05436744,-0.006379202
0,-0.34034252,-0.118773565
0,0.047117356,0.13221522
0,0.26467466,0.01610393
0,0.12446886,0.013002723
0,0.11117956,0.0029013008
1,-0.17603013,0.14010331
0,-0.073862195,0.13293004
0,-0.112596884,-0.084241286
1,-0.0821349,0.10484193
0,-0.17498957,-0.095969215
1,-0.08233547,0.26953742
0,0.19804043,-0.07047355
1,-0.46458232,0.24232148
1,-0.46282154,0.022947252
0,-0.07477793,0.02553372
0,0.1104853,-0.078740016
1,-0.005292177,-0.021463662
0,-0.17240126,-0.07078524
0,-0.08367686,0.095987126
0,0.041231025,0.103381686
0,0.18770112,-0.07254125
1,0.09312442,0.034669988
1,-0.09674451,0.26456445
0,-0.15720211,0.082302555
1,-0.080227345,0.01473169
1,-0.21648008,0.18369497
0,-0.1912627,-0.12790184
1,-0.2067739,0.16638859
0,-0.18044376,0.092748135
1,0.08071941,-0.2093759
1,0.35037294,-0.01996167
1,0.2387085,0.113532364
1,0.06252003,-0.3641761
1,-0.35860568,0.070588
1,0.005411811,0.24811564
1,0.2413967,-0.33221477
0,-0.18686378,0.11793589
0,-0.07236932,0.06844867
0,-0.09239665,0.032010064
0,0.045908798,0.15170993
1,-0.108242646,-0.23436259
1,-0.018118292,0.36689097
1,-0.16110696,0.26646525
0,0.007781282,0.15708396
1,0.06763032,-0.16239883
0,0.09704536,-0.14190127
1,0.09585002,-0.18308245
1,0.2877352,-0.074820355
0,0.087816015,0.1101934
0,0.15891537,-0.003887847
0,-0.13046014,-0.05645369
1,-0.1785623,0.55167997
0,-0.04296282,-0.105896905
1,0.10986079,-0.043953165
0,0.07820819,0.19442856
0,0.21494558,-0.2430463
0,-0.07094595,0.055450857
1,-0.34535998,0.32120144
1,-0.101316884,0.035968415
0,0.011436079,0.065303944
0,0.02544124,-0.016072482
1,-0.2744022,-0.21731813
1,0.2200247,0.1850746
0,0.13557243,-0.08884986
0,0.12250525,0.020670325
1,0.35692573,-0.0022767484
1,0.1803895,-0.060767442
1,-0.13337125,-0.05263351
1,-0.043605607,-0.20632346
1,-0.29551375,0.244699
0,0.17686313,0.09008161
1,-0.2801663,0.14892195
1,-0.0693253,-0.46288526
1,0.009805884,-0.39283997
1,-0.121806085,0.2722121
1,0.3490926,0.32885683
1,0.19477226,-0.10786067
1,-0.180824,-0.15819253
1,0.064727694,0.09643889
1,-0.072851196,-0.35989845
1,-0.14613537,0.3660904
1,0.036091078,0.51758146
1,0.032983292,-0.26674914
0,-0.4099663,-0.12184186
1,0.20980816,-0.11901064
1,-0.035671324,-0.4243493
0,-0.0037738942,0.16568045
1,-0.053648017,-0.4901116
1,0.13248141,-0.596404
0,-0.16625404,0.029098883
0,0.016337696,-0.27815515
1,0.43662187,0.027930446
1,0.16304086,-0.11068486
0,-0.2950945,0.053125717
1,0.19894038,-0.4137364
0,0.16004041,-0.060854822
0,-0.10160032,-0.19347624
1,0.35860312,-0.14358582
1,0.15117854,0.34447736
1,-0.28903574,-0.11589365
0,0.23820505,-0.04536985
1,0.1906842,0.22992589
1,0.059877347,0.0988681
0,0.16448587,-0.047924176
0,0.15084308,0.0060063004
1,0.14418092,-0.12464316
1,-0.31276673,0.15160458
0,0.09110694,-0.07133789
0,-0.083581485,-0.0492384
1,-0.08175781,0.05787178
1,-0.5602182,0.19146621
1,0.10245259,0.13541436
0,-0.14393577,0.066924974
1,0.28922105,0.11167104
1,-0.17417175,-0.14385165
0,-0.050870672,-0.46761978
0,-0.17940885,-0.069579825
0,-0.28217328,-0.27060813
1,-0.08552857,-0.23343389
1,0.18712437,0.07740484
0,0.21355811,0.115828104
0,-0.026485592,-0.01793383
0,0.10015294,-0.08959596
0,0.22860956,-0.005066693
0,0.09466028,0.01099325
1,-0.027366795,-0.21391942
1,0.0013954081,0.008876711
0,-0.19995925,0.189536
1,-0.074556515,-0.4347403
0,0.14071077,-0.12730016
1,-0.10547976,0.060601085
1,-0.46364087,0.16904993
1,0.18455057,-0.16123043
0,0.09596458,-0.19520219
1,0.2309047,0.10961945
1,-0.062295917,0.46861678
0,-0.20593198,-0.022706762
0,0.025808915,-0.018716037
1,-0.18331806,0.5076266
0,0.22458175,-0.008215055
1,0.13246396,0.1300463
1,-0.09932165,0.004609108
1,0.102152616,-0.1764342
0,0.13952687,-0.079527944
1,0.0088372305,0.31009632
0,0.10366446,0.0064668357
1,0.11538935,0.0077782795
0,0.16215694,0.23441106
1,-0.42583406,0.098328605
0,-0.11841592,-0.18323572
1,0.5626466,-0.00053693354
1,0.164633,0.17679876
1,-0.32395437,-0.008282572
0,0.12739488,0.076262265
1,0.06037387,0.019703925
1,0.18580818,-0.2219178
1,0.24056083,-0.40184736
0,-0.109258994,-0.027630731
0,-0.029377073,-0.08346476
0,0.0845819,0.15259665
0,0.0628396,-0.100721985
0,-0.14949298,0.017059349
1,0.3323217,0.20629555
0,-0.090212256,0.13261496
0,-0.16501158,-0.35704142
0,-0.29204723,-0.1312301
0,-0.22004849,0.33741826
0,-0.1838271,-0.133626
0,-0.11896743,-0.20504905
0,-0.07309209,0.01317279
1,0.006427493,-0.3370782
1,-0.025955915,-0.25062865
1,0.10406542,0.01847227
0,-0.00804431,0.165468
0,-0.21151488,0.103214696
1,0.21813706,0.21988955
0,-0.0046232995,0.007813856
1,0.0674877,0.37482417
1,-0.027416456,0.07352723
0,0.1271821,0.04119037
1,0.1442039,0.1027613
0,0.39252207,-0.015018821
1,0.0092875175,0.13125579
0,-0.14250092,-0.33294207
0,0.0137691125,-0.09366223
0,-0.034491368,-0.037547454
0,0.4697175,-0.013593271
0,-0.22055447,0.075353846
0,-0.29379284,-0.049920604
0,-0.284892,0.19730985
0,0.159109,0.007701814
0,0.12033132,-0.1480548
0,0.011595529,-0.036573455
0,0.098364204,0.13075751
1,-0.033649936,-0.0029758662
1,0.38545555,-0.039589897
1,-0.20638311,-0.3331166
1,0.20458679,0.09010474
0,0.048703793,0.15040416
1,0.26398897,-0.21647002
0,-0.1599997,0.103094414
1,-0.33066213,0.070294276
1,0.2910441,-0.18886806
0,-0.04324199,-0.076494485
1,0.25150728,-0.18193169
0,-0.20152064,-0.13052611
0,0.09243803,-0.03160815
1,0.17204544,0.18626542
1,0.18769492,-0.3266362
0,-0.053654965,0.1553771
1,-0.067118645,-0.28300738
1,-0.037233673,-0.11642523
1,0.0981217,-0.2244565
0,-0.15203425,0.116552055
1,-0.00505008,0.20125544
1,-0.0019648597,0.13142844
1,-0.12797716,0.1330574
1,0.09735057,0.09089034
0,-0.20243885,0.19213867
0,-0.10023202,-0.13467287
1,-0.3042773,0.08532587
1,-0.031083204,-0.32497466
0,-0.121958524,-0.12491478
0,-0.097974464,-0.04214625
0,-0.2623148,0.046213925
1,-0.007807255,0.01670923
1,-0.095174894,0.07552686
1,-0.02484168,-0.1642497
0,0.0548393,0.120442204
0,-0.11496587,0.0052487105
1,-0.112477735,0.018601626
0,-0.38020444,-0.137668
0,-0.053322613,0.12902254
1,-0.0915007,-0.09778325
1,-0.06169314,0.030646205
0,-0.4083173,-0.04859908
1,-0.19661614,0.47852504
0,0.00010892749,-0.003826514
1,0.16406713,0.09989625
1,-0.3661105,0.06582993
0,-0.05576322,0.19102786
0,-0.30962074,-0.14729978
0,0.2432254,0.14252476
1,0.31056088,-0.052175894
1,-0.080997154,-0.07071094
1,-0.46468022,-0.03075923
0,-0.15519573,0.15895645
1,-0.24204674,-0.03442283
0,0.0453708,-0.35993874
1,-0.33133164,-0.33204937
1,-0.016323276,0.34806636
0,0.08604176,0.17134845
0,-0.16974938,-0.61114293
1,0.29233512,0.07863773
1,-0.015569765,0.13018107
1,-0.06638366,0.08836764
0,0.08030045,-0.29133034
0,0.09341015,0.020161286
1,-0.101526484,0.12524937
0,-0.06170973,0.0019808859
0,-0.2727676,-0.135338
0,0.20522544,0.1318968
1,-0.20326212,-0.07344328
1,-0.1903161,-0.1204368
0,0.15098846,0.012700677
0,0.3548848,-0.16573821
1,0.38410467,0.08314211
0,0.055779476,-0.019946381
1,0.4038296,-0.061557874
0,-0.120556325,0.04975182
0,-0.1019167,-0.22823544
1,0.33355188,-0.07608056
1,0.05042891,0.00802511
1,0.29528165,0.3120385
0,-0.03228742,-0.08210455
1,0.12901916,-0.25664765
0,0.16382582,0.014792338
0,0.048449982,-0.24707855
1,0.16504045,0.11360778
1,-0.102237195,-0.121449456
1,0.1608077,-0.1366807
1,-0.41886225,0.12488025
1,0.011827175,-0.30355144
0,-0.07513006,0.11071787
1,0.011376996,-0.2686249
0,0.0757065,-0.03697808
0,-0.19229144,0.18579058
1,-0.5913305,0.58068573
0,-0.09774153,0.14630193
1,-0.27460706,0.3207816
1,0.42353177,0.056201868
1,0.03597911,-0.20478918
1,0.07962236,0.17637983
0,-0.15718932,-0.07188544
0,0.22292891,-0.11338247
1,0.35227293,0.32091805
0,-0.07305923,0.07310547
1,-0.13841018,0.08581933
0,-0.037418127,-0.046202496
1,0.03883459,0.039371505
1,-0.22361393,0.057586066
1,0.1682851,-0.3233636
1,0.30908215,0.06581262
1,-0.03480589,-0.019414768
1,-0.6093402,0.157697
1,-0.04370879,-0.11496426
1,-0.14968003,0.31229258
1,-0.12203777,0.14501572
0,0.027773123,0.0035220385
0,0.13463342,0.051587112
1,0.03807118,-0.10914935
0,0.10551852,0.091252625
0,-0.17612825,-0.06767945
1,-0.13704358,0.11670991
0,0.026734944,0.047190994
0,0.12969474,-0.40069878
0,-0.05967114,0.039086193
1,0.018482305,0.0005784184
0,-0.10307562,0.21951784
0,0.12394951,0.15108256
1,0.5734954,0.38921678
0,-0.11569737,-0.114556
0,0.06951451,0.028919823
1,0.08876312,-0.23765574
0,-0.19302082,0.027774498
1,-0.15219168,-0.1988116
1,0.015725221,-0.09395157
1,-0.39999515,-0.02246496
1,0.05164281,0.19245309
1,-0.08033331,0.2903797
1,0.05145574,-0.22435035
1,-0.37973446,-0.26567245
0,0.21274465,-0.21115337
1,0.035434354,-0.15435503
1,-0.22691791,-0.44340026
0,-0.11673443,0.11354105
1,0.34843725,0.033821568
0,-0.17726025,-0.21260573
1,-0.09548927,-0.380315
1,0.36336505,-0.048493683
1,-0.34323585,-0.074024215
0,-0.3431024,-0.12558772
0,-0.45629627,-0.01770927
0,0.2037456,-0.1090059
1,0.264849,0.07339542
0,0.13132626,0.052277036
0,0.1423089,-0.2540782
0,0.16869792,0.030317545
0,0.24314985,-0.19957216
1,-0.12190415,-0.34639978
0,-0.13552901,0.04158719
1,-0.08099039,-0.05090694
0,0.11660533,0.06110254
1,0.1763443,0.08848248
0,0.11618024,-0.09427245
1,-0.33176142,0.037563495
0,-0.28288946,0.19604239
1,-0.03257583,-0.040405855
0,-0.17009751,0.11311094
1,0.07089622,-0.019318119
0,-0.0059750676,-0.023397997
0,-0.27286854,0.18873477
1,0.17653391,0.31556603
1,-0.19783528,0.025937527
1,0.34830108,0.41644102
1,-0.026859581,-0.5033823
1,-0.27216953,0.31104857
1,0.23059171,0.04138829
0,0.067282215,0.21776703
0,0.4078884,-0.044458583
0,-0.16250165,-0.21052252
0,-0.27057055,0.21653168
1,-0.29569367,0.33685154
0,-0.12566377,-0.11868234
1,-0.016923139,0.0296136
1,0.021444846,-0.061284184
1,0.29031438,0.30685747
1,-0.31586397,0.09057961
1,0.30157733,0.06869533
0,0.29048607,0.05541165
1,-0.018211372,-0.11745094
0,-0.42338473,0.013258651
1,0.123226255,0.37593478
1,-0.19060187,-0.22350718
0,-0.13644537,0.10292843
0,0.117295235,0.0049644113
1,0.15765847,0.2740509
0,0.26441288,-0.11225869
0,0.019097049,-0.13917057
0,-0.05246269,-0.23903902
0,-0.23532143,0.23079716
1,0.043404166,-0.018818796
0,0.16671368,0.20368584
0,0.2599468,-0.028660148
1,-0.22108132,-0.3441437
1,-0.26792994,0.45170653
1,0.2573996,-0.16171928
0,-0.17572178,-0.014566615
0,-0.13727383,0.10676761
1,-0.15213534,-0.0044711977
0,-0.03324827,-0.033211604
1,0.12334818,0.14597677
0,-0.1628028,0.046005808
0,-0.24177521,0.14715795
0,-0.17027393,0.009956196
1,0.18565047,-0.24097933
1,-0.16596323,0.17183895
1,-0.0007035248,0.15004122
0,0.29536647,0.058456913
1,-0.32591298,0.10713851
1,0.14989987,-0.37263823
0,-0.08992013,0.19954443
0,-0.078565925,-0.0694648
0,-0.25852102,-0.114124626
1,0.02987327,0.22675557
0,-0.01836829,0.024579525
0,-0.38493973,-0.13606878
0,-0.071594715,0.033875793
1,-0.03541289,0.3533863
1,0.12639114,-0.08916955
1,-0.07838245,-0.5195893
0,0.11850853,0.104764074
0,-0.16609807,0.20573457
1,-0.12572283,0.040461957
0,0.17371687,0.024840519
1,0.2686602,0.13551086
0,0.21737021,-0.11974679
0,-0.04024236,0.059630692
0,-0.46858716,0.11169709
1,-0.12694976,0.28074574
1,0.12457803,0.32327545
0,-0.16879493,-0.006075099
1,-0.22862819,-0.30915058
1,-0.044336855,0.18810245
0,0.14258957,0.1520578
1,0.09140752,0.08834742
0,0.18868402,0.009341486
1,-0.14105478,0.105275735
0,-0.0529043,-0.13897766
1,-0.23366167,0.26446655
0,-0.083454266,-0.13213797
0,-0.024760071,0.24044335
0,0.15587544,-0.10619457
1,-0.1413416,0.060027808
1,-0.05548746,-0.32261342
0,-0.0034911223,0.09646392
1,0.062263045,0.07520514
0,0.1896266,0.08679497
1,0.11554082,0.0040180385
1,-0.49089402,-0.03610313
0,0.1349985,0.03743419
1,-0.015504576,-0.13638254
0,-0.29598197,0.041098073
0,-0.15708275,-0.1784059
0,-0.09407242,0.15797469
0,-0.033061594,-0.044843808
0,0.119366735,0.07128782
0,-0.019875102,0.0762599
1,-0.2340821,-0.1808693
0,0.04559573,0.097837865
1,-0.15029125,-0.36083412
0,0.5508237,-0.035777256
1,-0.08747778,-0.12671731
1,-0.38670337,-0.2950095
1,0.25224003,0.10185078
0,-0.183099,-0.10132189
0,-0.055331293,-0.05857171
0,-0.10634409,0.11315037
1,-0.07290397,-0.462776
0,0.09547372,0.08367273
1,-0.119478375,-0.1208659
0,-0.23114657,-0.2603345
0,-0.11495891,0.10557676
0,-0.16767752,0.046994947
1,0.034670707,0.039396465
1,0.13292116,-0.48050612
1,0.12406775,0.33611935
0,0.04916681,0.17222972
1,0.48616886,-0.023552522
1,0.060277868,-0.09605254
0,-0.016298436,0.062983915
1,0.0921583,0.15291911
1,0.11486478,0.23098633
1,0.5124227,-0.059735224
0,0.047613833,0.045239672
0,0.023512814,0.004069969
1,-0.0050588995,0.22623494
0,0.4124805,-0.048440963
0,0.03878967,-0.2363589
0,-0.14913681,-0.14123534
1,0.074140444,0.016888186
0,-0.13418676,0.15774783
0,-0.08981733,-0.07945289
0,0.35347658,0.0976278
0,0.20715633,-0.10613884
0,0.08354382,-0.14094515
1,0.35134557,0.003547281
1,-0.28205323,-0.23685734
1,0.063896894,-0.22326387
1,0.070967615,-0.2290952
0,0.03204469,-0.032444015
0,-0.33718985,0.11863481
1,-0.14545463,0.036018386
1,0.10767427,0.16863477
1,-0.025622975,-0.18529768
0,0.1168582,-0.072815135
1,-0.3862192,0.3161691
1,-0.0025912672,-0.2789389
0,0.045106802,0.22445694
1,-0.12233749,0.087145954
0,-0.1618484,0.16877508
0,0.2261694,0.06835364
0,-0.057385392,0.064140156
1,-0.12675062,-0.24704893
0,-0.029816436,0.13992706
0,-0.31323445,0.090092674
0,-0.07885374,0.09077902
0,-0.042740937,0.034593455
0,-0.22126868,0.030162334
0,0.35759115,0.1267926
0,0.086970925,-0.057807446
0,0.15396598,-0.054683015
0,0.13412726,0.023018703
0,0.15189937,0.022182912
0,0.08176637,-0.005673066
0,-0.077794224,-0.10563941
0,0.04178487,-0.0054486543
0,-0.1568803,-0.07260692
0,-0.007790817,0.018126339
0,-0.16776627,-0.0048318505
1,0.15919246,-0.30310184
1,-0.044642847,0.20084314
0,-0.13030434,-0.16144396
1,0.3290251,-0.22719456
1,0.11465429,-0.34859765
0,-0.12171525,0.061816715
0,-0.14017384,0.24904183
0,-0.089973174,0.08362607
0,0.05398156,0.019783601
1,0.011857275,0.058368288
1,-0.14019646,-0.3200392
0,-0.033408437,-0.038346335
1,-0.08989164,-0.11210072
0,-0.0015867352,0.11855651
1,-0.12087375,0.29219574
0,-0.03708802,0.14043188
1,-0.0055204704,0.088236675
1,-0.14143632,-0.2783429
0,-0.24021852,0.20411746
1,0.21457154,-0.15705465
1,-0.055318452,0.47920138
0,0.189773,0.026378445
1,-0.020756114,0.08789655
0,-0.028204702,0.020149752
1,-0.04641865,0.35789636
0,0.2286627,0.040959373
0,-0.15126453,-0.06291701
1,0.37064946,-0.16191994
1,0.040650804,0.0953076
0,-0.26026586,-0.20779265
1,0.17200384,-0.09764828
1,0.24129257,-0.13570012
1,-0.2619276,0.06429922
1,0.3031757,0.19292887
0,0.14738226,0.037900746
0,0.20094314,0.022851124
1,0.2113379,0.16801721
0,-0.12695777,-0.032233015
0,0.043102715,-0.049638823
1,-0.36737415,0.12986282
0,-0.06839948,0.050078556
1,-0.050459825,-0.010291383
1,-0.11218181,0.011807367
0,-0.02363681,-0.05562173
0,0.14169857,0.008598082
0,0.0018023178,-0.069551036
1,0.06893125,0.42846978
1,-0.27687857,0.0032541454
1,0.06709775,-0.12484361
1,-0.013003524,-0.078533605
0,-0.23447424,-0.05357872
1,-0.05928229,0.025495745
0,0.08780402,-0.058272347
1,-0.20058483,0.28912473
0,-0.04869482,0.06378316
0,0.15171865,0.10774129
1,-0.049642883,0.38172418
0,0.017702203,-0.047024056
0,0.106432736,-0.12838848
1,-0.059990592,-0.15621044
1,0.026237246,-0.08928113
0,-0.21676187,0.013439998
1,-0.08915359,-0.06313352
0,0.38842648,0.10753965
0,-0.22739501,-0.047790542
1,-0.043801174,-0.0076637864
1,-0.067048945,-0.027625665
1,0.10146895,0.0899017
0,0.047829885,0.0013521165
1,-0.34500155,0.061060794
0,-0.0795743,0.002772227
1,-0.0047690608,0.031265773
1,-0.3013624,0.058112793
0,-0.06256599,0.002110362
0,0.1720427,-0.0027159303
1,-0.43816665,-0.19546913
1,-0.13852772,-0.026741564
1,0.026788108,-0.5181409
0,0.15916383,0.086197995
1,-0.14060892,0.43531442
1,0.18492502,0.006698057
0,-0.16624294,-0.37605345
0,-0.05225566,-0.026575744
1,-0.13892594,0.28358787
0,0.016806204,0.010029644
1,-0.05449991,-0.39682615
0,-0.01964392,0.04136651
1,-0.10268819,-0.39079827
0,0.067782834,0.15432975
1,-0.06607028,-0.2088191
1,0.31436908,-0.52454513
1,-0.35405254,-0.13123815
0,0.26040477,0.03362821
1,-0.10748908,0.072119445
0,0.10110535,-0.18698694
1,0.24925181,0.21303727
0,0.177986,-0.09006558
0,-0.24788207,-0.23653539
1,-0.2419917,0.3093534
1,-0.27864364,0.07196831
1,0.10939194,-0.11922158
0,-0.07425739,0.11824712
0,0.23600072,0.20495622
1,-0.2720239,-0.41313773
0,-0.14256781,-0.09537934
1,-0.18265173,-0.006001994
1,0.024650421,-0.47984874
0,-0.055727318,-0.042070523
0,0.151937,0.24445373
1,-0.24271023,-0.47138542
0,0.17245428,0.016519241
0,0.13885435,0.014883652
1,0.11286412,0.0971402
1,-0.08378337,0.08042045
0,-0.06733494,0.021558054
0,-0.005437415,0.08061549
0,-0.03934554,0.061875485
0,-0.1494087,-0.022347376
1,0.31865925,0.20914517
0,0.067281604,0.039463863
1,0.2235888,-0.03836228
1,-0.06506406,0.3216064
1,-0.024028566,0.107970566
0,0.21939853,0.014408819
0,-0.20040599,0.01002831
1,0.05109941,-0.17667224
1,0.07426329,-0.2322369
1,0.32668188,-0.13480406
1,0.3451844,0.06016981
0,-0.14435837,0.1018004
0,0.13303569,0.057182714
0,0.08348821,-0.11930464
1,-0.23522969,0.1958184
0,-0.05881928,-0.041943386
0,-0.2927488,0.065987065
0,-0.11652258,0.10030671
1,-0.017070139,-0.16120668
1,0.4138351,0.15953514
0,-0.06033169,0.051812552
1,0.2089934,0.053474158
0,0.21146834,0.031185701
1,0.25868922,-0.14252014
0,0.21800777,-0.17016433
0,-0.16664214,0.08061065
1,-0.0102192145,-0.09959893
1,-0.034302603,0.27175415
1,0.037118707,-0.19545613
1,0.002040416,-0.21837606
1,0.067196995,-0.0044495314
0,-0.07724005,0.034154072
0,0.24709427,0.076315865
1,0.023357216,-0.43227172
1,0.09748505,0.01416105
1,0.25255984,-0.08153494
0,-0.033513665,0.13753791
0,-0.13219912,0.14918244
0,-0.059177164,0.24054602
0,-0.15833159,0.101479456
0,-0.0033833086,-0.024556965
0,0.16243324,-0.099961534
1,0.22277546,0.13426793
0,-0.19615802,-0.047195464
1,0.15865591,0.06700146
1,-0.02804935,0.295152
0,-0.25654042,0.08028358
1,-0.030439157,0.14312294
0,0.026141625,0.118078716
1,-0.20703164,-0.0038522333
1,-0.09583753,-0.4998108
0,0.12592064,-0.27045453
1,0.19858393,-0.08455762
1,0.21939406,0.36074203
1,-0.19292447,0.22261855
0,0.15346126,-0.18264075
0,0.06583683,-0.121904686
0,-0.08232971,0.0671009
1,0.036062468,0.08432308
0,-0.1799415,0.112532936
1,0.47256786,0.07239184
0,0.013356876,0.15221764
1,-0.27846035,0.15421553
1,0.36995298,0.38240552
1,0.102557346,-0.27701724
1,-0.23015526,0.20887433
1,0.23384222,-0.03260775
1,-0.47369003,-0.07652931
0,0.010701165,0.034716427
0,-0.23956612,-0.06291033
0,-0.047053017,-0.05358936
1,-0.09563084,0.041675642
1,0.19020832,-0.5024713
1,-0.10806827,-0.55772054
0,0.011935886,0.057124697
0,-0.082225874,-0.07834704
0,-0.030070454,-0.08723177
1,-0.22790395,-0.060060382
1,-0.012202632,0.08021946
1,0.094483644,0.15113334
1,-0.4134285,0.35365742
1,-0.17612825,0.4382438
0,-0.1204409,-0.07866913
1,-0.07031049,-0.07951297
0,-0.28936988,0.018813863
1,-0.2882735,0.2863001
0,-0.3296938,-0.15038086
0,0.17523035,0.091177955
1,-0.05416781,-0.030991063
1,0.21028554,0.18834603
1,-0.037944093,0.26528352
1,-0.02433817,-0.39457124
1,0.16624984,0.29996073
1,0.1113137,0.23828977
1,-0.06825198,-0.043345198
1,-0.20396766,0.0971432
1,0.34090483,-0.3563481
1,0.05598968,-0.04740472
0,-0.18978237,0.067108594
0,0.16237575,-0.26178747
1,-0.028126359,-0.2674253
1,0.04624698,0.13243747
1,0.13880512,0.3917178
1,-0.21583338,0.0623729
1,0.06677221,0.08111339
1,-0.15881394,-0.038164154
1,0.34412128,-0.2639081
0,-0.26089212,0.02332145
0,-0.09017913,0.015656732
1,0.0036447123,0.12851296
0,0.21517718,0.20189275
0,0.018608212,0.24094072
0,0.008698039,-0.044535264
1,-0.21487948,-0.16674764
1,-0.2759317,-0.092512384
1,0.021437049,0.0213819
0,0.29639852,-0.18724026
0,0.13183285,0.018793777
0,0.017242726,-0.012246653
1,0.08501023,-0.019823417
1,0.1435855,0.20497695
0,-0.35246488,-0.08002505
1,-0.09650247,0.08665985
0,0.019354872,0.11305063
0,0.16141906,-0.09213884
1,0.0819771,-0.15877779
1,-0.07624991,-0.5250013
1,-0.28168434,0.30067098
0,0.039138746,-0.031103626
1,0.06312649,0.18318683
0,0.20839235,-0.09055154
0,-0.014795348,0.17507398
1,-0.14789756,-0.15485202
0,-0.15802851,-0.118082926
1,-0.3630861,0.2499553
1,-0.33208674,0.37024665
1,-0.22445847,0.03585381
1,0.27069926,-0.38325846
0,-0.09883256,0.11399671
0,-0.14961526,0.1186466
1,-0.035603996,-0.26430166
1,0.5231141,0.31877524
0,0.22840464,-0.0568576
1,-0.15604816,-0.060081527
0,-0.18057902,-0.016140252
0,-0.042370982,0.07612664
0,0.08349511,0.025864273
0,-0.2266934,0.050995186
1,0.16085368,0.06755223
1,-0.0744784,0.086733826
0,0.052455064,0.031735286
1,-0.33265984,-0.09982632
0,-0.060499743,-0.018667608
0,-0.055813573,-0.06939246
1,-0.5021395,0.03241144
0,0.1326912,0.020503536
1,-0.046621263,-0.33939677
0,0.19465606,-0.086640716
0,-0.02570277,-0.017781958
1,0.069419265,0.6441388
0,-0.0677952,-0.09216498
0,0.15745644,-0.036681578
0,0.08921601,-0.24303122
1,-0.11499433,0.24039343
1,0.2786248,0.09285272
1,0.39328176,0.1516526
0,-0.10811934,-0.20878692
0,0.21294448,0.05166012
0,-0.40445617,-0.1261109
1,0.22262475,0.16777308
1,0.20117164,-0.22606815
0,0.00981345,0.15230475
0,0.24403405,-0.18903758
1,0.06509715,0.21498427
0,-0.051239286,-0.018892765
1,0.23737466,0.030383043
1,-0.02373695,-0.05084029
1,-0.3089255,0.17960909
0,0.14581919,0.07642773
0,0.0925677,0.11003598
0,0.21775216,0.11625727
1,0.35860884,0.006532252
0,-0.08313258,-0.041352406
1,-0.07610716,-0.07712601
0,0.0073109716,0.0817935
0,-0.14212988,-0.020110384
0,-0.21198332,0.0481406
0,-0.3385015,-0.22116251
0,0.055658054,-0.07882856
1,0.074938565,-0.3171057
0,0.20442161,0.07266971
1,0.29319495,-0.31051534
1,0.13328904,-0.54581696
0,0.29700267,0.07249766
1,0.030903045,-0.34208447
1,0.40168458,-0.032034338
1,0.31154585,0.22309308
0,0.18797278,0.09255637
0,-0.2071093,-0.21058775
0,-0.10678379,-0.19577219
1,0.24347055,-0.32897824
0,-0.04994438,0.15061538
0,0.18956906,-0.036443457
0,-0.19256046,-0.021006092
1,0.10472977,-0.46166736
1,-0.23295322,-0.10444473
1,-0.0026915036,-0.09344061
1,0.09827644,-0.2219583
0,-0.34858143,-0.13931425
1,-0.38218594,-0.07804634
0,-0.009693589,-0.10494237
0,-0.19276667,0.0941633
0,0.1387545,-0.04837188
0,0.31133598,-0.12065311
1,-0.0843972,0.13567396
1,0.29545802,0.07998799
0,0.17819095,0.15346704
0,-0.17384844,-0.04173319
1,-0.2540225,-0.072876856
0,-0.05308287,0.044404015
0,0.05868787,0.002992645
1,-0.28833634,-0.057717845
0,0.12384701,-0.012050703
0,0.08713807,-0.03300917
1,-0.094071016,-0.066104755
0,-0.06882186,0.0935296
1,-0.05653715,0.24468845
1,-0.14623624,0.04093279
1,0.22212687,0.32882625
1,0.35478345,0.1430673
0,0.114122495,0.11083408
0,0.4194641,-0.056343168
1,-0.13253424,0.18267067
1,0.24038455,-0.1699997
1,-0.15218575,0.19200683
0,-0.24423794,0.0219829
0,-0.09959519,0.049600884
1,0.3091188,-0.0985221
1,-0.092376485,-0.0364711
0,0.0017396845,-0.26533234
1,0.48721427,0.23303445
1,0.2397241,-0.37936753
0,-0.27067477,-0.05740109
0,-0.096072346,0.14426649
1,0.011394255,0.24958852
0,-0.23305506,0.011524908
1,0.2912796,-0.12708266
1,-0.48079562,0.033362195
0,0.21956462,-0.0028457493
1,-0.39347374,-0.335041
0,0.12102568,0.070436
1,-0.05885914,-0.21632437
0,0.029172722,0.062265426
0,-0.23397577,-0.14978339
0,-0.104964584,0.10982815
1,-0.0096559655,-0.283785
1,0.11014581,-0.16811992
1,0.14225684,-0.12816925
0,-0.042668622,0.19349737
0,-0.1284613,0.05872795
0,-0.03766968,0.1222206
1,0.2971319,-0.0055795163
0,-0.11906509,0.043132856
0,0.18413678,-0.16601123
0,-0.016416747,0.17001076
1,0.29308772,-0.15729482
0,-0.07483868,0.0034917146
0,0.05612873,0.027861372
1,-0.40456545,0.19794242
0,0.06280452,-0.22848262
0,0.14972931,0.031144373
0,-0.25879934,-0.016366586
1,0.07682748,0.55228025
0,-0.0025456771,0.14907916
0,-0.14793584,0.031128027
0,0.10338029,-0.11420511
1,-0.2728316,-0.3646683
1,0.17399088,0.25165668
1,-0.013007116,0.5148795
1,0.2475071,-0.03843622
0,-0.17079477,-0.15138628
1,0.11383772,0.21908623
1,-0.30418217,-0.23578681
1,0.09443234,-0.037598193
0,0.044730876,-0.2522226
0,-0.15568876,0.0029908568
1,-0.29917675,-0.06475867
0,-0.0106598325,0.047013804
0,-0.12901792,-0.012546375
0,-0.03133278,-0.09996529
0,-0.24701095,0.042802088
0,-0.16390802,-0.09453671
1,0.20684567,0.11267781
1,-0.03738261,0.3257323
0,0.44984853,-0.0372625
0,0.34316713,0.083075956
0,-0.08974081,0.070069924
1,-0.40266714,-0.3904593
0,0.17517288,-0.01663357
1,0.14305201,-0.14205875
1,0.118359,-0.13732444
1,0.074132994,0.021880992
1,-0.2749862,0.015686654
1,-0.2664837,-0.32140958
1,0.3138659,0.057361968
1,0.057346683,0.38263416
1,-0.4265526,-0.22909366
0,-0.22097883,-0.049251154
0,-0.14808299,0.10761166
1,-0.20686463,0.073142305
0,-0.26767147,-0.107492775
0,-0.1842277,-0.18082596
1,-0.28247893,0.03257867
0,-0.0079911165,-0.07051256
1,-0.12021017,-0.014052764
0,0.003209874,-0.06986596
0,0.06442018,0.023335733
0,-0.043128543,-0.05481927
0,-0.20198335,-0.06034653
1,-0.24632333,-0.09667309
1,-0.13467142,-0.104150176
1,-0.4024241,0.63655186
1,-0.1123139,-0.1807832
0,-0.13892344,0.035295263
1,0.08953637,-0.030260593
1,0.052025262,0.09394277
1,-0.16110636,0.24244575
0,0.28028446,-0.09723513
1,-0.32662213,0.23890215
0,0.021781392,-0.09030275
0,-0.21274418,-0.015728295
0,0.26875168,0.119451955
0,-0.0021039285,0.1985225
0,0.030979317,-0.1744486
0,0.23678288,-0.05863197
0,0.49068618,0.085109636
1,0.2661796,0.12629385
0,-0.006695891,0.13237211
1,0.30871633,0.04577726
1,-0.15938672,0.1385103
0,-0.02689622,-0.10732533
0,-0.029942203,-0.010089055
1,0.38580108,-0.3779304
0,-0.18929061,-0.015391365
0,0.05116721,0.060384065
1,0.0016904809,-0.36508286
0,0.16958618,-0.16836621
0,-0.11421794,0.07199794
1,-0.18466991,0.1994452
0,0.2770163,0.076809704
1,-0.062400237,0.22599609
0,-0.18050623,0.017767161
0,-0.22292939,-0.012711197
1,-0.19988401,0.26425916
1,-0.31919384,0.21119973
1,0.3125878,-0.23195066
1,0.12234795,0.14883308
0,-0.17407796,-0.018657759
1,-0.20826274,-0.3934229
0,0.12424664,0.07722644
0,-0.10462868,-0.0031175613
1,0.09851202,-0.1467833
0,-0.004312355,-0.035958007
0,-0.23888856,0.053253114
1,-0.09022502,-0.4279034
1,0.20266196,0.32821995
1,0.24871331,0.1081189
0,-0.10283457,0.3005676
1,0.2164441,-0.22629632
0,0.12551463,0.0808322
0,0.091536894,0.040651053
0,0.05790398,0.028321892
0,-0.02028172,0.12572818
1,-0.07264276,0.12427409
0,0.038068946,0.15831995
1,0.19584502,0.24873975
0,0.29366425,0.02623032
1,-0.2010574,0.41383916
0,-0.08868231,0.05728571
0,0.3330633,-0.0449553
1,-0.29993755,-0.18285094
1,-0.17073774,0.058646843
0,0.07415071,0.10913474
0,-0.07474032,-0.059772834
1,0.0072482564,-0.071792275
1,-0.043422416,0.023602687
0,0.025421571,0.016023442
0,-0.10726631,-0.005267158
0,-0.16947192,0.0716352
0,0.3132758,0.09823999
0,-0.24188147,-0.122220114
1,-0.26448756,-0.14672585
1,0.030162279,0.13702606
1,-0.27399588,-0.05098644
1,-0.38925743,0.16204487
1,0.29593617,-0.13838239
1,0.13876948,-0.068824664
1,-0.22879595,0.12950352
1,-0.061364003,0.16149624
1,0.10343826,0.0265197
0,-0.1295257,0.059205025
1,0.051584277,-0.29279548
0,-0.011236418,0.0501149
1,-0.019072913,-0.6187174
1,0.015582133,0.32161134
1,0.0038875937,0.43478942
0,-0.17265089,-0.1299854
1,0.108278856,0.20104524
0,-0.06943992,-0.26476073
0,0.0633039,-0.026653647
0,-0.069602,0.16870064
1,-0.1771003,-0.34245348
1,0.061073434,0.16399695
1,0.033631366,-0.014400825
0,-0.11286482,-0.06262626
1,-0.15324496,0.013355687
0,-0.16742593,-0.14013208
0,-0.09327933,-0.22912164
1,-0.22360232,-0.052958116
1,0.0033302456,-0.016058266
0,0.29746136,0.070864074
0,-0.06769648,0.04120271
1,0.028233822,-0.21490063
0,0.17186034,0.0026343018
0,-0.13032645,0.17951563
0,0.20657688,0.1794669
1,-0.104610234,-0.05877222
1,-0.048980016,-0.27965838
1,-0.10293031,-0.11079748
0,-0.020932212,0.048200533
1,0.14048341,0.07865645
1,0.1211285,0.46363556
1,0.087217584,-0.4175163
1,-0.26353958,-0.11040886
0,-0.20935205,-0.19236277
0,-0.19974065,0.0018330365
0,-0.40217942,0.015864275
0,0.034332875,0.03221208
1,-0.19575335,-0.25841755
1,-0.07424457,0.15063134
0,-0.10520558,0.028263927
0,-0.03337136,-0.0867479
0,-0.108835906,0.07568049
1,0.39725018,-0.063633904
0,0.07884355,0.03904374
1,0.15242347,-0.45780456
0,0.38615668,0.10262181
1,0.05918104,-0.10350378
1,-0.07531202,-0.27356464
0,-0.05858083,-0.005647719
0,-0.03481928,0.07190718
1,0.19729559,-0.11457364
0,-0.0429503,0.120565645
0,0.029821385,0.022515997
0,-0.20184213,0.21616304
1,0.025478635,0.058678582
0,-0.16542588,0.12692595
0,0.13371393,0.12081236
0,-0.019110609,0.28327435
1,-0.16060275,0.5714912
1,0.18824476,-0.22115459
1,-0.06590064,-0.39027345
1,-0.15330112,-0.01076898
0,-0.053926054,0.22763477
0,-0.0651729,0.14437635
0,-0.027393453,0.06424359
0,0.16777194,-0.18937178
1,0.16066876,0.009589903
1,-0.060908504,-0.03307034
1,0.0678851,0.0075429827
1,-0.16421439,0.18089409
1,-0.1666565,-0.07887392
0,0.109051496,0.04982157
0,-0.19056085,0.011883259
0,-0.0068538077,-0.10413094
1,-0.25089842,0.23625463
0,0.077487096,0.073224574
0,0.037445884,-0.14927594
0,-0.23550132,0.080910765
1,0.40102568,0.16901079
1,-0.053193316,0.28910193
0,-0.019244816,-0.17296322
1,-0.04713948,-0.33122587
1,0.055206556,0.5134447
0,-0.096353814,0.07240198
0,0.038784165,0.055916622
0,-0.15224488,0.09432545
0,-0.28472793,0.0005880743
0,0.099680275,0.07698536
0,0.14737053,-0.045614213
1,-0.27141547,0.06204503
1,0.25990742,-0.4285792
1,0.085577145,-0.20804848
1,0.14969063,0.11636802
1,-0.054781605,-0.2719277
0,0.3645525,-0.17686795
1,0.22586256,0.085870735
1,-0.15803392,0.11066231
1,0.68640935,0.042633235
0,-0.13221116,0.004740283
1,-0.19147903,-0.020579621
1,-0.09833938,-0.32938665
1,0.41567338,0.30029237
0,0.032003548,0.021465749
1,0.005767014,0.0021143705
0,0.07521306,-0.14375032
0,0.1033487,0.20795687
0,0.1279124,-0.068171754
1,-0.16860953,0.055163182
1,0.026650842,0.145145
0,-0.13644212,-0.0650149
0,0.2403059,-0.16005568
0,0.20025796,-0.11410098
0,0.43332976,0.09610924
0,0.1232993,-0.0011803359
1,0.0013695098,0.20520973
1,-0.08521518,-0.0538629
1,0.6619512,0.350782
1,0.10331577,0.05657334
1,-0.17713904,0.118830144
1,0.08439453,0.028182805
1,0.22744489,-0.061699852
0,0.22793853,0.13618651
0,-0.16265202,0.05861123
0,-0.04267915,0.005479291
1,0.33025455,0.111850955
0,0.115650386,-0.28796977
0,-0.03931629,-0.054518014
0,-0.2634895,0.029689811
0,-0.015752118,-0.25895005
1,-0.34858543,-0.04441239
1,0.16310042,-0.09846045
1,0.14179362,0.21113984
0,-0.120918885,0.09603771
0,-0.039369766,0.13503483
0,-0.25583485,-0.15283765
1,-0.07325694,0.38395435
0,-0.14535607,0.11405136
0,0.07967278,-0.063284785
1,-0.17419726,0.18812892
0,-0.04095045,-0.1043164
1,0.0149512775,-0.21162467
0,-0.0034858026,-0.042338505
0,-0.02716475,-0.04232903
0,0.34145224,-0.117263764
1,0.21802473,-0.27086383
0,0.38927025,-0.06440234
1,-0.30442575,0.0044798404
1,0.16251674,-0.31098348
1,0.017679885,0.14111796
1,-0.048259247,0.33796054
0,0.061875705,-0.009801507
0,0.20080605,-0.037554204
0,-0.2895162,0.07769933
0,-0.061688587,0.15885171
0,-0.04282708,0.15593958
0,0.321706,0.059236392
1,0.051424716,-0.0857068
0,-0.15702726,0.106303185
0,0.0017099492,-0.15075387
0,0.39174426,-0.16302027
1,0.028465789,-0.28405267
0,-0.048572518,-0.019830003
1,0.14788619,-0.5641477
1,-0.0027730577,0.026008397
1,-0.44849962,-0.11343743
1,0.08732918,0.0943724
0,-0.027038937,-0.115936264
0,0.26737964,-0.08756925
0,0.2860307,0.06196489
1,-0.21249767,0.040386826
1,0.3261521,0.12091736
0,-0.0225944,-0.164391
0,0.21546584,0.015475161
0,0.020116512,0.070678145
1,0.11967422,-0.1939307
1,0.048293073,0.19144765
1,-0.39575332,-0.05069278
1,-0.029033476,-0.13289042
0,-0.09862122,0.029115632
1,-0.07681683,0.4097039
1,-0.15135792,0.22882095
0,0.097794086,0.014772177
0,-0.10849474,-0.063797355
1,0.32804295,0.1387897
0,-0.15990259,0.09708175
1,0.26276255,0.2232601
1,0.20642091,-0.052564576
0,0.060527314,0.0769534
0,-0.070178986,-0.20869596
1,-0.11723979,-0.19966455
1,0.09231688,-0.086906984
0,0.009160787,0.14182554
1,-0.09390164,0.05449465
0,-0.03250704,0.14796689
0,-0.04647383,-0.11555223
0,-0.16332069,-0.15320034
1,0.06363994,0.14108998
0,-0.06739681,0.041987926
0,0.053449642,0.037572123
0,0.21965888,0.08159889
1,-0.034268558,-0.2807994
1,0.1446412,-0.2916957
0,-0.1315595,0.028408647
1,0.10886745,-0.22859247
0,0.09224261,0.038995907
1,0.0001981929,0.11303372
0,0.0052553676,0.044532172
1,-0.27622107,0.2771929
1,-0.10296005,0.08985139
1,-0.2591696,-0.039412633
1,-0.038431108,0.39707488
0,-0.09459934,-0.04205309
0,-0.1294066,0.027033523
1,0.09129514,-0.571349
1,-0.33239937,-0.012746289
0,-0.21468921,-0.084129006
0,-0.2074115,0.10778251
0,-0.17614289,0.10753121
1,0.14819965,-0.06669305
0,0.15610771,-0.07167627
1,-0.24374132,-0.20662211
0,-0.34706476,-0.19152547
0,0.076664805,-0.07074274
1,-0.048165545,0.11934875
0,0.04608457,-0.2452283
1,0.32448542,0.22781731
0,0.038761582,-0.034482107
1,-0.2798653,0.099069625
0,0.17155632,-0.17803521
1,0.15068273,0.1521215
0,-0.30010426,0.1284792
1,0.08889696,-0.13139857
0,0.11558068,0.079488575
0,0.10615523,-0.041441336
0,-0.19001596,0.27473888
1,0.26823378,-0.3192281
1,0.23082471,-0.2751686
0,-0.14050546,0.28162438
0,0.13915184,0.026444286
0,-0.041897938,0.14035955
0,0.0011963546,0.16100764
1,0.17149027,-0.3088435
0,-0.15336932,-0.017205343
0,0.0065363906,0.08540346
0,-0.27666822,-0.08092329
0,-0.29047832,0.21460988
0,-0.042385958,0.074998826
0,0.001821924,-0.034520492
0,0.10393807,-0.24258943
0,0.21890888,-0.06611122
0,-0.0022372752,0.022301883
0,-0.05768824,-0.009323686
1,-0.016776912,0.054202735
0,0.12182805,-0.05429752
0,-0.110499665,0.045861416
1,-0.1460242,-0.27510852
1,0.1635266,0.35159254
1,-0.19114795,0.41657007
1,0.47999597,0.30207774
0,0.08745797,-0.057624325
0,0.26009506,-0.018176496
1,0.1640677,0.23354168
0,0.17433132,-0.06700699
1,0.012894746,-0.2933805
1,-0.11448163,0.3918426
0,0.047108267,-0.06549147
1,-0.043968108,-0.16953363
1,-0.21742454,-0.48264962
1,0.0855477,0.08287607
1,0.052103516,0.24511923
0,-0.020231778,0.12169481
1,0.081129074,0.079107106
0,-0.07498391,0.029075801
1,-0.028377231,0.2621922
1,-0.0068576355,-0.35692483
0,0.08101505,-0.11023931
1,-0.042912543,-0.08279152
0,-0.054174736,0.055026196
1,-0.086396195,-0.36862385
0,-0.27721432,-0.009396881
1,-0.15715975,-0.21797554
1,0.055819202,-0.15264674
1,-0.010163043,-0.07520418
0,-0.08691904,-0.016442
1,-0.07517843,0.027801782
0,-0.21267948,0.023958318
1,-0.22945258,-0.30897772
1,0.21487927,-0.19954522
0,-0.016082926,0.012412295
1,-0.4020881,0.020980775
1,-0.007089358,0.30970484
1,0.07509984,-0.33883262
1,-0.055576883,-0.15501676
1,0.3038288,-0.24652566
1,0.0781796,0.21791148
1,-0.18063481,0.50138336
1,0.25514597,-0.25663912
1,0.37135845,0.38434708
0,0.107391685,0.04475271
1,-0.47072363,0.1973826
0,0.072466284,0.14706823
0,0.05932111,-0.010842726
0,0.0024754703,0.043177232
1,0.055599574,0.2570535
0,-0.08437537,-0.03661038
0,0.19191572,-0.03987071
1,0.50752974,0.110732295
1,0.5457534,-0.17227276
1,-0.035815045,-0.31454772
0,-0.10044098,0.033641502
0,-0.11885065,0.21663496
0,0.13156489,0.10611429
0,0.06401065,0.1706987
0,-0.1672386,0.00064091384
1,-0.01976433,0.24011022
0,0.2525432,-0.05067624
0,0.19337656,0.059972078
0,-0.2811827,0.1381697
1,0.06127892,0.10904343
1,0.06548977,-0.313774
0,-0.086843655,0.1628638
0,-0.1530155,-0.17116602
1,0.17433318,-0.04212095
0,0.22156349,0.08415322
1,-0.1384784,0.066567935
0,0.16786072,0.15089467
0,-0.19171262,-0.1729583
0,0.0066109113,-0.0449491
1,0.0524255,0.04895977
0,-0.10294843,-0.19573684
0,-0.04596267,-0.0035769641
1,0.3202334,0.3566544
1,0.2251679,-0.063329786
0,-0.14161122,-0.1351661
0,0.35302198,0.15876815
1,-0.063115716,0.11890049
0,0.5108576,0.1126212
1,-0.0034952722,-0.0025799274
0,0.00810482,0.045751207
0,-0.12849414,-0.08822101
0,-0.09917584,0.07649995
0,0.11501627,-0.054580733
0,-0.042381603,-0.086318
0,-0.18028966,0.03454259
0,-0.11912644,-0.03330651
1,0.057920616,-0.3519141
0,-0.048220623,0.05855809
1,-0.28739902,0.34154606
1,-0.28368795,-0.08025493
0,-0.031380773,-0.12842424
1,-0.2550248,-0.23216571
1,-0.14284192,-0.14794753
1,0.18186457,0.2025106
1,-0.23941594,-0.03598976
1,0.4544072,-0.29545856
1,-0.30512246,-0.16696171
1,0.15402833,0.09429181
0,0.031046186,-0.08088525
1,0.27056938,-0.21833684
0,0.12300286,-0.048745707
0,0.112639755,0.21947828
0,0.105753586,0.0069648772
1,-0.14093478,0.20910674
1,0.11432235,-0.11179872
1,0.14667854,-0.17647572
1,0.07255414,-0.08237521
0,-0.13380742,-0.10830587
1,0.017647859,0.34093255
0,0.41968012,-0.19271375
1,-0.45980775,0.16714916
1,0.3480436,-0.030513525
1,0.30481476,0.060255416
1,-0.005783962,0.05153489
1,0.3955266,0.35657674
0,0.09385879,0.095290035
0,0.04834551,-0.047555104
0,-0.11380632,-0.102556854
1,-0.27694413,-0.41684878
1,0.09032996,-0.19781186
1,-0.2732024,-0.084236845
0,0.11311649,0.062992744
0,0.06280038,0.015185237
0,0.023603681,0.045480624
0,-0.05000091,0.15843117
1,-0.19676256,-0.095366016
1,0.22451624,-0.17231582
1,0.018357396,-0.25009024
0,0.29002786,-0.05194895
0,-0.071333766,-0.14950605
1,0.28480595,-0.034924373
0,-0.034809902,0.12038988
0,-0.10734998,0.19883534
0,-0.073248036,0.04720162
0,-0.089089155,-0.034811184
1,-0.14001076,0.0807416
0,-0.071284555,0.15486741
0,-0.2503075,0.17400426
0,0.11785565,-0.24501444
1,0.16905399,-0.12879612
0,0.15432635,-0.25327516
0,0.2670463,0.020316556
0,0.12951297,-0.041545972
1,-0.18535168,-0.17301695
1,-0.15653467,0.11857085
0,-0.25188777,0.22323124
0,-0.0012776256,-0.026756108
1,-0.0996345,0.49970937
1,-0.043093305,0.370943
0,-0.093522206,0.14799851
0,0.04139213,0.11594951
1,-0.10799597,-0.3218493
1,0.20825052,0.043119296
0,-0.0578273,-0.03708981
1,0.20572513,-0.0061055124
0,0.015550863,-0.14612077
0,-0.0471896,0.06266573
0,0.16853105,0.018854514
0,-0.2912589,-0.22746433
1,0.14937846,-0.004266113
1,0.038919527,0.4793328
0,0.39335248,-0.085990235
0,0.07115613,0.11021599
0,-0.28094926,0.06844317
0,-0.16542196,-0.00904955
1,0.1611098,0.14524086
1,-0.20677908,-0.05037129
0,-0.11721127,-0.26109433
1,-0.047872595,-0.2522967
1,0.433768,-0.122685
0,-0.2571946,0.022308514
0,0.14992955,-0.047149792
0,-0.06200137,-0.08112009
1,0.16604337,0.14598109
0,0.24779695,0.056078956
0,0.10819857,0.015398249
0,-0.0924045,0.10634522
1,-0.11106381,0.21078828
0,-0.13478258,-0.009048566
0,-0.056031935,0.060825586
0,0.078599885,0.014540657
1,0.2876263,-0.07191539
1,-0.060659718,-0.3085125
1,0.096711144,-0.33787078
1,0.18587421,0.37778616
0,0.017058965,0.06012717
0,-0.21984458,0.06712821
1,-0.1204548,-0.09817283
1,-0.0064653475,-0.16265617
1,-0.04860058,-0.012818843
0,0.13314044,0.030439287
1,0.27010912,-0.15560044
0,-0.23713425,-0.2373143
1,-0.6056849,0.044941768
1,-0.13861261,0.085532084
0,-0.11999743,0.054020897
1,-0.10191518,-0.017976776
1,-0.20720062,-0.06583382
1,0.14840743,0.3654855
1,0.1959654,0.0633205
1,0.24465978,-0.31619704
0,0.012547214,0.108214006
0,-0.018670699,0.072879076
1,-0.2043107,0.11348696
0,-0.20681398,-0.18315317
0,0.148613,0.07543317
0,-0.07260199,-0.06254892
1,0.0940623,0.361004
0,-0.29164276,0.107372664
0,0.11533089,-0.0023284554
0,-0.049168453,-0.0052196085
0,0.08966747,-0.05248262
0,0.17118943,-0.2760687
0,-0.0197002,0.067138806
0,-0.015378039,-0.00029732287
0,-0.102409124,0.07337245
0,0.19099697,-0.010383889
0,0.0030910075,0.045547433
0,0.092513725,-0.020708904
1,-0.2550124,-0.08289835
1,0.14550504,0.15612663
0,-0.1302829,-0.06315112
1,-0.046665136,0.12213237
1,0.28842747,-0.06791958
1,0.022000093,-0.020186752
1,-0.048270486,0.029763743
1,0.011525184,-0.2691546
0,-0.28115642,-0.16769846
0,0.1253784,0.12981686
0,0.2028456,0.046240196
0,-0.012593705,0.035810784
1,0.23956305,-0.11407898
1,-0.1675371,-0.18574531
1,0.22715503,-0.2838019
1,0.059421036,0.013778254
0,-0.1724367,0.15078972
1,-0.28366295,0.045104668
1,-0.11191891,-0.12446077
1,0.4525709,0.16033997
1,0.12103218,-0.045935184
1,0.06668618,-0.27564305
0,-0.19157764,-0.07131986
1,-0.18539906,-0.098847106
0,0.01820223,0.12413821
0,0.1598939,-0.28618193
0,0.20926112,-0.13532524
0,-0.11290403,0.2041148
1,0.080322966,0.24515267
0,0.0870433,-0.03434746
1,-0.29507044,0.17309195
1,0.054108303,0.07150505
0,0.06058428,0.002675116
1,-0.46607602,0.51231915
0,-0.23331356,0.035966076
0,-0.10859726,-0.14778753
0,-0.3137126,-0.1882266
1,-0.1154118,0.11279358
1,-0.07038918,0.31090838
1,-0.0065505393,-0.2187242
1,0.034403827,0.49431664
0,-0.11184108,0.10292904
1,-0.17441954,-0.1950226
0,0.029495355,0.009058833
0,-0.32073975,0.018566623
1,0.4527263,0.14486389
0,0.34559903,-0.043996304
0,-0.11012097,0.22107892
0,-0.070076466,-0.14555855
0,-0.09947993,0.31711018
0,0.27525812,-0.12626593
0,-0.08485745,-0.0529321
1,0.12471107,0.28618065
1,-0.062411796,-0.2151344
1,0.2201961,-0.042027175
1,-0.27544457,0.2273314
0,0.2213316,0.17273001
1,-0.10717483,0.07882248
0,-0.16514905,-0.27056003
1,0.12722614,0.35738182
0,0.05814526,-0.064802125
0,0.08008763,0.10590546
0,-0.10620056,0.13624685
0,-0.14640722,0.14418341
1,0.0521206,-0.15005316
0,0.15748996,0.14287654
1,0.0051055886,-0.027326345
0,0.23394388,-0.10558559
0,-0.09329234,0.005126849
1,0.080641344,-0.3936293
1,-0.1795125,0.12324404
0,0.12846062,0.034201063
0,0.05622888,0.14354837
0,-0.1894801,-0.20088948
0,-0.10846633,-0.011932448
0,-0.018704807,0.0087974295
0,-0.018346354,-0.098999426
1,0.2519061,-0.16467614
0,0.07193208,0.059372015
0,-0.162019,0.11003253
0,0.1650931,-0.018430963
0,0.048588563,0.0063759685
0,-0.18616255,-0.22072609
1,0.038329255,0.1377981
1,0.08860506,-0.10230605
1,0.14319499,-0.2983206
1,0.02944887,0.1143008
0,-0.10747798,0.10304596
0,0.21495432,-0.11492218
0,0.0362336,0.05178663
1,-0.07871302,-0.21405639
1,-0.20724244,0.16600122
0,0.09193745,-0.013900086
0,-0.47876912,0.02356714
0,-0.07695088,-0.11148317
1,0.06607531,0.094455905
1,-0.11800328,0.21937999
0,0.29767498,-0.11462374
0,-0.13415569,0.07698111
1,-0.008692145,0.22636405
0,0.18826321,-0.15546353
1,-0.1928665,0.35699666
1,0.019351747,-0.30405027
0,0.073185,-0.02107735
0,-0.042346463,0.029174805
1,-0.21378016,-0.057677045
0,-0.0895472,0.050700307
0,0.25187394,-0.15879716
0,0.023258042,-0.03529653
1,0.25531587,0.08036098
1,-0.065564744,-0.013054147
0,-0.003681114,-0.07169099
1,0.17658633,-0.13518135
0,-0.11357534,0.12051207
0,-0.07836681,0.073107965
1,-0.18211195,0.1195926
1,-0.119577214,-0.20775355
1,0.23784807,-0.39049703
1,-0.11500843,-0.30089152
1,-0.017363166,0.026130483
0,-0.17193948,0.05803808
1,-0.2640083,0.25163895
1,0.25065854,-0.010691628
0,0.07632871,0.19359891
0,-0.014363075,-0.079043135
1,0.034038085,-0.10156374
0,0.08219281,0.033223823
0,-0.055480815,-0.024656206
0,-0.21007204,-0.013786972
1,0.072496206,0.15338728
1,-0.21331567,0.14803371
1,0.08267498,0.31340355
0,0.0005216189,0.143283
1,0.25788832,-0.004774973
0,0.029997263,-0.03127566
0,-0.006705655,-0.10790652
1,0.44740686,-0.33917552
0,-0.015286397,-0.210515
1,0.33203685,0.24406345
0,0.082001865,0.12855029
0,-0.15563658,-0.077377036
0,0.2171202,-0.0018647462
0,-0.12831205,0.09935806
0,-0.10650715,0.07099202
0,0.227043,0.116201974
1,-0.024276141,0.46376556
0,-0.06388767,-0.008360222
0,-0.041620124,0.21803434
0,-0.31609342,-0.28630906
1,-0.0620865,0.0027659237
0,0.23211575,-0.005769521
0,0.104241416,0.04107236
1,0.406588,-0.04219012
1,-0.27303648,-0.07768604
0,-0.059311505,0.016218677
1,-0.3918325,0.19364661
0,-0.060746796,0.10023635
0,0.42908934,-0.012513325
1,0.14504528,0.024705835
1,0.16198838,0.13876355
0,0.31166556,-0.13602333
1,0.11479302,0.39405984
0,-0.02536876,0.061374128
1,-0.33376747,0.28408027
0,-0.10188076,0.14096303
0,0.045975704,0.012494281
1,-0.4874867,-0.35964924
1,-0.108106375,0.15178294
1,-0.10805616,-0.3523367
1,-0.15023102,-0.12545247
0,-0.41783285,-0.024647936
0,-0.098235756,0.030042231
1,-0.13705544,0.104326695
0,0.022657108,-0.066469476
1,-0.0015608594,-0.039196655
0,0.24450547,-0.1321698
0,-0.19784315,-0.037606418
0,-0.40053955,-0.020027667
1,0.20109265,0.22693188
1,-0.4856496,-0.07577008
0,-0.19360812,-0.08938013
0,0.16652766,0.0029004365
1,-0.26899067,-0.29371238
0,0.1907665,0.15197788
0,-0.0037284978,0.16565445
0,0.13620017,0.09977795
1,0.14574032,-0.16007282
0,0.1216397,0.12272039
1,-0.041875333,0.14267036
0,-0.15275863,-0.09518166
1,-0.20689374,0.37643564
1,0.08057052,-0.0047705024
1,-0.16610655,-0.08385305
0,0.09631802,0.0119424015
1,-0.11708063,-0.21910636
0,-0.26359627,0.08890958
1,0.058867637,-0.012107149
0,-0.04996334,0.10950111
0,-0.23946199,-0.12501676
1,0.11693202,0.046826586
0,0.06434114,-0.570837
1,-0.124211684,-0.12097965
1,0.39132947,-0.013844505
1,0.03378926,-0.41324323
1,0.29349083,-0.0960695
0,-0.33982363,-0.28064668
1,0.080813184,0.1282177
1,0.21651831,-0.03937687
1,-0.22373511,-0.29270273
1,0.3357997,-0.25661647
1,0.0028826706,-0.023320213
0,0.04905395,0.02526009
0,0.032267075,-0.14392968
0,0.1373755,0.11266277
0,-0.12713662,0.06666061
1,0.20417823,-0.11784117
1,-0.06160318,0.25451592
1,-0.13123147,-0.39740968
1,-0.119187504,-0.022962794
0,-0.043418504,0.047880813
0,-0.07800081,-0.020675495
0,-0.057423137,0.109485686
1,0.14003631,-0.13361426
1,-0.33381477,0.016292326
0,-0.27275956,0.18336603
1,-0.028206877,-0.0640998
0,-0.12462704,-0.037480354
1,0.11870128,-0.19748218
0,-0.12445384,-0.12486823
1,0.16218492,0.21386133
1,0.21353538,-0.007506132
1,0.24737516,0.10150191
1,0.53419995,0.12390598
0,-0.14185628,-0.04282029
1,0.42391616,0.14058915
1,-0.049470007,-0.17765944
0,-0.15893452,0.035047397
1,0.3551845,0.09286265
1,-0.33905712,-0.483346
1,-0.40253082,0.2494247
0,-0.10976364,0.09566449
1,-0.003140457,0.0047027916
1,-0.020068437,-0.068093345
0,-0.2859474,0.010765813
1,-0.1158091,-0.12548341
1,-0.059803516,-0.11099212
0,-0.34414232,0.0683014
1,0.17429575,0.008423619
0,-0.08031392,0.003087908
0,-0.1509016,0.10155657
1,0.09019822,-0.39299595
0,0.24232417,-0.04725036
1,-0.18799365,0.13003327
0,0.3339264,-0.060178846
1,0.021437686,-0.32976002
1,0.05347847,0.18679743
0,-0.1547991,-0.2760108
0,0.30287835,-0.1816593
1,-0.2870647,0.030987203
0,0.13728625,0.21813968
1,0.0204975,0.3060282
1,-0.02237096,-0.03284885
1,0.07553847,-0.22867952
0,-0.16873848,-0.12762673
1,-0.005137082,-0.21108891
1,-0.0038653668,-0.36818582
1,0.15525332,0.121139094
1,0.18315151,-0.07019104
1,0.31814983,-0.17690976
1,0.28238082,-0.010834202
0,0.049413692,0.22447568
0,0.19935575,-0.06019558
0,0.040367622,0.17693982
0,-0.13048844,-0.23690714
0,0.06404702,0.13910268
1,0.011340857,0.05922568
0,0.050913576,0.098603964
1,-0.088725984,-0.16872586
1,-0.27763447,-0.05174379
1,0.30778086,-0.08994709
1,-0.237052,-0.21591382
0,0.23236415,-0.094028786
1,-0.37746006,-0.0712509
0,-0.023567887,0.1124924
0,-0.0896744,-0.18717931
1,-0.03224389,0.39905286
0,0.33069658,-0.06622809
1,-0.040730394,-0.06196405
0,-0.026203351,-0.08298959
0,0.0048810057,0.25326344
1,-0.23116888,0.18782473
1,-0.055634372,0.18534395
0,-0.032262534,-0.5635178
1,-0.044668537,-0.02087529
1,-0.05301529,0.03370042
0,-0.21590877,0.03851021
1,0.25541073,0.22262388
1,0.17410262,-0.32683468
0,0.09505293,0.04077582
1,0.100506306,-0.3200664
1,-0.025364358,-0.12062694
1,0.14904068,-0.028209865
0,0.16705324,-0.18541612
0,-0.007272225,0.057389125
1,0.07072994,0.18116021
0,-0.22437978,-0.019140154
0,0.1171222,0.0099539235
0,-0.16075666,-0.0871477
1,-0.20030239,-0.3696832
0,-0.10490678,0.03641899
1,-0.07926275,-0.037213907
1,0.37097323,0.27269936
1,-0.12479809,0.075770944
0,-0.062039703,-0.06085077
0,0.17251316,0.13089879
0,0.15451057,0.08400908
0,0.1745103,0.029497012
0,0.19473118,-0.07421534
1,-0.07331242,0.063229926
0,0.19451164,0.12728819
1,-0.12942283,0.11280608
1,-0.15840173,0.05073598
0,-0.09735146,-0.017939314
1,-0.40066049,0.21798855
0,-0.2530328,0.013779908
0,-0.0051432773,-0.3327542
1,0.4000178,0.33226204
1,-0.40872946,-0.046089455
0,0.110693395,-0.033181384
0,0.17056139,0.00034424663
1,0.1807622,0.10615574
1,0.03317151,-0.07880513
1,0.037361678,0.36325902
1,0.42497963,0.036584496
1,-0.08159201,-0.0076874346
1,-0.06536185,0.07716778
0,-0.18201804,-0.07661863
1,-0.1252527,0.05240476
0,-0.024380673,-0.12166421
0,0.030439008,-0.0023985952
1,0.20857348,0.029931001
0,-0.05462668,0.10862753
1,0.16523099,0.036588833
0,0.19166392,-0.116957024
0,-0.011248276,-0.14541374
1,0.14690232,-0.02668193
1,-0.16043824,0.049492642
1,0.15062219,0.17142393
1,0.12883918,0.070380114
0,0.0059360787,-0.08427276
0,0.020755641,0.10238924
0,0.014311913,0.14721414
0,-0.07119882,-0.11270197
1,-0.21757159,-0.17818882
0,0.040114496,0.057878286
1,0.046553988,-0.16973521
0,-0.11675355,0.107695185
0,-0.49211162,0.096061595
0,-0.11936407,-0.07310277
0,-0.20790356,0.09135626
0,0.14942868,0.053127408
1,-0.27465323,0.035902515
0,-0.036919754,0.08309851
1,0.2763863,-0.06354056
1,-0.1623781,-0.26176256
1,0.09769362,0.0048811287
0,-0.08295553,0.20076954
0,-0.2669349,0.09984188
0,-0.22107136,-0.017417789
1,0.047852796,0.11379086
0,0.03469715,-0.04109861
0,0.12902445,-0.038750738
1,0.079481274,0.037727877
0,0.30986124,0.17456114
1,-0.35708517,0.19543505
1,-0.12784106,-0.14987631
1,0.040949132,-0.113585696
1,-0.39718127,-0.023117632
1,-0.20616758,-0.17979841
0,0.0800982,-0.043371826
1,0.13482004,0.348099
1,-0.3038107,0.10942721
0,0.010852769,-0.06175533
1,0.0024449006,-0.14935113
1,-0.2042636,0.08376544
1,-0.300458,-0.08057901
1,0.33709973,-0.28569865
0,0.055506635,0.13797659
0,0.18373796,0.1505466
0,-0.0994384,0.071206585
0,-0.11502284,-0.058828816
1,0.30499533,0.03752424
1,-0.17513162,-0.009324595
0,0.13917303,-0.058702126
1,0.062088337,-0.1599824
0,0.05373886,-0.10191713
0,0.3738718,-0.024371281
0,0.19727333,-0.025711253
0,-0.25223625,0.14556703
0,-0.035669178,0.10718267
0,0.048100483,0.05769194
1,0.124458715,-0.1588418
0,0.06613913,-0.027098104
0,0.22078803,-0.11281602
0,-0.27761942,0.024610743
1,-0.20109907,-0.09003751
0,-0.12244086,-0.022174895
1,-0.21814838,0.4933232
0,-0.08618145,-0.10368475
0,-0.08026686,-0.0407802
0,0.3409503,0.1433911
1,0.39213705,0.11043531
1,-0.29683495,-0.2954229
0,-0.29962656,-0.2679487
0,-0.14071475,-0.044247046
1,0.16693392,-0.09324084
0,0.34706014,0.107204735
0,0.18961118,0.11937232
1,0.1178028,-0.26410955
1,-0.17630115,0.12990983
0,0.20655027,-0.13094614
1,-0.18418223,-0.13920863
1,0.2910598,0.09166156
1,-0.048241727,-0.13752
1,-0.099874154,-0.04630713
1,-0.05685996,0.05629403
0,-0.011038007,0.29702112
0,-0.2524494,-0.15302499
0,-0.014602363,-0.20519002
1,-0.15816025,-0.13816144
0,-0.10325986,-0.00070400536
1,0.15218705,0.30370137
0,-0.08200388,0.021458857
1,0.15481071,0.009045228
0,0.008744001,-0.03886217
1,-0.0545053,0.25030518
0,-0.135576,0.075743556
1,0.37997895,0.36283016
0,0.18667795,-0.024258703
1,-0.009181812,0.0069251508
0,-0.09688501,0.1770976
0,0.30228645,0.0048727393
1,0.5566848,0.28492796
1,-0.053170357,0.2343089
1,0.0019633882,-0.14917041
0,-0.15466172,-0.2324815
1,0.12546276,0.39917678
0,0.36362493,-0.13922052
1,-0.03839076,-0.16382198
1,-0.049697604,0.33834037
0,0.028513584,0.049020573
1,-0.03386856,-0.1946177
0,-0.053849533,0.040326074
0,-0.2078644,0.020757645
1,0.22198892,-0.13741742
0,-0.08410373,0.18595992
1,-0.40218246,0.3253675
0,0.018196028,-0.06342502
1,0.019904789,-0.2915728
1,0.3180238,0.09826929
0,0.12829584,0.062254943
0,-0.20315878,-0.21663772
0,0.13863346,-0.14096154
0,0.08367893,-0.011778608
1,0.3879526,-0.2333398
1,-0.022278324,0.2075478
0,-0.114669845,0.013039038
1,0.22026661,0.067199245
0,-0.09063734,0.24132937
1,-0.450221,-0.14351682
0,0.04056913,0.011179842
0,0.07253453,-0.011244491
1,-0.15235806,0.19984144
0,-0.27358738,0.13716903
0,0.08339393,-0.103101
0,-0.12275627,0.11255878
0,0.032384295,-0.13690151
1,0.29833585,0.0045177788
0,-0.072551444,-0.11102526
1,-0.5122697,0.26371086
0,0.00034496188,0.34869987
0,-0.26172382,-0.18639483
0,0.008122068,-0.13058574
0,0.12584934,0.01648125
0,-0.21119203,0.0063060075
1,-0.25403938,-0.067854136
1,-0.029870387,-0.07579103
1,0.22662008,0.06546213
0,0.20120864,-0.08004953
1,-0.10666497,0.17244193
1,0.13483779,0.15757525
1,-0.17254888,-0.2735703
1,0.09630722,0.028533563
1,0.20738187,0.109897316
0,-0.22106223,-0.12521003
0,-0.10878335,0.0011641979
1,-0.06687257,-0.24547787
1,-0.089784235,0.09198949
1,-0.08815473,0.18886289
0,0.24484885,0.048995122
1,0.05347793,0.29263723
1,0.10011986,0.23861854
0,0.38110542,-0.1028005
0,0.0060947575,0.04297726
1,0.28626028,0.17852657
1,0.102574006,-0.24415232
0,-0.008089393,0.061901927
1,-0.5406441,-0.36272556
0,-0.26929575,-0.016415834
1,-0.056583308,-0.5453415
0,0.25548208,0.072711274
0,-0.08690698,0.17689551
1,-0.020366054,-0.09478293
1,-0.13898972,-0.39153016
0,0.10498476,-0.13287134
1,-0.102238804,0.22958267
0,0.26920038,0.2784021
1,-0.20954025,0.26231027
1,-0.15847823,0.2928558
0,-0.22439049,-0.17274483
1,0.1263574,-0.44500083
0,0.121150225,0.11034827
1,0.19851187,0.4190718
0,-0.22753978,0.20290834
1,0.1379923,-0.3785318
0,0.007876702,0.09730632
1,-0.27015913,-0.39312488
1,-0.18799722,-0.06425519
0,-0.11564009,-0.08066955
0,-0.23765391,-0.06324081
0,0.2586019,-0.12186463
0,0.21000555,0.03149318
1,-0.029140547,0.075353436
1,-0.03472703,-0.18089981
0,0.06770337,0.01920028
0,-0.18881245,-0.023297414
1,0.2527152,0.16536358
0,0.33649388,0.04082022
0,0.083652064,-0.06662287
0,-0.029438954,0.0238081
0,0.26948044,0.105946995
0,-0.064955935,-0.07009299
1,0.34332454,0.19533569
0,0.1642339,-0.16380055
0,-0.27441773,0.18532702
1,0.20824388,-0.4769143
0,0.122703925,0.03441277
1,0.1416582,-0.1295679
0,0.09804849,0.043785796
0,0.026162066,-0.003972754
0,0.13499233,-0.06657913
1,0.33892572,0.022925124
1,0.348215,0.04055515
1,-0.007993972,0.42368007
0,7.311627e-05,0.06783365
0,-0.33787918,-0.06627606
1,0.13290817,-0.3567472
0,-0.23895338,-0.008964777
0,-0.17710175,0.0053622574
0,0.079172224,-0.049622223
1,0.27143547,-0.013608679
1,-0.055008233,-0.34263605
0,-0.25500184,0.014307648
0,-0.124928325,-0.06791009
0,0.12056194,0.060341768
1,0.006565731,0.3679827
0,0.009052798,0.11854682
0,-0.011812095,0.031427115
0,0.23006284,0.016908325
1,-0.061904106,0.11900205
0,-0.17127404,-0.20020394
0,0.14235094,-0.01664196
1,0.27130857,0.16273957
1,0.379305,-0.38317215
1,-0.35305902,-0.07885632
1,-0.25701806,0.1390456
1,0.2982322,-0.27751136
1,0.4498443,-0.009387717
1,-0.2877599,-0.29665226
0,-0.15327379,0.024645545
0,0.22168699,0.032203227
1,-0.15598412,0.25586435
1,-0.079219446,-0.48118377
0,-0.050659165,-0.08261071
1,0.3196879,0.1173515
1,-0.19842952,0.24837479
0,-0.13397089,0.09325281
0,-0.32421803,0.2325071
0,0.0024046004,-0.10956095
1,0.11107002,0.26364785
1,-0.2796645,0.019509956
0,0.15822011,0.10923907
1,-0.020283762,0.1437082
1,0.27346554,0.08441873
0,-0.09865677,0.19492257
1,-0.06081217,-0.26166523
0,-0.0058597997,0.1402517
1,-0.0236602,0.08151454
1,0.07001445,0.08614016
0,-0.10089888,0.04196176
0,0.019037329,-0.1018876
1,0.24124485,0.06898281
0,0.36389232,-0.092855796
1,0.1790022,-0.01789388
0,-0.17360479,0.04849086
0,-0.031979658,-0.16775374
1,-0.40664458,-0.054822862
1,-0.5229016,-0.24792747
0,0.26615363,-0.0043619126
1,-0.13423437,0.0034792274
1,0.1522851,0.39620805
0,-0.055328384,0.11007813
1,-0.13186279,0.012915276
1,0.17294496,-0.22181888
1,-0.010075163,-0.067114934
1,-0.3953486,-0.16210441
0,-0.10439454,-0.021039605
1,0.14779869,0.07387565
1,0.41601762,-0.3628078
0,-0.0728834,-0.09349541
0,-0.4225279,0.057329148
1,-0.017792424,0.06256307
0,0.13607812,0.09409086
0,0.10304597,0.07904599
1,-0.058931302,-0.17229165
1,0.4811411,-0.08255036
0,0.025082305,-0.08925992
1,0.052294943,-0.0017221719
1,-0.34601778,0.13483466
0,-0.23730841,-0.026412755
1,-0.03979092,-0.16254865
1,-0.07841343,-0.20435385
0,-0.020951152,-0.07367304
1,-0.33065462,-0.4820488
1,-0.1389842,0.00978636
0,-0.077671,0.25685716
0,-0.09802385,-0.025117666
1,-0.0995695,0.04614094
0,-0.00035925582,0.3307888
1,0.047175203,-0.5978359
1,0.030378547,-0.109940186
1,-0.04943156,-0.003975898
1,-0.22154911,0.5961431
0,0.15739903,0.019068599
1,0.10481854,-0.28301567
1,-0.041616876,-0.24405457
1,0.06343049,0.41165304
1,-0.3787743,-0.082718566
1,0.0123348385,0.36589146
0,0.09593326,0.10179935
1,0.25362206,0.40839177
1,0.08238663,-0.10544483
0,-0.00037479773,-0.105750576
1,-0.099926874,0.39303565
1,0.19117835,0.24029773
1,0.19963819,0.085570075
1,-0.19474404,0.16148633
1,0.18781278,0.18930992
0,-0.2932375,-0.2308759
1,0.39127553,0.36321366
1,-0.116203904,0.479396
0,-0.054607194,0.071607985
0,0.12079471,-0.0454192
1,0.38437337,0.07390039
0,0.040608715,0.08678682
1,0.17689489,-0.33415663
0,0.1753793,0.06248787
0,-0.249675,0.20906234
0,-0.061569512,-0.074434474
1,0.35774124,0.13497952
1,-0.22390807,-0.37051517
0,0.2612841,0.040346034
1,0.2095359,-0.10600294
0,0.055502746,0.039143823
1,0.008748654,0.06314296
0,-0.15268376,-0.0076671094
1,-0.31965587,-0.08046809
1,-0.15217048,0.0718545
0,-0.18185318,0.07273179
0,-0.18071045,0.055711344
0,0.3485059,0.10161874
0,-0.14837,-0.12258156
0,0.029612686,0.046841957
1,0.20470667,0.09496786
0,-0.22025064,-0.015641853
0,-0.05813536,0.014651105
0,0.42144293,0.06074495
1,0.00011790171,-0.09519485
0,-0.327715,0.031544507
1,-0.21050638,0.06297441
1,-0.3365887,0.32754007
0,0.09287989,0.030437738
1,0.5223471,0.008449048
0,0.033540893,0.054584354
0,-0.14033064,0.09651494
0,0.044816945,0.03660217
1,-0.14863856,0.09179999
0,-0.08674209,0.081676975
1,0.03192575,-0.04603237
0,-0.18316299,0.1927549
1,0.031973932,0.31173038
1,-0.09348507,0.25714517
0,0.12600413,-0.16639431
1,0.14400977,0.01679641
1,0.17273831,0.21070898
1,-0.20467426,0.21507002
1,-0.0022477098,0.12231573
1,-0.27686876,0.022401273
0,-0.108593166,0.07044612
0,-0.020892555,0.11994671
0,-0.21642074,0.12540275
1,-0.2581736,-0.41343945
1,0.19454162,-0.054484487
0,-0.29442012,0.11436701
0,0.36790544,0.26426864
1,0.28487816,-0.25544834
1,0.27721637,-0.0065998435
1,-0.075081795,-0.274832
0,-0.15971467,0.06729381
0,0.11282587,0.061115153
1,0.23237118,-0.118257776
1,-0.051139988,0.07182065
0,0.19461766,0.113331236
0,-0.022324383,0.07960488
1,-0.07627618,0.20321605
0,-0.18430644,0.17173143
0,0.29006833,-0.0048336387
0,0.1548591,-0.025398955
1,0.13924785,0.15128839
0,-0.114447206,0.047200844
0,-0.017357139,-0.020313919
1,-0.35736167,0.13507445
1,-0.31229925,0.16425921
1,0.006459892,0.37681615
1,-0.042349245,0.20128545
1,-0.082817584,0.041843735
0,0.024822742,0.041198313
0,0.13327952,0.13869265
0,0.1024071,0.20793651
1,0.38003767,0.32916343
0,-0.20145816,-0.29863328
1,-0.054088637,0.27464604
0,0.06676002,-0.16313215
1,-0.30658114,0.20388788
0,0.15948905,-0.042411372
0,0.30851737,0.20487279
1,-0.22365946,0.057317898
1,-0.43712717,0.14385287
1,0.23590633,0.14750972
1,-0.07419065,-0.2912439
1,-0.30387312,0.07519425
1,0.27246115,0.06101115
0,-0.07357844,-0.075331435
0,0.31541958,0.16571277
1,-0.29433084,0.28954285
0,0.4958951,0.13787237
1,-0.2912636,-0.0101893395
0,0.032127667,-0.06950691
0,-0.011595458,-0.11366482
0,0.022385973,0.1405925
0,0.2428318,-0.16017227
0,0.3639502,-0.0045600682
1,0.26001918,-0.054448947
1,-0.1851178,-0.20204373
0,0.24213338,0.0758282
0,-0.10158974,-0.015838027
0,0.1918442,0.00474903
1,0.42103013,0.06816921
1,0.24622822,-0.18744327
0,-0.15614834,-0.12721403
1,-0.3796079,-0.028093606
0,0.0028366148,-0.025056079
1,0.06686309,0.04739009
1,0.34146884,0.1748688
0,0.016130451,0.08505466
1,0.16940732,-0.18297376
1,0.16885984,-0.032314375
1,0.13848534,0.04718721
1,0.1756354,-0.22927041
1,0.31983638,-0.39013255
0,-0.0679851,0.10852
1,-0.10684802,-0.10461722
0,-0.08659415,0.03798999
0,-0.036592513,0.07049888
0,0.27968174,0.17093486
0,-0.21042055,-0.04137592
1,-0.43848377,0.01395037
0,-0.117861226,-0.15607594
1,-0.29931784,-0.24852203
0,0.13166395,0.11795859
1,-0.023096614,-0.051208258
0,-0.4079746,0.19053
0,-0.044560544,-0.14721508
0,-0.03223624,0.03245808
1,-0.08723388,-0.26985908
1,0.05759911,-0.24243404
0,0.07221675,-0.006170422
0,0.055516575,0.045698225
1,0.040154766,0.23421618
0,0.26581508,-0.10240246
0,-0.08447555,0.106008306
0,-0.17072336,0.2257879
1,0.03999533,0.22523126
1,-0.2558679,-0.2250169
1,-0.057439916,-0.15429358
1,-0.09221168,0.2361615
1,0.2608818,-0.09232351
1,0.06518656,0.13978449
0,0.04805802,-0.020346954
1,0.08610962,0.38089728
1,-0.29533866,-0.09818852
0,0.32636088,-0.094746456
0,-0.04993815,-0.18263598
1,-0.14321037,-0.009970307
1,0.17219925,0.10350655
0,-0.056918353,0.13449487
0,0.041076045,0.124546275
1,0.05372459,-0.076400444
0,0.03362458,0.07561432
0,-0.10292855,-0.21263479
1,-0.31845105,-0.17814521
0,-0.35617882,-0.01943995
1,0.04678568,0.08217879
0,0.077093735,0.075691104
1,0.37700447,-0.026186496
1,-0.028036939,0.06542577
0,-0.040437818,-0.01106064
1,-0.0031659342,-0.44766343
0,-0.40958595,-0.22760977
1,0.14108771,0.14003196
0,-0.2193428,-0.11601202
1,-0.39141053,0.1651669
1,0.19386996,0.1858127
0,0.030125666,0.42606515
1,-0.25825316,0.1406477
0,-0.12527235,0.088960685
0,-0.06003736,0.07430342
1,-0.38193893,0.3562345
1,0.12047896,-0.083152086
1,-0.22831473,0.11569303
0,-0.0070083477,0.049417272
1,-0.012658078,0.007247895
0,-0.10635975,0.069674775
0,0.28877196,0.18237294
1,0.06853399,0.27354622
1,0.029152472,0.10197578
0,-0.20762634,-0.19473113
1,-0.29632,0.2546128
0,-0.33778045,0.15194392
1,-0.30340132,0.44008207
1,-0.046846583,0.4650045
1,0.14112994,-0.13313939
0,0.017670717,0.066273004
1,-0.075347856,-0.0012558848
0,-0.24960345,0.054046653
0,-0.28287336,0.0478065
0,-0.4171965,-0.04385744
1,-0.23032108,-0.41719425
1,0.21206096,0.060139745
0,0.23506463,-0.10132721
1,0.055379372,-0.338004
0,-0.0843541,0.005824566
1,0.054714147,0.09531968
1,-0.00830104,0.20527753
0,0.45484594,0.097945854
1,-0.47103244,0.19523522
1,0.27407473,-0.13729359
1,-0.13479552,-0.3264882
1,0.3620697,-0.35347676
0,0.18323699,-0.07995027
1,-0.11748929,-0.026097432
1,-0.0074701607,0.15546331
0,-0.08579357,0.12549609
1,0.06038249,-0.30653596
0,-0.35293832,-0.07256116
1,0.119108304,0.2257489
1,0.28291243,0.29609424
0,-0.09935397,-0.14616372
1,-0.030759107,0.12083709
1,0.006297484,-0.35760713
0,0.004997324,0.12781803
0,0.1459063,-0.051789507
1,-0.24861707,-0.32866162
1,0.02832045,0.14487688
1,0.06578061,0.16256458
1,-0.43294597,0.089496486
1,0.005171854,0.027366772
0,-0.018384384,0.100095056
1,0.027388718,0.24575868
0,0.23936385,-0.028706536
0,-0.086991966,0.13876027
0,0.05421276,0.060455382
1,-0.33583757,0.18540177
0,0.03506932,0.13193248
1,0.088354856,0.42096496
0,0.2297911,-0.13475256
0,-0.12982103,-0.1121055
0,-0.11823663,-0.10874139
1,-0.18509898,0.06244102
1,0.22615406,0.101312935
0,0.05776744,-0.17209454
1,-0.29352275,-0.320948
0,-0.19125435,0.1521489
1,0.22077554,0.033582725
1,0.08303264,-0.16130133
0,-0.12108652,-0.09976049
1,0.06620763,0.22802329
1,0.1064017,0.07125632
0,0.26944113,-0.07769869
0,-0.14064322,0.09417111
1,0.16955808,0.10498479
0,0.113359034,-0.20825453
0,-0.28238773,-0.08172165
1,-0.4165492,0.20169517
1,-0.120160624,0.16940555
0,0.033942398,0.14607872
0,-0.20509209,0.1547402
1,0.008418944,-0.21379925
0,-0.117666885,0.01907403
0,-0.043353405,-0.0020252615
1,-0.1723134,-0.38494283
1,-0.08912909,-0.25958365
1,0.17599146,-0.16053571
1,-0.2914518,-0.2424572
0,-0.29882035,-0.32666343
1,0.36423612,0.35495627
1,0.42920285,-0.36355716
0,0.057627987,0.112658605
1,0.123217985,0.21013081
1,0.025644194,-0.086742625
1,0.12408632,0.12104005
1,-0.15466906,-0.157672
1,0.032101426,0.19677818
0,0.08379829,0.18607041
0,0.11579412,0.044675305
0,0.15355653,0.05044411
1,0.0963932,-0.34727383
1,-0.14671299,-0.12948586
0,0.20953041,0.025932
1,-0.026107382,0.19332007
0,-0.32513788,-0.11424656
1,-0.045243725,0.011708826
1,0.013325948,0.37227863
1,-0.33872956,0.5820457
1,0.114539385,0.044155613
1,-0.34884095,-0.010442287
1,-0.35679772,-0.25409085
0,-0.019049093,-0.20160712
0,-0.12606275,0.03338383
1,0.0041259862,0.05812157
0,-0.110507265,-0.14401574
0,0.269082,0.018504947
1,0.16519047,-0.31769085
1,0.16192079,0.054289922
0,-0.084881745,-0.030704275
0,0.04561739,-0.12705053
1,-0.10674082,-0.066234276
1,-0.25523403,-0.4611447
1,0.1334635,0.034468114
0,0.2386384,0.06867738
0,0.2501101,0.005662486
0,0.23030639,-0.03461553
1,0.023320537,-0.18744458
1,0.32779688,0.029579327
0,-0.13828692,-0.23629223
0,0.041203853,-0.04469104
1,0.14031492,0.33264956
1,-0.32744044,-0.034587026
1,0.0031640753,-0.066997334
1,0.115958646,-0.15459855
1,-0.40171552,-0.007802099
0,-0.27552286,-0.25116098
0,0.11443977,0.055106588
0,0.04562592,-0.038869366
0,0.30949318,-0.21760292
1,0.057973582,0.6650882
1,0.029936772,-0.07534005
0,0.056416538,0.12484321
0,-0.33517393,0.122441754
1,-0.107357755,0.1890255
0,0.1482477,0.42823952
0,0.11676969,-0.24558188
0,-0.113080606,6.7308545e-05
0,-0.05035662,0.054660022
0,0.12089321,-0.1356226
1,-0.019443551,-0.22788514
0,-0.30780753,-0.011452526
0,0.16887096,0.10375269
1,0.005804207,0.18581417
0,-0.08201277,-0.062341988
0,-0.3654234,-0.31031138
0,0.17028135,0.10456319
0,-0.07880016,-0.03137991
1,-0.1007991,0.31269288
1,0.11490686,-0.053999037
0,0.18648502,0.05044084
1,-0.21727178,-0.20874204
0,0.1686635,-0.07342206
1,0.19325674,0.18574125
1,-0.12656894,0.17505291
1,-0.26366428,0.090183154
0,-0.22896838,-0.15526162
1,0.044694412,-0.42006385
1,0.21280587,0.061416745
1,0.35650116,-0.21973743
1,-0.32512236,0.12798867
0,0.042000186,-0.11264856
1,-0.14289665,-0.101841226
0,-0.09408172,0.061088167
0,-0.06575539,0.035375223
1,-0.25545388,-0.35287434
1,0.20556983,0.011384398
0,-0.2443461,0.07335305
1,0.06629513,-0.34163362
1,-0.1400906,0.08690773
1,0.16062656,-0.36286795
1,-0.35909817,-0.21266623
0,-0.01124341,0.12641726
0,0.26475015,-0.01630114
0,0.07587725,-0.09899543
0,-0.1370759,-0.060791954
0,-0.13408071,-0.119994596
1,0.2166152,-0.20075609
0,-0.11377564,0.11482282
1,-0.13188045,-0.0016560555
1,0.057002027,-0.03639938
1,-0.22729433,-0.016976655
1,-0.29749104,-0.2209173
0,0.13556008,0.07256054
0,0.009019118,0.15673333
1,0.012500841,0.1389577
0,0.043664847,0.036744595
1,0.092874855,0.1018378
1,0.0042249598,-0.19952144
1,0.20666963,-0.14026587
1,0.10248119,0.13667426
1,0.014220275,-0.43936718
1,-0.08232121,0.031014204
0,-0.18806604,-0.023836598
0,0.26301342,-0.20897348
0,0.09290402,0.0043897033
1,-0.21209237,-0.09535113
0,-0.095813,-0.20333584
0,0.24171212,-0.10379228
0,-0.34293598,0.030360475
1,0.08061315,0.15485665
0,0.1262866,-0.31000298
1,0.31446218,-0.15471895
1,0.128341,-0.19935443
0,-0.075999156,0.22744678
0,0.026461251,0.10748732
1,-0.16256087,-0.08769682
0,0.018117275,-0.05250983
0,0.2854912,-0.100571886
1,0.06467788,-0.29377013
1,0.4536538,-0.115489095
0,0.05242454,-0.08498241
0,-0.10231592,0.03223277
1,0.5437342,-0.0907983
1,-0.033797752,-0.678705
1,-0.039547734,0.0394181
1,-0.11714706,-0.42666316
1,-0.6342481,0.16209133
0,-0.14672902,0.0119412765
1,-0.31763807,-0.40605557
1,-0.43606728,-0.038725585
0,0.017007798,0.020281807
0,0.14266858,0.17385586
0,0.3007576,-0.09644027
1,0.12000859,0.19145024
0,-0.052106284,0.13082711
1,0.06790726,0.17442255
0,0.18180877,-0.1857725
0,0.18236597,0.08932166
0,-0.17027381,0.05066918
1,0.15594956,0.07164479
0,0.077752754,0.06422171
0,0.06240398,-0.16261382
0,0.059415225,0.08511077
1,-0.20250091,-0.26792872
1,0.15971176,-0.22878884
1,0.05677921,-0.15621464
0,-0.07644431,-0.045448467
0,0.06724304,-0.06559549
0,-0.14092568,-0.033482
0,-0.3855454,-0.015154138
0,-0.028366223,-0.020274058
0,-0.008519843,0.06597534
1,-0.1264338,0.01954414
1,-0.4865939,0.37152773
0,-0.12845238,0.13997729
1,-0.008670885,-0.349272
1,0.084847644,-0.12176825
0,0.31842214,0.088808775
0,-0.092152715,0.145263
1,-0.021879714,0.29460996
1,0.08820571,0.15819675
0,0.24773765,0.05249978
1,-0.03277429,-0.060612857
1,0.096687675,-0.21053277
0,-0.11771993,0.048292957
1,0.107528925,0.15132524
1,0.10434064,-0.19176133
0,0.05498119,-0.5260867
1,-0.36367095,-0.10324849
0,-0.10487899,0.1810367
0,0.24996668,0.0030268282
0,-0.30047038,-0.19007961
1,-0.11650573,0.016654924
0,0.0344267,0.0730457
0,0.06352353,0.3547191
0,0.012178887,-0.106074765
0,-0.18053629,0.14299513
0,-0.17808133,0.07276509
0,0.0048798844,0.1317237
1,-0.47284448,0.2543955
1,0.3717174,-0.3291062
1,-0.084687024,0.27453122
0,0.0829878,0.08556927
0,-0.13026832,0.079552636
1,0.14994913,-0.28770202
0,0.12802836,0.021720506
0,-0.11522405,-0.021242425
0,0.0034671463,0.050425254
1,0.07879844,0.27558792
0,0.009990465,-0.21467777
0,-0.05662659,0.15457901
0,0.35327014,-0.1570508
0,-0.01140213,0.07839035
0,-0.06079738,-0.111972675
0,-0.19295639,0.18066645
0,-0.077067405,0.033104114
0,-0.05132741,0.010833263
1,-0.2792948,-0.0044385195
1,-0.076452255,0.05177991
0,-0.030215181,0.022338957
0,-0.2534884,0.0056330413
0,0.36122888,-0.12010194
0,0.0097441375,0.100686446
0,-0.2671292,-0.24502937
1,0.32582876,-0.13613705
0,-0.06603286,0.07558955
1,-0.4285708,-0.2962078
0,0.30253217,0.052759856
1,-0.049106095,0.26231268
1,0.24599499,-0.40535218
1,0.103042915,-0.38334537
1,0.24116978,-0.21323611
1,-0.06466308,0.10831329
1,-0.033513032,-0.20288058
0,0.23981205,0.077863336
1,0.17174402,0.1423813
1,-0.027599953,0.07834453
0,-0.22267544,0.15406513
0,-0.117411956,-0.014400512
1,-0.031116735,-0.043295532
0,0.012761619,0.00016082823
1,-0.11376904,0.3777779
1,0.0743697,0.036505178
1,-0.08618806,-0.06638734
1,0.06970717,0.3361125
0,-0.20783469,0.06927712
0,-0.00019374862,-0.14360495
0,0.29825386,-0.22647421
0,-0.07987081,-0.11322333
0,0.009548917,0.111122556
1,-0.2039782,-0.024627179
1,-0.08623604,0.18495774
1,0.13338335,-0.38547218
1,-0.32523113,0.34286082
1,0.19745031,0.08487969
0,0.046747614,-0.03196068
0,0.00087052956,0.16809508
1,0.07431531,0.019814506
1,0.025159914,-0.009149954
0,-0.016442262,-0.14962907
1,0.39320174,0.06698491
0,-0.24355063,0.1705676
0,-0.16932863,0.06397086
1,-0.0157498,-0.05785407
0,-0.14861201,0.032518767
1,0.04631846,-0.6205192
1,-0.23057485,-0.13995261
1,-0.18797928,-0.041942284
0,-0.27402666,0.21362758
1,0.16776569,-0.14094584
0,-0.24048018,-0.124410525
1,-0.19077222,0.047804207
0,-0.04552941,0.009286545
1,-0.056092896,0.4505145
1,-0.1455734,-0.13127173
1,-0.5606843,-0.09279619
0,-0.08308167,0.14020373
0,-0.0018162727,0.16117772
1,0.2687165,0.18059678
1,-0.0059061944,-0.24979033
1,0.02089369,-0.47683936
0,0.15191384,-0.0072033703
0,-0.013363568,-0.30242276
0,-0.33716115,0.061541826
1,0.22444674,0.3681435
1,-0.045968268,-0.2962321
0,-0.18765716,0.09656207
1,-0.17880394,-0.16529395
1,0.05936205,0.024935804
0,0.19389123,0.067941785
1,-0.24789064,0.47350037
1,0.3026138,0.26276052
0,-0.16983478,-0.02327834
1,0.084430724,0.091514155
1,0.092954025,-0.12610866
0,-0.15824401,0.22556978
1,0.027901936,0.34051108
1,0.024384122,-0.4858315
1,0.04557785,-0.15493993
1,-0.18727712,-0.17356421
0,0.07526113,-0.031319395
0,-0.1293534,-0.22318955
0,-0.1615543,-0.19224845
1,-0.10844278,-0.01157482
1,0.12500112,-0.24355768
1,-0.21959558,-0.4823799
1,-0.03257184,-0.09267424
1,0.030538227,-0.2812484
1,0.35222757,0.1144455
1,-0.18068695,-0.00949198
1,0.035754222,0.15788984
1,-0.09234044,0.2856801
1,0.22661904,-0.035301074
1,0.25001875,0.033031493
0,-0.07547356,0.02189865
0,-0.02451985,0.3136804
1,0.41193098,-0.12533773
1,0.4178504,0.0065537095
1,0.30023265,0.65236515
1,0.11162931,-0.18198843
1,-0.29572713,-0.06578128
1,-0.14782284,-0.20712735
1,0.04605979,0.28228462
1,0.027762923,-0.15598689
1,0.2253364,-0.35413837
0,-0.118176684,0.21071774
1,-0.25342277,-0.41720414
0,-0.29724807,-0.0321102
0,0.2789063,0.047337435
0,0.17518146,0.022614233
0,0.059907455,0.071741104
1,-0.05979561,0.068906665
0,0.097164035,0.0031998158
1,-0.117127374,0.009652644
0,-0.12813094,-0.26306808
1,0.4485392,0.1542398
0,0.047982436,0.0630635
0,0.20519683,-0.11012778
0,-0.050823856,0.16059335
0,0.089410186,-0.081954196
1,0.16012192,-0.020640835
0,0.23442823,-0.06266825
1,-0.1410073,-0.3740487
0,-0.22302853,-0.3515212
1,-0.060937442,0.11465899
0,0.29750568,-0.12625049
1,0.47193635,0.35580155
0,-0.079500765,-0.056744203
1,0.119068876,-0.40695822
1,0.24359566,0.16863564
1,0.21902311,0.015768036
1,-0.294936,-0.34291792
0,-0.19558626,-0.005637303
0,0.14128092,-0.05500172
0,-0.44944352,-0.10761388
0,-0.19318801,0.05178906
0,0.19911447,0.0469696
0,-0.084095836,0.1347716
1,-0.08720471,0.29458964
0,-0.05998552,0.020041376
1,0.0029119104,0.18370917
0,0.03218038,-0.10049841
1,0.16240284,-0.04213722
1,0.20631403,0.10355955
1,0.38318202,0.3643601
0,-0.11966564,0.1524004
0,0.016642947,-0.006848946
1,-0.5296468,0.26892218
1,-0.18295458,-0.2779765
0,-0.3026592,0.08544284
0,-0.083114296,-0.04724537
0,-0.05334653,0.041395918
1,0.022817917,0.10976124
0,-0.36470544,-0.18613149
0,-0.08470084,-0.08701083
0,0.054687742,-0.03867553
1,0.2776263,0.31643647
0,0.055151034,0.040667392
0,0.26220033,-0.055234447
0,0.3771832,-0.0065900385
0,-0.26066083,-0.070330605
0,-0.004816603,-0.012836114
0,-0.13005544,0.047495335
1,0.34413314,-0.23466684
0,-0.086831965,0.043592773
1,0.024292532,-0.02510275
0,-0.24505645,0.24494159
1,-0.070664614,0.012995541
0,-0.014650822,0.047015972
0,-0.10043456,0.067492545
0,0.04059415,0.02460143
1,0.18401465,0.23519763
1,0.16884306,0.0070949346
1,-0.35107547,-0.2601847
0,0.36478284,0.13550322
1,0.09090918,-0.1883813
1,-0.41665667,-0.14060356
0,0.4362814,-0.026305541
1,-0.21504942,0.6677801
0,-0.14123423,0.02280049
1,-0.1766496,-0.23386474
0,0.2774425,-0.028431937
1,0.11479038,0.107371844
1,-0.11509001,-0.09938909
1,-0.15554026,0.3511839
1,0.30232984,-0.31275755
0,-0.11806896,0.04389803
1,0.2889995,0.22088954
1,0.12212737,-0.5197328
1,0.13527974,-0.16856886
1,-0.24511997,0.24107885
0,-0.06384279,0.07837809
0,-0.41051495,0.044932306
1,0.32882446,-0.028554723
1,0.26470447,0.093335286
1,0.11386481,-0.03649746
0,-0.0239662,0.089956865
1,0.32667297,0.13593356
0,-0.00455592,-0.08048068
0,-0.010635436,-0.11205731
1,0.14839694,0.18976304
0,-0.13790822,0.0021261424
0,0.15345214,0.022718988
0,-0.16211474,0.13671371
0,0.15881053,-0.03306918
0,0.024928372,0.01990658
1,0.043088395,0.17074463
1,0.28357384,0.11021716
1,0.09925543,-0.0033140332
1,-0.27484077,-0.33013445
0,0.020214569,-0.014849976
0,0.2597106,-0.11797349
0,0.2093617,-0.057695642
1,0.21927932,-0.1616988
1,0.48594183,0.067646965
1,0.39767456,0.38010466
1,-0.41876623,0.35646984
1,0.0943473,-0.045712814
1,-0.075300515,0.1164783
0,0.0769961,0.022713415
1,-0.13542576,0.1832458
1,-0.06369207,0.07809621
1,0.28116882,-0.43900722
1,0.1440774,-0.38780338
0,0.025656186,0.021380424
0,0.14411241,-0.039816827
1,-0.018850684,0.25935486
0,0.32770747,-0.012458429
0,-0.13573422,0.030908562
0,-0.07378116,-0.08558431
1,0.06821258,0.21824187
1,0.10846658,0.052877188
0,-0.31390396,0.13975844
0,0.013203289,0.14816262
1,-0.6622391,0.46030152
1,0.14155877,-0.19232966
0,0.018550739,-0.0050732642
1,0.20368971,-0.09086634
0,0.011734985,0.084928885
0,0.013896946,0.13147628
1,-0.3013749,0.105016276
0,0.097579,0.12170392
0,-0.16095152,0.02544342
1,-0.28100678,-0.28381932
0,0.019696351,0.11482659
1,0.16937344,0.33556604
0,0.32446793,0.1428094
0,-0.24311998,-0.106594816
0,0.05309627,-0.10080467
1,-0.22490615,0.23198773
1,0.3983577,-0.3859508
1,0.077546805,-0.17796971
1,-0.109575525,0.09020652
1,0.41460952,0.13048932
0,-0.21235938,0.062042564
1,0.19886464,0.013658769
1,0.50475264,-0.24392022
0,0.040754046,0.23300985
0,-0.017093293,-0.0076937973
0,-0.26790336,-0.13611554
0,-0.31681675,0.26532328
1,-0.48864412,0.58466583
1,0.21464583,-0.16908012
1,0.15893917,-0.20495911
0,0.14634672,0.042231858
0,-0.010652615,0.05588083
0,0.050564375,0.19928184
0,0.012776729,0.25426704
1,-0.23411977,-0.21208604
0,-0.12605073,0.15879121
0,-0.1638151,0.050325826
1,-0.02513446,0.11547507
1,-0.1480113,0.36689728
1,-0.23901193,-0.091691285
0,0.37153983,0.020354941
0,0.24958432,-0.02790171
1,-0.31998286,0.20345476
1,0.10363674,-0.1441551
0,0.07013102,-0.02386202
1,0.19437927,-0.1375478
1,-0.30500403,-0.17914097
0,-0.027418066,0.026965022
0,0.17272711,0.15239155
1,-0.43304515,0.055336736
0,-0.03351798,-0.07194899
0,-0.019892206,0.030742139
1,-0.023728505,0.057726294
1,0.19478644,0.110647365
0,-0.012476819,0.013860941
1,0.142811,-0.19162743
1,0.12515213,0.08322758
1,0.23237553,0.42364156
1,0.44366047,0.23824695
0,0.27147603,-0.032671884
0,-0.13810077,0.057008192
1,-0.25419784,0.1618723
1,-0.1994935,0.24701487
1,-0.20869026,0.15393719
0,-0.21172068,0.20446748
1,0.19455737,-0.23241751
0,0.25469023,-0.021475002
0,-0.073337406,0.059561998
1,0.078468844,-0.24843712
0,-0.29434103,-0.019961074
0,-0.043219972,-0.03769505
0,-0.02740002,0.05263342
0,-0.39905226,0.27437687
1,-0.011844546,-0.3906741
1,0.34617382,0.11181665
0,-0.06005814,-0.092590705
0,0.08777434,0.10428816
0,0.14365329,0.13484585
1,0.029346157,0.17057788
1,0.059876908,0.24613762
0,-0.17977709,-0.20858015
0,-0.101774186,0.063959844
1,-0.2694035,0.060495824
0,0.0054994226,0.05335263
0,-0.039656006,-0.008797273
1,-0.27636597,0.057730794
0,0.15212476,0.035117514
1,0.07535125,0.040124
0,-0.18698852,0.11603544
1,0.23451519,0.145677
0,-0.0042501315,0.1133448
0,0.12156485,0.11510641
1,-0.12451005,0.24528588
0,0.0786269,-0.14941008
0,-0.09310166,0.047429964
1,-0.21102159,-0.42333502
0,0.19614494,0.066298164
1,0.08737825,-0.15756907
0,-0.00826765,0.21475282
1,-0.043526415,0.07952923
1,0.10911837,0.19340706
1,-0.027437035,0.31198418
1,-0.108807296,-0.04379618
0,0.04739159,0.12516244
0,0.14705107,0.3444671
0,0.0239859,-0.029042915
0,-0.117595166,0.05741319
0,0.026981879,-0.10731636
1,-0.11092459,-0.25332868
0,-0.03325044,0.07784003
0,-0.15008552,0.021670908
1,0.045460682,-0.28443396
1,0.19851013,-0.1258222
1,0.25492322,0.20536536
1,0.1751209,0.21436076
0,0.254215,-0.09427403
0,-1.1742115e-05,0.04998225
0,0.13262346,-0.06911871
0,0.011859003,0.10970236
1,0.3551839,0.17230819
1,0.122394934,-0.21936454
0,0.0870633,-0.15988447
1,-0.024285793,0.20325837
1,0.21616164,0.106794216
0,-0.24950086,-0.3285091
0,-0.058894563,0.07881738
0,0.10048029,-0.011978492
0,0.44245538,-0.0522324
1,-0.39357135,0.4004625
1,-0.043073498,0.051510416
1,-0.12558898,-0.31131333
0,0.023703273,0.09976837
1,-0.10141246,0.18632115
1,0.08771165,0.01757209
1,-0.14544049,-0.07297523
0,-0.069867805,0.080424815
0,0.15412165,0.06185197
0,0.27149072,-0.10300206
1,0.073033825,0.20825477
0,-0.16640374,0.011634953
0,-0.24365838,-0.22051008
0,-0.025732145,-0.3111136
0,0.1113652,0.0017306358
0,-0.2633987,0.08368789
1,-0.019266255,-0.09659915
0,-0.31766403,-0.22256948
0,-0.03033162,-0.05593109
1,-0.49990392,0.2313858
1,-0.025841355,-0.12505053
1,0.011999268,-0.0905678
0,0.20858654,0.085002236
1,-0.24944322,-0.35105228
0,0.011093661,-0.08124088
0,0.032091405,0.039065585
0,0.07538289,0.1936723
1,0.13243362,-0.057981923
0,-0.0633795,0.10576857
0,-0.04633146,0.21916623
0,-0.15972213,0.10176166
1,-0.33280665,0.265635
1,0.29061452,-0.11021443
0,0.09360352,0.008123495
0,-0.32293534,-0.08878793
0,-0.0552432,0.12522674
0,0.00096699223,0.050622664
0,0.003978964,0.0803379
1,0.2193057,0.12689994
0,0.0048740394,0.06751506
0,0.0253741,-0.12659313
0,0.06624971,-0.09038152
0,-0.29531762,-0.06456627
1,0.07052897,-0.257379
1,0.25683418,0.15800884
1,0.45535225,-0.09708516
1,-0.04981706,0.11003311
0,-0.24375296,-0.027684659
0,0.13047476,0.10210467
0,-0.17715389,-0.043544874
1,0.1751435,0.4402377
1,-0.13313925,0.13656008
0,-0.17759216,-0.13887341
1,0.13008761,-0.2621374
0,-0.016018605,0.0035276562
1,-0.46586627,0.31084812
1,-0.2195807,-0.24056791
0,-0.20610327,-0.068494335
1,-0.02530824,-0.19245489
1,-0.17049427,-0.26713568
1,-0.2874936,-0.08555108
1,-0.01622466,-0.10134588
0,0.01320437,0.021827511
1,0.17412823,0.17305243
1,0.19756958,-0.1867906
1,-0.2946341,-0.08264564
0,-0.18153758,-0.22056599
1,-0.108604,0.4335372
0,0.17937794,0.078457355
0,0.25213853,0.032149956
1,-0.20075284,0.08380442
0,0.021779943,-0.041317686
0,0.17301609,0.01155699
0,0.06731954,0.00036028028
1,-0.3226078,-0.47688895
1,0.035311352,-0.048500404
1,-0.015496988,-0.32177943
0,0.00044645742,0.21731815
0,0.049278755,0.112354994
1,-0.26988855,0.020779662
0,-0.2014347,0.13737586
1,0.016449254,-0.06635614
0,-0.020560104,0.020828202
1,0.21070305,0.048021995
0,-0.087163866,0.13979626
1,0.5208996,0.03204429
1,-0.09885131,-0.100537136
0,-0.16737758,0.13229714
1,0.20072557,0.5706063
1,0.07801786,-0.11591457
1,0.17141682,0.02638477
0,0.34676862,0.036025815
0,0.1280008,-0.19433142
0,0.12521847,0.009165615
0,-0.20715025,0.13146538
1,0.24741888,0.090730324
0,-0.040928148,0.18060353
0,-0.03676814,-0.15036629
1,0.38069248,0.042320333
1,-0.031541012,-0.4689083
0,0.1719548,0.19248153
1,0.10581033,0.2909581
1,-0.14614326,-0.0723245
1,-0.25538343,-0.36940885
1,-0.13823704,-0.20798905
1,0.16581228,-0.16533433
0,0.12596238,-0.02649641
1,-0.3250707,0.019157924
1,-0.05336632,-0.09131682
0,-0.043807417,-0.00378412
0,0.11467032,-0.03824626
1,-0.3057037,0.64984053
1,-0.27275535,0.2967772
1,0.22916844,-0.25412142
0,-0.02397193,-0.016293794
0,-0.124008775,0.1568762
0,-0.02482422,-0.12024899
1,0.1413418,-0.5752338
0,0.4757986,0.12519471
0,0.19641423,-0.051319763
1,0.09789166,0.5892182
0,0.35895032,0.13677028
1,-0.26008362,-0.026401386
0,-0.22922105,0.06819385
1,0.112451985,0.15715498
0,-0.2773529,0.051043704
1,-0.14228876,0.3129161
1,0.18257362,-0.07776041
1,-0.27872422,-0.14991619
0,-0.14710322,-0.1091838
1,0.4096197,-0.015536338
0,-0.08879048,-0.042892024
1,0.17629772,-0.13838507
0,-0.065576375,0.04782053
1,-0.1163501,-0.12722887
0,0.15579998,-0.083724365
1,0.04454202,0.37906653
0,-0.01563537,0.046638824
0,-0.005956292,0.07017781
0,0.1674182,-0.0849209
0,0.08301298,0.019970536
1,0.10767187,-0.108079374
0,-0.03360985,0.056544974
0,0.28732067,0.046496324
0,0.0040504932,0.086644866
1,0.22433218,0.16167545
0,-0.036017977,-0.093703434
0,-0.38502544,0.10032314
0,0.15835066,-0.4785155
0,-0.07157994,-0.0787781
0,-0.19384283,0.06298121
0,-0.21835956,0.23255976
1,-0.022669453,-0.38607663
1,0.20684007,0.16068019
0,-0.21216592,-0.12546523
0,0.091899246,-0.105960205
0,-0.14484975,-0.07425402
1,-0.34329155,-0.004783258
1,-0.13840617,-0.30022305
0,0.25158677,-0.1801567
1,-0.017369086,-0.0678
0,0.27701187,0.12066193
0,-0.24575561,-0.042478785
0,-0.16401389,0.018241107
1,-0.24192686,-0.019059971
0,-0.11557411,-0.10158013
1,0.29398596,0.029629618
1,-0.27230623,0.18904558
0,-0.08906622,0.1788874
0,-0.047015846,0.0060515255
1,-0.005967276,-0.09899905
1,-0.15877932,-0.106480196
1,0.050849173,-0.018454328
0,0.29634595,0.02624692
1,-0.07567957,-0.26333666
1,0.13656361,-0.2931698
1,-0.21807292,-0.19648428
0,0.085060135,-0.17663164
1,0.039671037,0.10802859
0,0.21933985,-0.06430465
0,0.06311685,0.019746989
1,-0.24536169,0.051616557
0,0.1103248,-0.052896604
0,-0.07542802,0.00411956
1,0.15171269,0.30208018
0,0.037208397,0.24690226
1,-0.13417095,0.3505684
0,0.08937499,0.09947811
0,0.17407855,0.07824393
0,-0.016324466,0.1519902
1,0.21010646,0.17989938
1,0.077817604,0.33780444
0,0.24721041,-0.073974
1,-0.11587259,-0.021964937
0,-0.3846078,0.09832512
1,0.15452993,-0.36430603
1,-0.041655187,-0.009096876
1,-0.06427936,-0.19738473
1,-0.14059296,-0.13719516
1,0.57926345,-0.4416114
1,0.2414963,-0.23346324
1,0.5975634,0.2664855
0,0.024276566,-0.0898063
1,-0.10769297,-0.2792279
0,-0.20084348,0.043302357
0,0.32949182,0.2022664
1,0.43814206,0.049022153
0,0.029717524,0.01072406
1,0.18258007,-0.06807077
0,0.18761206,-0.12150495
0,-0.41135216,0.048820034
0,0.0006604418,-0.114033684
0,0.41840506,0.06311784
1,0.12879208,0.29554564
1,-0.1332422,0.114756286
0,-0.012334399,-0.050246403
1,-0.057753094,-0.355649
1,-0.029814798,0.07789236
0,-0.22623645,0.13772708
1,0.3074513,0.12136471
0,0.074533895,-0.030009463
1,-0.03250974,0.15451108
1,-0.026928201,0.09028338
0,-0.047659628,-0.15249325
1,-0.21378097,0.019237027
1,0.057847332,0.15605383
1,-0.050547816,0.092000276
1,-0.28926706,-0.0025239289
1,-0.032322522,-0.017143086
0,-0.030316334,0.20397975
1,-0.40558088,-0.061952576
0,0.048507567,-0.008702114
0,0.086449,-0.13676874
0,0.12875983,0.019893616
1,-0.061014213,0.0051822513
0,-0.12952642,-0.10237503
1,0.16396984,-0.16638719
0,-0.23257941,-0.16072793
1,0.06553447,-0.022144422
1,0.119353116,-0.10324521
0,0.015626062,0.057674013
0,0.16899413,0.072165534
0,0.012034342,-0.040969864
1,-0.15380298,-0.3282792
1,-0.31548908,-0.15160327
1,0.2602666,-0.25260198
1,-0.025633842,-0.044690743
0,0.18989623,-0.011153415
1,-0.019795936,-0.20433421
0,0.011301789,-0.41359937
1,-0.07581792,-0.060981914
1,0.41777676,0.05736488
0,-0.044604603,-0.13229989
0,0.20147803,-0.11459069
0,0.06962323,-0.59476227
0,0.24384254,-0.058430776
0,-0.015472934,0.03929156
0,0.137787,0.015069306
1,-0.060350455,-0.19846629
0,-0.16053048,-0.027126178
0,-0.0648537,0.23110874
0,0.040202927,-0.010969877
1,-0.28655404,-0.18124305
1,-0.11768937,0.07164395
1,-0.06394563,0.46405745
0,-0.014983239,0.10028701
1,-0.24281338,-0.013867304
1,-0.15650293,-0.3418091
1,0.14912951,-0.2972874
1,-0.3115648,-0.0059181154
1,0.15907408,0.3167945
1,0.26151988,0.043546066
0,-0.038199663,-0.029313907
1,-0.18421797,0.16155052
0,-0.052841365,0.100985475
1,0.07526563,0.042053938
0,0.011288498,-0.031247556
0,0.15014596,0.047492005
0,0.1266101,0.16793777
0,-0.07780299,0.04437554
1,-0.055389214,0.048526168
0,-0.1696263,0.023337565
0,0.11746022,-0.07862796
0,-0.050856315,-0.097176686
0,-0.3796078,-0.26513636
1,0.30196458,-0.049803987
0,0.16401772,0.115948796
0,0.015985291,-0.25567198
0,-0.036684897,0.17924348
0,0.07994622,-0.076335534
1,-0.017360482,-0.3136139
1,-0.118420005,0.28212735
0,-0.08277725,0.07466084
1,-0.08575416,0.040551953
1,-0.08853738,0.1196142
1,0.18226287,-0.054830804
0,-0.06713046,0.03425499
0,-0.1340787,0.10491091
1,0.09341064,-0.07910767
0,0.12826322,0.08163605
0,-0.16992852,-0.39678872
1,-0.12321694,0.10022996
1,-0.24938774,-0.027560309
1,0.010299403,-0.44096947
0,0.13304824,0.06251915
1,0.025898058,-0.14178567
0,0.11643322,-0.053644463
1,0.0037654787,0.031241432
1,-0.38358146,0.012495294
1,0.054079827,-0.0041026026
1,0.05873655,0.16532087
1,0.39162952,-0.29578203
0,0.13973475,-0.12539764
0,0.015540943,-0.14338614
1,-0.12014066,-0.20762463
1,0.07077956,-0.16782536
0,-0.27332777,0.08210419
0,-0.2637606,-1.5944242e-06
1,0.23247424,-0.054718524
1,0.05781551,-0.380803
0,-0.4000477,0.17489502
0,0.075019345,-0.069753036
0,-0.076797634,-0.050710693
0,-0.19596425,-0.011634156
0,-0.23455626,0.10344298
1,-0.03188426,0.006046042
0,0.36463585,-0.034562767
1,-0.37494123,-0.06171225
0,0.041481126,0.2161095
1,0.021590788,-0.2756107
0,0.08040562,0.034494206
0,0.19497767,-0.05959578
1,-0.06345968,-0.3631099
0,-0.26598337,0.25475395
1,-0.18302174,-0.11622365
0,0.26010823,0.04015903
0,0.10398322,0.058437407
0,0.16697007,-0.10531969
0,-0.14709787,-0.16691147
0,-0.13044275,0.039386094
1,0.3232091,0.20611522
1,0.21558496,0.27834532
0,-0.15697408,-0.07834208
0,-0.14386748,0.061794266
0,-0.1668392,-0.019147024
1,-0.2777337,-0.10151319
1,-0.2740551,0.2704727
1,-0.10982737,0.11059572
0,-0.010572905,-0.2450649
1,0.43663168,0.103653155
1,0.17753203,0.22744706
0,-0.10622236,0.11935438
1,-0.068369895,-0.0751259
0,0.031411204,0.15749113
1,0.11979669,0.26167232
0,-0.21290119,-0.008935526
1,0.25194296,-0.1137618
1,-0.26781476,0.42611086
1,-0.2944274,0.054428786
0,0.0032087155,-0.017593354
0,-0.027989855,0.07767145
0,0.0053901225,-0.13423087
0,-0.26465875,-0.011836097
1,-0.18496718,0.3486343
1,0.015826873,0.12523018
0,-0.18240783,0.06348133
1,-0.13913651,-0.11754139
0,0.07124151,0.0501749
1,0.43288064,0.15329403
1,0.1854307,0.18298984
1,0.61792505,0.2938364
1,0.17660946,-0.013618335
0,0.018420245,0.23520339
1,-0.23775987,-0.49749935
0,-0.26472014,0.010615826
1,0.0023475327,0.33218333
0,0.08369881,-0.17972921
1,0.10426518,0.05621086
1,0.22720084,-0.035057142
0,0.01860683,0.003935322
1,0.0011499003,-0.059799284
0,-0.49664217,-0.119360045
0,0.09090738,0.033663213
0,-0.14342804,0.22498092
0,0.04238696,0.018155217
0,0.11723882,0.22567528
1,0.0043328814,-0.44682902
1,-0.06683498,0.6530808
0,0.27646476,0.009849802
1,0.049773175,0.09652441
0,0.049052756,0.14146547
0,0.028893564,0.03975302
1,-0.43050188,0.053188816
0,0.19806962,0.01942332
1,-0.023283934,-0.0376049
1,0.19960439,0.34488297
1,-0.09549722,0.5075516
1,0.1401221,-0.059191808
0,0.015577897,0.08399977
1,0.079024166,0.006140515
1,0.38597554,0.18960154
1,0.08875795,0.19493115
0,-0.07747465,0.10593827
0,-0.16199365,0.028492115
1,0.43390173,0.63459367
0,-0.012506142,-0.086284295
0,0.266608,-0.08107312
1,0.012443867,0.0067119896
1,0.06108283,-0.010722995
1,-0.41743946,-0.21611793
0,-0.2878545,-0.16552831
1,0.15049197,0.04713226
1,-0.055670515,0.0045468956
1,-0.24948683,0.046926647
1,-0.006365897,0.1084799
0,-0.4605844,-0.35686356
1,0.01682822,0.3573619
0,0.10386297,0.09566322
0,0.19174492,-0.09355785
1,-0.11668716,0.26796114
0,-0.03230621,-0.14390178
1,-0.113239065,-0.12061475
1,0.25037175,0.43438244
0,0.020195019,0.04507748
1,-0.039643507,-0.008549437
0,0.05058669,-0.03276442
1,-0.21717757,0.26630044
0,-0.08130655,0.04796569
1,0.09823984,0.08401584
0,-0.14438829,0.10281278
0,-0.05290599,0.005747959
0,0.060596127,-0.013643578
0,0.36416793,-0.08983217
1,-0.1846797,-0.18039198
0,-0.35619697,-0.043544903
1,-0.1519817,-0.25036603
1,-0.025547964,-0.077772096
1,-0.14462663,-0.37044966
0,0.037734475,0.24556261
0,0.2634402,-0.077307984
1,0.021373123,-0.16619511
1,0.38158306,0.18790507
1,0.3169307,-0.026143372
1,0.114534795,-0.034331158
0,-0.049135745,-0.07231586
0,0.13386954,-0.24748386
0,0.05080038,-0.00067429245
1,0.23473975,0.34252518
0,0.099776074,-0.0675049
1,0.15830068,-0.0013155043
0,0.16992986,-0.22601508
1,0.28667587,0.45194834
1,0.17208655,0.22441861
1,0.21129403,0.041406713
1,-0.14417015,-0.14608799
1,0.23272458,0.0037314743
1,0.25094116,-0.36753345
1,0.16391551,0.24011917
0,0.08168277,0.15806983
1,0.10079357,0.3155189
1,0.18054557,0.040927634
0,0.13695471,0.08583781
0,0.17149162,-0.15893383
1,0.3084085,0.22187464
1,0.4143415,0.18482894
0,-0.119747296,0.1252157
0,0.026967052,0.21307775
0,0.30027583,-0.19701262
1,0.035903577,-0.45713878
0,0.10270071,0.0016365796
1,0.09022044,0.1760927
1,0.11431058,0.09254461
0,-0.037656892,0.1888903
0,-0.1268832,0.020165257
1,-0.29227987,0.046704844
1,-0.13201235,-0.03843479
1,0.28555202,0.08783282
0,-0.14760676,-0.1256768
0,-0.14110288,-0.14652713
1,-0.06659677,0.1545728
0,-0.037017114,0.0413848
0,0.40802318,0.143572
0,0.060589593,-0.0636591
1,0.027379144,-0.35520428
0,-0.19752756,0.20479064
1,-0.20574595,-0.030260623
1,-0.042658973,-0.025313377
1,-0.011803832,-0.16125898
1,-0.045801044,0.28007543
1,-0.09324825,0.31059092
0,0.24933514,-0.25065625
0,0.29629582,0.11642316
1,-0.18063813,-0.16888274
0,0.04739592,0.07975374
1,0.109354734,-0.07449971
0,0.12922052,-0.008546397
1,-0.11362685,0.18066202
0,0.41029337,0.19571882
0,-0.118692026,0.24482581
0,0.0008062571,0.03516534
1,-0.13511309,-0.3370427
0,-0.03896557,-0.08407001
0,0.28107068,0.095807895
0,-0.1432835,0.15893488
1,-0.1232567,0.048586823
0,0.24978197,0.002615273
0,-0.1633257,0.21680063
1,-0.08693762,-0.31349653
0,-0.042763576,0.03929311
1,-0.35397565,-0.089698985
1,0.23400044,-0.05584322
1,-0.274712,-0.26149994
0,-0.3534469,0.04535868
0,-0.1859501,0.015461892
1,0.033348765,0.32706028
0,-0.27785778,0.042933688
0,-0.13958839,0.2299232
0,-0.0755526,0.09627242
0,-0.1976855,0.031925313
1,-0.14872338,-0.1430477
0,0.44410023,0.22201166
1,-0.2579048,-0.038189158
1,0.1302979,0.016467415
1,0.0596991,-0.05087699
0,0.15646008,0.014587067
0,-0.103133634,-0.13708521
1,0.085682124,0.11407557
0,-0.10308041,-0.019554213
0,0.37663692,0.024620183
0,-0.21479768,0.019318275
1,-0.31455803,-0.12670694
1,-0.25631672,0.22337356
1,-0.056647,-0.14763041
0,-0.003687907,0.040470034
0,0.27708074,0.096131906
0,-0.1491932,0.056571618
0,0.23365399,-0.15625657
0,0.059583317,0.23411839
0,0.2559864,-0.06463961
0,-0.12281826,0.055984154
0,0.12276283,0.114693515
0,-0.18807384,0.00579381
1,-0.2425271,-0.066701666
0,-0.18250372,0.049414136
0,-0.042819567,0.062389046
0,-0.11375332,0.16981022
0,0.26557082,0.033842392
0,-0.2132329,-0.1603501
1,0.37990117,-0.07508789
1,0.1289389,-0.020069882
1,-0.10800968,0.31175864
0,-0.032348134,-0.2459519
0,-0.26924604,-0.032603398
1,-0.18952465,-0.29359227
1,0.15575549,-0.27112955
0,-0.13512895,-0.10900636
0,-0.06324679,0.17018148
0,-0.102946475,-0.08351426
0,-0.1825429,0.1581621
1,-0.3061117,0.032374218
0,-0.040016063,0.17678046
1,0.30094025,-0.075370416
0,0.15862861,-0.091913596
1,-0.094984055,0.11790101
0,-0.049915485,-0.03255956
1,0.094902396,0.036107823
1,0.16967493,0.16812903
0,-0.16976282,-0.0069875866
1,0.0092762485,-0.058722332
1,-0.26279885,0.012802146
0,0.1994398,0.13892771
1,0.23043102,0.13731968
0,-0.14935763,-0.0148426145
0,0.018600475,0.14932877
1,0.15115792,0.04501064
0,0.030360285,0.23708716
1,0.113185376,-0.23020406
0,0.15456459,0.17382354
1,0.13026585,-0.078177586
0,-0.12563264,0.006944865
0,-0.11399017,-0.17848416
1,0.06382519,0.15883349
1,0.28448752,-0.043308094
0,-0.058706947,0.11353187
1,-0.17795433,0.08835736
0,0.47932404,0.09693685
1,-0.24357909,-0.24904664
0,0.2803564,-0.11017349
1,-0.16030483,0.1833953
0,0.21662563,0.06750579
0,-0.0478073,-0.13117643
1,-0.26606858,-0.19606741
1,0.21530414,-0.29503798
0,-0.118484214,-0.069617614
0,-0.007640332,-0.05564864
1,0.2337358,-0.11375332
0,0.030931454,-0.15114929
0,0.22816283,-0.014585763
0,-0.24475425,0.0817308
0,-0.43556768,0.04174999
1,-0.01751659,-0.011244684
1,0.08242434,0.08492111
0,-0.023252737,0.10236651
0,-0.17924179,0.008721046
0,-0.1585458,0.12347883
1,0.03244688,0.22672334
1,-0.5273982,0.5847705
1,0.1327988,-0.356893
0,0.10706547,0.09130274
0,-0.14737046,-0.008779213
0,0.04827166,-0.043701664
0,-0.1561446,0.12635286
0,-0.1640427,0.036243558
1,-0.090947375,0.10033255
1,0.2435579,-0.3551879
1,0.22358763,-0.27061266
0,-0.23962142,-0.33655417
0,0.09704457,-0.17225464
1,0.06716864,0.03357087
0,0.0292199,-0.016261712
1,0.17927681,-0.31072313
0,0.18054672,-0.32107657
0,0.040583808,0.11566895
1,-0.05658683,0.09564711
0,-0.1046911,-0.281609
0,0.18704876,-0.026852563
1,0.0024320818,0.16387156
1,-0.071474925,-0.06622292
0,0.00018695742,-0.10362853
0,0.19613118,-0.008161798
0,-0.2140922,0.17582029
1,-0.2040664,-0.04720877
0,-0.03166885,-0.08819686
0,0.0041410625,0.13402869
1,0.2408266,-0.30005127
0,-0.039902214,0.027208894
1,0.03281797,-0.054746315
1,0.37404695,-0.0046279877
0,0.09413427,-0.21324708
0,0.27480572,-0.013011381
0,0.4639242,0.08238498
1,0.08111201,0.26085278
1,-0.057679273,0.34299964
1,-0.12568973,-0.1494623
0,-0.13401088,0.10093659
1,-0.13631977,-0.29344064
1,-0.10246973,0.48228055
1,0.01936657,-0.013401002
1,-0.032073047,0.022223376
0,-0.0047849305,0.26326412
0,0.15069018,0.07564568
1,-0.27334365,0.09053151
1,-0.30281147,0.20235679
0,-0.17338812,-0.19540317
0,0.32641846,0.10987753
0,-0.11407672,0.1512882
1,-0.26374024,0.0061516613
0,-0.12211479,0.02118066
0,0.122124314,-0.15801473
0,-0.20216411,-0.0630409
0,0.18718922,0.018825427
0,0.14952086,0.022377461
0,-0.08967299,-0.02218084
1,0.0027802363,0.046607226
0,0.066787526,0.009791538
0,-0.122871995,0.176552
0,-0.02701745,-0.01693286
1,-0.10048987,0.05599828
1,-0.17752594,0.14243856
1,0.29994476,0.10141663
1,-0.34706622,0.11038202
0,-0.46665803,-0.045715496
0,0.111429244,0.13376522
0,-0.26630896,0.11327612
1,-0.02385293,0.21768533
0,0.17659888,0.021812692
1,-0.19710699,-0.14794816
0,0.03837383,0.09655441
1,0.14191064,-0.00011394918
1,-0.10199842,0.25132662
1,0.042810846,-0.5785084
1,0.096291244,0.061043426
0,0.25516468,-0.07308042
0,-0.1539152,0.21509314
0,0.124050826,-0.10339607
1,0.008607771,-0.14117058
1,0.002048131,0.04296749
0,0.029670376,-0.051218867
1,-0.06324485,-0.36390483
0,-0.31952134,-0.05946453
0,0.19576803,0.13393268
0,0.10544421,-0.21995397
1,0.06072742,-0.06495793
1,0.03648028,-0.0917481
1,-0.22724122,-0.44177318
0,-0.05897428,0.07573013
0,0.31603587,-0.06338455
1,-0.47684425,0.030551314
0,-0.29887155,-0.20653905
1,-0.15694834,-0.06939517
1,0.25354928,-0.06428073
0,0.0122359805,0.042170152
1,0.027666021,-0.13227428
0,-0.096030325,-0.25013727
0,0.49706948,-0.03912233
1,0.014518656,-0.04737492
1,-0.018515904,0.10963611
0,-0.31940064,-0.06383602
0,-0.050734356,0.085648835
1,0.23674732,-0.16517814
1,0.12558872,-0.14092939
1,-0.3555684,0.15150665
0,-0.28133458,0.034656703
0,-0.12453866,0.15303457
1,0.12963003,-0.21216215
1,-0.14684208,0.01728917
0,-0.12304637,-0.023684368
1,-0.261137,0.10653104
1,0.093003094,-0.037330166
1,0.15302938,-0.48360193
0,-0.14078407,0.1409737
1,-0.06119112,-0.24565776
0,-0.17763779,-0.08379282
0,-0.24755529,0.1075124
0,0.054525513,-0.09040631
0,0.047697034,-0.0043337047
1,0.1852499,0.10764824
0,0.26510638,0.045137197
1,0.1710524,-0.14175685
0,-0.12877081,0.09026025
1,-0.08734456,0.20931306
1,0.020779062,-0.07642475
1,0.22192773,0.4340611
0,-0.08877966,0.11033389
1,-0.027888514,-0.54149985
0,-0.17839178,-0.03862731
0,-0.15563935,-0.080250084
1,0.4225307,0.12366308
1,-0.310511,-0.19743551
1,-0.0008181222,-0.06819604
0,0.183019,-0.29851127
0,0.13105607,0.01717171
1,-0.08963697,0.0037604123
1,-0.11275333,0.14514726
0,0.050546724,0.17988682
0,-0.15096675,0.05669017
0,-0.03382705,0.15521798
1,0.033488017,-0.058815584
1,-0.08181884,0.1000455
0,0.2323719,-0.07526828
0,0.16640401,0.046850972
1,0.06671597,-0.19408764
1,-0.11784427,0.27846974
0,0.19094655,0.027905948
0,-0.11335261,0.020889722
1,-0.0107793845,-0.10927512
0,0.27888572,-0.03566453
1,-0.4231725,0.21404865
0,0.08425644,0.12751043
0,-0.20482782,-0.0038432032
0,0.031900797,0.04630962
0,0.16478403,0.071004465
1,0.038725402,0.04444132
0,0.2875073,-0.09747045
1,0.32282543,-0.13939877
0,0.2338137,-0.017510936
0,0.05370276,0.076436885
0,-0.027314693,-0.13643928
0,0.25681132,-0.18895768
0,0.23937067,-0.36212844
1,0.13459828,0.22444253
0,-0.07024677,-0.25754577
1,-0.12022534,-0.2409098
0,-0.0092846975,0.1279604
1,-0.1064681,0.31780785
1,-0.11095381,0.12296526
1,-0.6529645,0.30330962
1,0.142043,0.21076311
1,0.08812179,-0.4627567
0,0.058234494,-0.02004762
1,-0.066803075,0.3280632
0,0.52600396,0.11909586
1,-0.15342394,-0.19205542
0,0.3676312,-0.007827029
1,-0.01661897,-0.028621793
1,-0.4586811,0.11377797
0,-0.06055424,0.19297978
0,-0.13664418,0.08183028
1,0.13422218,-0.200433
1,0.1978781,-0.18274273
1,-0.040799584,0.13420491
1,-0.079804406,-0.19502841
0,0.047605384,0.114117876
0,-0.22983786,-0.115083724
1,0.054265838,0.095651396
1,-0.25052607,-0.026984349
1,0.36558557,0.06822362
1,0.027385417,0.40003222
1,0.20987833,0.009424984
1,0.007962428,0.0920452
0,0.04700193,0.10314633
0,0.32000542,-0.13419749
0,0.15006156,-0.02125585
0,-0.24081919,0.059618704
0,-0.31292337,-0.2002656
0,-0.05174975,0.13296509
1,0.005542703,-0.28549397
0,-0.13017702,0.08552068
0,0.03734817,-0.042910248
0,0.075485185,-0.05918564
0,-0.026541658,-0.03819351
0,-0.045851238,-0.04578896
0,0.00016761944,0.067877896
0,-0.014703438,-0.22944684
0,0.0849881,0.22792749
1,-0.22577652,0.025730178
0,-0.0033745542,0.09465674
1,0.22696134,0.6230293
1,-0.28005058,0.30709183
0,-0.0011363626,-0.013215885
1,0.08690886,0.22158268
0,-0.12997803,0.15863019
0,0.2097571,0.026058614
0,0.017750803,-0.051197097
0,0.07233113,0.058117054
0,-0.099720314,0.06862272
1,0.23517886,0.2124595
0,0.0015071146,0.19326574
1,0.20054974,0.32089302
1,0.18628323,0.09708059
0,-0.1266776,0.103054136
1,-0.17823374,0.0136618465
0,-0.37178457,0.06659742
1,0.03899737,0.0016302466
1,-0.064325675,-0.3168835
1,-0.11053774,0.037090972
1,-0.059239563,-0.30388373
1,0.046018194,-0.018895283
1,0.42969406,0.05435989
1,0.1500643,-0.091512695
0,0.17016184,0.022282943
0,-0.14250211,-0.19502832
1,0.48182213,-0.014080927
1,-0.21849675,-0.13401555
0,-0.046682324,0.00089363754
1,0.3000604,0.020693243
1,-0.10285424,-0.31136507
0,-0.039498046,0.107642934
1,0.11721255,-0.01054804
1,-0.16192664,0.10384378
0,-0.013197154,0.13495186
0,0.082924485,0.28814125
1,-0.093878604,-0.49239254
0,0.23460823,0.093779
0,-0.085949525,0.02397938
0,0.04157332,-0.21687175
1,0.06403273,-0.22686432
1,0.08723338,0.0846221
0,0.12718716,-0.18765475
0,0.10014558,0.09976556
1,-0.032123744,-0.007587239
0,0.046141203,-0.001757428
0,0.022126276,0.029347166
0,-0.0060657933,-0.15737672
1,-0.34118438,-0.020755067
1,-0.20382813,-0.14585058
0,-0.079693906,0.18858375
1,0.055985723,-0.17380185
0,0.119310886,-0.09650332
0,-0.03170362,0.25740337
0,-0.10681988,-0.006274238
1,-0.06580798,0.17004165
1,0.24628997,0.07637107
0,-0.008877259,0.03896539
1,0.21358478,-0.04554823
1,-0.24039611,-0.020841017
1,-0.1599747,-0.37924236
0,-0.21263668,0.091752395
1,0.056957286,0.073297136
0,0.051215623,-0.005155176
0,0.1795747,-0.13025503
0,-0.35518414,0.19297123
1,0.33354452,0.6405053
1,-0.0036383718,-0.5368764
1,-0.28217763,-0.015078023
1,0.3793046,-0.07101539
1,-0.19793573,-0.25831527
1,-0.13916883,-0.104049
1,0.22459462,0.0309643
1,-0.31065285,0.3206607
1,-0.18139765,-0.35679233
1,0.21921873,0.20395985
0,-0.22426063,-0.2846737
1,0.57369125,0.25940406
0,0.17948931,0.1199565
1,0.16957021,0.38746858
1,0.29493558,-0.55144995
0,0.100289434,0.064301655
1,0.017236937,0.090158954
0,0.15188298,-0.13339074
1,0.0851111,-0.37243736
1,0.38722408,-0.124297395
1,0.1682152,-0.084277764
0,0.17108479,-0.088872716
1,-0.1623525,-0.23495467
0,0.25622177,-0.08068234
0,0.10828376,-0.12701495
0,-0.03206846,0.23647678
0,-0.034299918,0.011826076
0,-0.119928375,0.03777206
1,0.10206652,-0.26486224
1,-0.3905272,0.25651515
1,-0.14862117,-0.01218684
1,0.011605993,-0.086237386
1,0.11580685,-0.3508247
0,0.12838419,0.061257035
1,-0.33675545,-0.0073053986
1,0.062004734,-0.082059294
1,-0.32829913,-0.18114246
1,-0.13462326,0.11481226
0,-0.22389445,-0.11662443
1,0.42629537,-0.1794538
1,0.25199217,-0.04654844
0,-0.07266635,-0.22823156
1,-0.38248038,-0.25375706
1,-0.029664198,-0.019105077
0,0.06822313,-0.091147155
0,0.09377056,0.10146583
0,-0.07137121,0.03482224
0,0.06425628,-0.02351728
1,0.2288169,0.13881503
0,-0.10481259,0.01790458
0,0.4630299,0.13187248
1,0.24192137,-0.03873758
0,0.1277717,0.04869072
1,0.16292194,-0.24246027
1,-0.075871825,0.2405102
1,-0.12180892,-0.41741455
1,-0.1738897,-0.11504783
0,-0.10461733,0.1227154
0,0.09441845,0.12349632
1,0.05053356,0.12852901
1,-0.11960694,0.07431371
1,0.008612491,0.13162723
1,-0.07900348,0.22403717
1,0.02043495,0.007543236
1,-0.10979204,-0.12292944
1,0.03495885,0.11310056
1,0.20391557,0.07682976
1,0.22073922,0.37460262
0,-0.4612565,0.015072949
1,0.24598798,-0.13449584
0,-0.0703647,0.031488918
0,-0.023977015,0.067207366
1,-0.08352493,0.09274843
0,0.07879263,-0.03332059
1,0.0039100423,-0.42826355
1,0.073060945,-0.015663788
0,0.17842507,0.0007662922
1,-0.117658615,-0.18270133
0,-0.3715226,0.22889593
1,0.08505818,-0.14390232
1,0.18317258,-0.10227652
0,0.25274912,0.117809415
1,-0.13699026,-0.117341295
0,-0.099624276,0.13244782
1,0.09667331,0.16065681
0,0.24407649,0.12967478
0,-0.03931562,0.21127713
1,-0.049007438,-0.2217709
1,-0.1986183,-0.2448153
1,-0.23276207,-0.4339999
0,-0.036667645,0.14627138
1,-0.22030945,-0.07100926
0,-0.02364882,0.013236687
1,-0.12688874,0.32810706
1,-0.09974609,-0.22152217
0,-0.20991835,-0.013893977
1,-0.1314148,0.10955356
1,0.12692586,0.037942737
0,-0.2260724,0.1590929
1,0.19109105,-0.06142102
1,-0.17606087,-0.040835574
1,0.32830197,0.043734282
0,0.10668367,0.15806529
0,0.12919053,-0.16509087
1,-0.08192054,0.2009413
1,0.13279259,0.08306776
0,0.016576964,0.07444481
1,0.18210062,-0.23959054
0,0.054794554,0.07859245
1,0.09077956,0.4324171
0,0.028997008,0.1263439
1,-0.18014026,0.20926629
1,-0.05836458,-0.36721307
0,0.07490434,0.13694109
1,0.056871984,-0.14708836
0,0.4326447,-0.11039321
0,-0.05566907,0.18904093
1,0.21181385,-0.19971643
1,-0.12204477,0.22350332
0,-0.084186815,0.25923353
0,-0.24969244,0.03713666
1,-0.2499871,0.28055388
0,-0.076253206,-0.15959872
1,0.25764218,-0.16482891
0,-0.31311244,-0.19831268
0,-0.0805509,0.073358394
1,-0.109710425,0.08337703
1,0.14937213,0.04051341
1,0.08989918,0.20278889
0,-0.09373699,0.049301937
1,0.21004763,0.39988977
0,-0.23563763,-0.06167531
0,-0.18321723,0.061031386
1,-0.1259199,-0.30497307
0,0.28900018,-0.23730172
1,0.48979497,0.0967039
1,0.15150943,-0.037105456
1,-0.3297624,-0.17879911
1,-0.04583525,0.2569456
1,-0.23016337,-0.07769352
0,0.06389506,0.11214361
1,-0.0073331017,-0.03262143
1,-0.07847243,0.25369254
0,0.07943222,0.24785882
0,-0.2074569,-0.104220435
1,0.16454224,-0.008900508
1,-0.49395138,0.25441185
0,-0.17350107,-0.06917207
1,-0.13343617,-0.08259249
0,-0.036935702,-0.12757911
0,0.05977306,0.010535032
1,0.28895396,-0.02126737
0,-0.16053197,-0.12280257
1,0.0354145,0.071762905
0,-0.14378168,0.021615066
1,-0.51264954,-0.33160853
1,0.09133303,-0.21993442
0,-0.12149565,0.11079541
1,0.23975462,0.049822405
1,-0.11001292,0.07138468
1,-0.07529867,-0.22636627
0,0.33304626,-0.08814725
1,-0.1416256,-0.10741399
0,0.3515201,0.022734836
0,-0.11153424,0.094346546
0,-0.2469553,0.03285282
0,-0.02174909,0.010803357
1,-0.17221928,0.35950392
0,-0.017150626,-0.06041272
0,0.094810665,0.024400286
1,-0.4312325,-0.084226936
1,0.30006972,0.055899113
0,0.05874415,-0.13984932
1,0.017430201,-0.11715521
1,-0.28965032,-0.31580645
0,0.10841875,0.061592244
0,-0.028624326,0.08941124
1,0.2993656,-0.03837374
0,-0.03331001,0.04537058
1,-0.10431294,-0.17107965
0,-0.017766876,-0.17805274
1,0.18899181,-0.19414349
0,0.15059647,0.14406662
0,-0.26499453,0.046354875
1,0.1410328,0.08675049
0,0.20144835,0.10183475
1,-0.04134707,0.012638114
1,-0.2215784,-0.11515057
1,0.108371034,0.08617649
1,-0.35340434,0.16453882
0,0.0990987,0.14849699
0,0.20238635,-0.15003742
0,-0.28639528,-0.03971806
1,0.24146551,-0.23435159
0,-0.32815918,-0.2936144
1,0.048396643,0.1574412
1,-0.40511912,-0.056503087
0,0.009716701,-0.15149863
1,-0.20384662,0.08602171
1,-0.013692856,-0.16529067
1,-0.15853809,-0.21865405
0,-0.0905261,0.17067827
1,0.13362513,0.26639086
1,-0.27741766,-0.27717578
0,-0.13219774,0.024192937
1,-0.055100698,-0.23953788
1,-0.3028309,0.13424097
0,-0.031473957,0.1829714
1,-0.13304326,0.25930518
0,-0.15082577,0.048872426
0,-0.3102578,0.06426323
1,-0.041607067,-0.2647614
1,0.10848251,0.2137432
1,-0.09614966,0.16522309
1,-0.11300118,-0.014262587
0,-0.20842803,0.018260479
1,-0.100091875,-0.16488646
1,0.46294463,-0.119076684
0,-0.1183216,-0.01662676
0,-0.059349265,-0.013108328
1,0.010898288,-0.1876673
1,-0.1756445,-0.040583774
0,0.2335487,-0.028348997
1,-0.009593319,0.15567416
0,-0.06011763,-0.2680776
0,0.004970398,0.001513645
0,-0.10399912,0.12829997
1,0.2943797,-0.018247202
0,-0.040132195,0.003654465
1,0.054481316,0.021639071
1,-0.24063975,0.25120592
0,-0.0071350187,0.030723631
0,0.22517169,-0.0034463555
1,-0.18454243,-0.15070085
1,-0.28950804,-0.17484899
0,-0.09268289,0.01600729
0,0.05814861,0.031127967
1,0.03969803,0.5530358
0,0.2032161,-0.045652777
1,0.11657965,-0.058105305
1,-0.05605709,0.24682015
0,0.36849165,-0.039405897
0,0.36713386,0.028228045
0,-0.009601152,0.028943218
0,-0.062488873,0.03189735
1,-0.16740155,0.06969197
1,0.61735165,-0.052547768
1,0.15113138,-0.0019841194
0,-0.3452454,-0.07712422
1,0.061097685,0.15342586
0,-0.11800945,0.056790918
0,0.040543128,-0.09979473
0,-0.20321977,-0.026111022
1,0.13270834,-0.14520688
1,0.045923296,0.1746923
1,0.24829125,0.30242908
0,-0.21093425,-0.113776624
1,-0.083297804,-0.48156118
1,0.29240724,0.3894692
0,0.3119744,0.109567046
0,0.13057715,-0.16377975
0,0.35388964,0.024589635
1,-0.016967412,0.07588312
0,0.18192133,0.074317545
0,-0.089701235,-0.17706968
1,0.043428514,0.3667478
0,-0.081196696,-0.0009968132
1,-0.22338724,-0.014697328
1,0.0733649,-0.23465846
1,0.32970715,0.32692784
0,0.17466448,0.10864132
1,-0.52127445,-0.10024129
1,-0.14618635,0.15982369
0,0.08182715,-0.032137737
1,0.29352707,-0.29271853
1,0.14391913,0.4162919
1,-0.052079603,-0.08218677
0,0.1695743,0.025913626
0,-0.084114835,-0.03809978
1,-0.1429773,0.1262355
1,0.24504176,-0.02757068
1,0.0615729,0.18397161
1,0.26848775,0.2421306
1,-0.03064697,0.085772276
0,-0.32735246,-0.12714954
0,-0.26878467,-0.2926941
1,0.035892982,0.5506065
1,0.062177833,0.0051086396
0,-0.099647224,0.029285774
1,0.11290887,0.15639475
1,-0.13604243,0.17213367
0,0.021011699,-0.021755293
0,-0.066305235,0.055068895
1,0.19040978,0.0055297613
1,-0.30261734,0.18982197
0,-0.05172097,0.19282213
1,0.19977024,0.06326477
0,0.21017638,0.018296368
1,0.31492984,0.15204911
1,-0.045915205,0.09549096
0,0.17717126,0.057413578
1,0.20488864,0.027905181
0,-0.071385086,0.02000039
0,-0.5389298,-0.0046012104
1,-0.19335568,-0.0048694164
0,0.22572976,0.023723915
0,-0.12044245,-0.06783272
0,-0.082988314,-0.062607765
0,-0.13084881,-0.22075413
1,0.07671264,-0.28866273
1,-0.07586892,-0.10181351
1,0.3233276,0.052314594
0,-0.03671591,0.018762171
0,-0.15112615,0.16418505
1,0.006516278,0.04657405
0,-0.11354861,-0.12059273
1,0.496737,-0.124808446
1,-0.16219106,0.14306226
0,-0.114337176,-0.0937901
0,0.07327554,-0.15112977
1,-0.29328838,0.17074189
1,-0.02619511,-0.38494688
1,-0.20309025,-0.10820584
1,-0.042130977,0.024975635
0,0.11807099,-0.2007503
0,-0.093333915,0.101663254
0,0.00499041,-0.010814041
1,-0.14296937,-0.15996219
0,-0.20665574,-0.09971474
1,0.06303573,-0.001027152
1,0.0346415,0.017777868
0,0.32984853,-0.16637053
1,0.37739295,0.15638115
0,0.20732155,-0.042494312
1,0.051603172,0.01280047
0,-0.014257392,0.18866393
1,0.2511413,-0.19627656
1,-0.46886092,0.048226655
0,0.12200047,-0.025473341
1,0.12475142,-0.22138686
1,-0.22994894,0.06177348
1,-0.27525657,0.14315608
0,-0.055265315,-0.040088817
1,0.031492878,-0.33117253
0,0.091742724,-0.18953778
0,0.0974341,0.101554774
1,-0.27925798,0.0509132
0,-0.054363232,-0.1452652
0,0.1646186,0.09083075
0,-0.017963685,0.19376737
0,0.26668227,0.109132014
1,-0.07051232,-0.026788816
1,0.23163408,0.105509266
1,-0.09002261,-0.011922106
1,0.13863245,-0.39066452
0,-0.09925872,0.21025348
1,0.056304242,-0.31103724
1,-0.31867176,-0.26383632
0,-0.022909394,-0.01456669
0,-0.071785584,0.14613116
0,-0.15755913,0.030173808
0,-0.22575815,0.104680516
0,0.15599874,-0.14777125
1,0.06002854,0.04016497
0,-0.21669072,-0.020254686
0,-0.044933304,0.026663467
0,-0.009959459,0.103799745
1,-0.019181218,0.03651668
1,-0.045280125,-0.0027670413
1,0.1273072,0.46010232
1,-0.34959593,-0.10482511
1,0.10242805,-0.35528785
0,0.022723157,0.10130344
1,-0.14771365,-0.36393857
0,0.17167443,-0.17454554
1,0.13469331,-0.36802024
0,0.12824318,0.10030099
1,0.39229214,0.1967139
0,-0.0498921,-0.03112112
1,0.08219741,0.32489258
0,-0.18930176,-0.0022564828
1,0.14254892,0.1380946
1,-0.2401798,0.12436413
0,0.15648682,-0.11200683
1,-0.19581448,-0.1539868
1,-0.17485574,-0.17210867
0,0.095479175,-0.01584524
1,-0.1391273,0.039555028
0,0.031328272,0.122860335
1,0.055724103,0.044764847
0,-0.26088414,0.030958056
1,0.513031,0.11198206
0,-0.038667027,0.088350326
0,-0.142969,-0.11589229
0,-0.12350206,-0.028278664
0,-0.038766336,-0.0651951
0,0.17789462,0.05766792
1,0.04698913,0.59715545
0,-0.17808494,-0.056814566
0,-0.044803664,0.08893548
0,-0.4255246,-0.2361568
1,-0.17852044,0.28440565
1,0.2093128,0.07625977
0,-0.10288668,0.0064862818
0,-0.16273306,0.06970394
0,-0.017909724,0.123492554
0,-0.064456895,-0.07421821
0,0.07295254,0.071645886
1,-0.17510058,-0.28661525
1,-0.17912723,0.05867134
1,0.087081164,-0.21345194
0,0.17756917,0.15764043
1,0.103427544,0.11136844
1,0.09006475,-0.1926866
0,0.18088499,0.056225374
1,0.02604879,0.081825495
1,-0.23437726,-0.1923701
1,-0.34109685,0.13472874
0,-0.41660702,-0.24701025
0,-0.06621693,0.0541739
0,-0.21890052,0.33065683
0,-0.13351938,0.12457324
1,-0.10375428,-0.54259944
1,0.25189644,0.024460986
1,0.15854433,0.2359086
1,-0.1058463,0.11405634
1,-0.19984007,0.5257758
1,0.005795181,-0.0123683065
1,-0.23489335,0.19709164
0,-0.07418411,-0.012769416
0,0.17558551,-0.0537097
1,0.28099245,0.20371635
0,-0.26321003,0.099340975
1,0.09503199,0.32341385
0,0.14097276,-0.043567047
1,-0.060309403,0.018874623
0,-0.21963815,-0.06681596
1,0.17970681,0.13767052
0,-0.2908706,-0.18190958
0,-0.07327264,0.20286745
1,0.09734875,0.17240943
0,0.24604324,0.037139878
0,0.09822081,-0.04828471
0,-0.17215912,-0.028871953
1,-0.2644754,-0.24385674
0,0.3907847,-0.061672553
1,0.07843867,0.06917662
0,0.106530875,0.06447171
0,-0.19071215,0.044009663
1,0.080081,-0.012906328
0,0.08199902,0.14013167
1,0.16372837,0.31295708
1,-0.37507248,-0.22167312
1,0.122113645,0.17684732
0,-0.026664194,0.07389728
1,-0.19770893,0.198396
0,-0.2518629,0.055942193
0,-0.13395539,0.096977405
1,-0.06549057,0.03455031
0,0.2824206,-0.034355626
1,0.2037931,0.4955297
1,-0.16337393,0.2432661
1,-0.1857549,0.18577963
1,-0.32346398,0.1219214
1,0.20278406,-0.03916271
1,-0.003378559,-0.1830117
1,-0.088480376,0.124226786
1,-0.3101369,-0.14924736
0,0.59245443,0.04749602
1,-0.1453438,0.0033119917
1,-0.12338205,0.14681952
0,-0.014893569,0.18543656
0,-0.018363202,0.07972586
0,-0.23260994,0.17201889
1,0.08614308,0.2599733
0,0.24515897,-0.0996297
0,0.17089134,0.16829795
0,-0.1368151,0.1302987
0,-0.051760145,0.07336134
1,0.12051816,0.3062164
1,0.04283302,0.3622312
1,-0.004365556,0.25693586
1,0.19822663,-0.34257853
1,0.15751803,-0.20020767
0,0.3251221,-0.027797222
0,0.17422128,-0.10067415
0,0.14980301,0.12782274
1,0.0043523684,-0.15549703
0,-0.15120904,0.2044588
0,-0.29293907,-0.17640717
1,0.11351842,-0.17142706
0,-0.16500607,0.00813213
1,0.28858715,-0.0081436485
1,0.26691297,-0.34837294
0,0.13585168,0.09127943
1,0.16417561,-0.28170186
1,-0.26445916,0.23951915
1,-0.38378507,0.18602574
1,0.1116893,0.03832832
0,-0.22112235,0.059422225
1,-0.21776442,-0.3525849
1,0.04499552,0.092791446
1,-0.03387896,0.518146
1,-0.35081974,0.043431073
0,-0.23011392,0.13861783
0,-0.03360832,0.09389037
0,0.14238894,0.12012173
0,0.24129742,0.069348805
1,-0.034033865,0.050099924
0,0.009825509,0.047864877
0,0.027640324,0.12503642
1,0.17041993,0.19626969
0,0.01129109,-0.05392781
0,0.0416846,0.095321685
0,-0.124015406,-0.17185171
1,0.13392773,-0.007228598
0,-0.04351755,0.25190157
0,-0.003113959,0.031277977
0,0.12438831,-0.50007904
1,-0.5470843,-0.08282207
0,0.20112933,-0.050647512
1,-0.19720249,-0.20346005
0,0.10838167,0.07240904
0,-0.10643408,-0.0037612468
1,-0.11272499,0.43527305
1,0.1859824,0.016735494
1,0.14389104,-0.21880682
0,0.16134138,0.048686855
1,-0.09409357,0.21482545
0,0.2447677,-0.049866065
0,-0.39262584,0.12890492
0,0.22089443,0.045027524
0,-0.012298355,-0.014159545
1,0.06380637,-0.26587266
1,-0.1814168,-0.2124028
1,-0.0064416565,0.22673589
1,-0.58388793,-0.019097924
1,-0.09660636,0.11901131
0,0.1846354,-0.06709407
1,-0.28460965,-0.08962102
0,0.33557013,0.17433545
1,-0.13834853,-0.2329231
1,-0.08426885,-0.13396175
1,-0.10927604,-0.1062289
0,0.10757464,0.051461816
1,-0.2479608,-0.35182685
1,0.06778839,0.21721107
1,0.051704552,-0.07329385
1,0.014859006,0.063637204
1,0.06869267,0.13452668
0,-0.0031239353,-0.1187876
1,0.22113606,0.28186944
1,-0.09175658,0.10304485
1,-0.24088874,-0.057006404
1,0.20161188,0.013358131
1,-0.4068275,-0.0039048344
0,-0.26186985,-0.18446974
0,0.05046462,0.0068059117
1,0.22481829,-0.08980206
1,0.19971952,-0.16477533
0,-0.0008684434,-0.04040627
0,0.04845285,-0.04272099
0,-0.09782942,0.092096105
1,0.08080836,0.009518333
0,0.0430795,-0.0980968
1,0.10107729,-0.03537704
0,-0.008159261,0.09879778
0,-0.28106484,0.25029492
1,0.40069708,0.23247078
0,0.038246613,0.010119051
1,0.07898423,0.25242054
1,0.37084323,0.034084097
1,-0.14010277,0.32658213
1,-0.20386043,-0.093531
1,0.09953432,-0.097840056
1,0.2970264,0.023872033
1,-0.65079623,0.056808576
0,0.13003951,0.018960513
1,0.26483464,-0.080629095
0,0.25144547,-0.06391397
0,-0.28600347,0.04539801
1,-0.19294113,-0.16368394
1,-0.35974205,0.16570297
1,-0.5260584,-0.047632977
1,-0.39669627,-0.17977752
0,0.08262056,-0.08356655
0,0.016178917,-0.04314068
0,-0.112976536,0.09914923
0,-0.41872633,0.0861977
0,0.27576882,0.011092305
1,-0.29946998,-0.15127163
0,-0.25026745,0.10707404
0,-0.24533361,-0.25449067
1,0.04654101,0.019958206
0,0.210193,0.047167398
0,-0.06724998,0.07116271
1,0.14162497,-0.38548768
1,0.26023364,0.058877565
0,-0.20904036,-0.08073668
0,-0.091126435,-0.063953176
1,-0.46799016,-0.09875828
1,-0.019297797,-0.050844014
1,-0.13583636,0.1294839
1,0.40645283,0.30492866
1,-0.15961157,0.122260235
1,-0.064277805,0.08062266
1,-0.08794813,0.048700504
0,-0.39176172,0.04954219
0,0.11581023,0.027614668
0,0.023629524,-0.22946753
1,-0.0020502508,-0.005805522
0,-0.07218806,-0.08406903
0,0.10269137,-0.13074599
0,0.06955172,0.082807384
1,-0.02209529,0.4106657
1,-0.3489741,-0.15257807
0,0.0025473349,0.10961082
0,-0.044075638,0.02396243
1,0.025211737,0.03876996
0,-0.093974024,-0.029300883
0,0.0038061962,0.23429307
0,0.07247087,0.11653468
1,-0.22272444,-0.09828864
1,0.036125053,-0.43746006
1,-0.41925025,-0.03258191
1,-0.21710727,0.08828235
0,0.12508601,0.038813844
1,-0.10838021,-0.0842811
0,0.008125279,-0.052981943
0,-0.08879329,-0.22524835
1,-0.17087835,0.6272756
1,-0.031024633,-0.055354133
0,0.005070418,0.098996535
0,0.15306914,-0.14150833
1,-0.18854636,-0.42668295
1,0.2659297,-0.43397582
0,0.19413853,0.08024403
0,0.11349091,-0.13242589
1,0.011111986,-0.14825095
1,0.22004294,-0.01784432
1,-0.027870152,-0.3126256
1,0.4852187,0.49000937
1,-0.14700928,0.1689087
0,0.17966768,0.053866923
1,-0.2914715,-0.11741789
1,-0.11201216,-0.19726075
0,0.019342285,0.18961531
0,-0.09067465,0.050454497
0,-0.052432504,0.20428179
0,0.18724236,0.02792187
0,0.28317344,-0.42388642
1,-0.29061216,-0.19555975
0,-0.11715257,-0.030581594
1,-0.1399692,-0.16616122
1,0.32472223,0.006713867
1,-0.14827573,-0.28838605
1,0.012681797,0.18213889
1,0.029447485,-0.0035604835
1,0.06539902,-0.11693214
1,0.20178086,-0.05054313
1,0.46970212,-0.081675485
0,-0.13500026,0.07220481
0,0.15431744,0.10560843
1,-0.42193642,-0.26661253
0,0.014293682,0.11127144
0,-0.15880685,0.0147884935
1,0.14334327,-0.042267203
0,-0.15863632,0.016795635
0,-0.041259818,-0.35989267
0,0.086046666,0.20025158
0,-0.24193254,-0.06123586
0,-0.031973816,-0.009855807
1,0.21805269,0.20571071
1,-0.2290455,0.08816434
0,-0.05911869,0.10315348
0,0.20791247,-0.010320693
0,0.3620252,0.046510413
1,-0.27400747,0.20205662
1,-0.21801643,-0.02128844
1,0.25878784,-0.11541243
1,-0.12990873,-0.014105752
1,0.44196302,0.024874732
0,-0.391405,0.023400784
0,0.042687025,-0.0009123683
1,-0.59240615,0.08578944
0,-0.22628298,-0.04237224
0,0.20279282,0.09255584
1,0.05574095,0.04765881
1,0.09538613,-0.20217778
0,-0.048461393,0.04392208
0,0.41678482,0.05038257
0,0.2479443,-0.014400527
0,0.1880207,0.14902678
1,0.33815998,-0.47724628
1,0.10312289,0.51834834
0,-0.07368216,0.23971958
0,-0.1555586,-0.32359558
0,-0.110660285,0.008765213
1,-0.44116497,0.07661438
0,0.353765,0.0042045563
1,-0.18470632,0.2546516
1,-0.011496494,0.03915929
1,-0.3145029,0.045474567
0,-0.32514542,0.049502887
0,-0.072997466,0.14560649
0,0.09087294,0.13683176
1,0.27223673,-0.05596374
0,-0.19266325,-0.28039896
0,-0.048147567,0.20656149
0,0.09273934,-0.05491437
0,-0.07946762,0.1397008
0,-0.14723109,0.028536052
1,-0.5601551,0.28154147
0,-0.14900331,-0.17964344
0,0.101824984,0.058185764
0,-0.038152184,-0.14990477
0,0.18841091,-0.17307164
0,0.101720735,-0.028477535
1,0.2445007,-0.2339272
0,0.32562396,0.017391756
1,0.040245917,-0.07854785
0,-0.12347646,0.09034334
0,-0.134203,-0.21924503
0,-0.3069073,0.14246112
0,0.16624506,-0.20919348
0,0.2041978,0.12963949
0,-0.21408325,-0.22309084
0,0.28316802,0.073923096
0,-0.09531282,-0.10798144
1,0.1783446,0.13296476
0,-0.12022203,0.083745524
0,0.1501902,-0.073886216
1,0.2879309,0.39793092
0,0.121925935,0.23976943
1,0.09692964,0.18632163
0,0.0025743544,0.0057298094
0,-0.005457433,0.119012326
0,-0.39735842,0.0057899356
1,-0.11770216,0.50228286
1,-0.04896628,0.07352714
0,-0.13902436,0.11403224
0,0.026039455,-0.03057906
1,-0.15869308,-0.057138994
0,0.04068264,0.06627439
1,0.11288166,0.057757303
1,-0.11116585,-0.55257785
0,0.012634426,-0.085087284
1,-0.12875801,0.13592948
1,-0.26102394,0.39280158
1,-0.29746076,0.057493
0,-0.38591865,0.20436665
0,-0.09748274,0.054654956
1,0.13526617,0.09827489
0,0.31276965,0.062670425
0,0.03541236,0.08889399
1,-0.51450735,-0.058798388
1,0.12875935,0.41958082
0,0.20104715,-0.09202802
0,-0.1813525,-0.21941723
0,-0.22589062,-0.20765863
1,-0.284368,0.42722672
1,-0.07356002,0.17221761
0,-0.010409772,0.113017425
0,0.3120067,-0.14961655
1,-0.108205736,0.17203006
0,-0.096639805,0.0025176555
1,0.010764908,-0.33995652
1,0.16156806,-0.041923508
1,-0.034377042,-0.28979045
0,-0.06928196,0.0026386231
1,0.19044706,0.014339328
1,-0.0902964,-0.018875599
1,0.61678755,0.26685393
0,-0.14418517,0.071487606
0,0.039153118,0.08656932
1,-0.39956608,-0.14266948
0,-0.11629628,-0.17902051
1,0.20732114,-0.1328394
1,-0.06388559,0.08946064
0,-0.32733536,0.0062144697
0,-0.0059423763,-0.1961029
1,-0.26468426,-0.22906728
1,-0.29308346,-0.2744723
0,0.21303418,-0.17080422
1,0.35750568,-0.1474001
1,-0.19164078,-0.45129907
0,-0.18691549,0.015975215
0,0.36327434,-0.03657107
0,0.16953698,-0.011397883
0,0.01906674,0.033751428
1,0.09257381,0.15481591
1,0.13213058,0.15000908
0,-0.085433185,0.11135713
0,0.15270045,0.08733527
0,-0.05698538,0.11138549
0,0.010109987,0.06817219
1,-0.12117535,0.027930126
0,0.17917275,0.16420011
0,0.3474765,-0.0837692
0,-0.19273745,0.03144647
1,-0.046738256,-0.3149975
1,0.16492209,-0.28678143
0,0.1708038,-0.021411866
1,0.21849924,0.11779984
1,0.36859983,-0.14413331
1,-0.005050121,0.09530526
1,-0.08304553,-0.22986193
0,0.041151304,0.09923349
1,0.012820974,0.097008035
1,-0.28097478,-0.2171262
0,-0.17359816,-0.07849735
0,0.08936931,0.037243284
1,0.023935974,-0.12035744
1,-0.08275111,0.26785845
1,0.048812527,-0.44864786
0,-0.06138611,-0.022755012
0,0.14154512,-0.0074745268
1,-0.25840107,0.30939135
1,0.072399214,-0.26018625
1,-0.21464726,-0.20200856
0,-0.22707939,-0.0972842
0,-0.20973247,-0.11008625
1,0.07560243,-0.12754746
0,0.14994222,0.16851825
1,0.2901199,-0.16673066
1,-0.2473904,0.2190398
1,0.21843535,0.066955104
0,0.18629274,-0.21361296
0,0.2307621,0.012228236
1,-0.16171601,0.3559492
0,0.001508411,-0.012677833
1,0.036096964,-0.2258174
1,0.032665726,0.04239416
0,0.021455292,-0.008804396
0,0.1981807,-0.007765904
0,-0.019110806,-0.3843935
0,0.10422462,0.047597244
0,0.03337911,0.1059484
1,0.21105139,-0.35046506
0,-0.24550778,0.034803532
1,0.065588534,0.12023236
1,0.38723758,0.14656252
1,0.03892037,0.16365549
1,-0.1380043,-0.40041363
1,-0.17430548,-0.20702036
0,0.005420491,-0.031738505
0,0.22371247,-0.13462718
0,-0.09158021,-0.11833127
1,-0.21740858,0.032357782
1,-0.10549565,0.24764706
1,-0.3121314,0.07549874
0,0.05937739,-0.31169468
1,0.07376206,0.07942718
1,-0.3467663,0.24632093
0,-0.001949206,0.1130245
1,-0.1871874,0.16322668
1,0.19756062,-0.09415178
0,-0.16822052,-0.024815604
1,-0.06247849,-0.20195277
1,0.34432524,0.43125856
1,-0.21958327,-0.07722236
1,0.007332254,-0.07982434
1,0.016922563,0.2847702
1,-0.1422954,-0.09318039
0,-0.13531189,0.001990214
0,-0.16653302,-0.05950676
1,0.06549616,-0.03351581
0,0.17897381,0.013710976
0,0.32434055,-0.0249352
0,-0.45522994,-0.104938105
1,-0.4262519,0.18562956
0,0.003659118,0.1254495
0,-0.28982216,-0.0500751
0,-0.14009511,-0.13072093
0,-0.14580314,-0.3018424
0,0.21145695,0.04762505
1,0.09348431,0.1907078
0,0.17838961,-0.005441144
1,-0.3447144,0.2256015
0,-0.20714843,0.100771666
0,-0.044743985,0.03558881
0,0.11070871,0.09146719
1,0.15140402,-0.018862203
1,-0.030374952,-0.2136314
1,-0.024291748,0.23921251
0,0.42605358,0.131198
0,0.3986996,-0.021602213
1,-0.29797626,-0.10695642
0,0.008434165,-0.17794906
0,0.20706385,0.15338953
0,-0.033480562,0.071984306
1,-0.06745593,-0.2750625
1,0.073991105,-0.005848065
1,0.08929776,0.012901463
0,-0.040186927,0.0134912655
1,-0.2428289,0.3784389
0,0.104608715,0.019335479
0,0.1812051,0.087417126
1,0.06695874,-0.2293541
0,0.35312963,-0.07868482
0,-0.11895265,0.10705457
1,-0.21395537,-0.005321577
0,-0.1725234,-0.08736481
1,0.31533164,-0.028232232
1,0.0413401,0.06242173
0,-0.08044265,0.17237084
1,0.25103256,0.25567633
0,0.03903224,0.026159875
1,-0.02953032,-0.04735312
1,-0.10872427,-0.12920372
1,-0.06873302,-0.013644591
0,0.07306412,-0.01277034
0,-0.00063101575,-0.08631499
0,-0.043282542,0.09531146
0,-0.10923679,0.17444703
0,0.117090106,0.006614983
0,0.06331983,-0.07829292
0,0.12903199,-0.18364395
0,0.5605907,-0.10847585
1,-0.32529858,-0.09832874
0,-0.01800109,0.18301083
0,-0.039918683,-0.21010704
1,-0.42902523,-0.20467766
0,-0.07160257,-0.283558
1,-0.19702646,-0.124069765
1,0.13603151,-0.07087274
1,-0.07790609,-0.21253853
0,-0.20011397,0.035157345
1,-0.38982275,0.45046842
0,-0.20832457,0.11511216
1,-0.2616966,-0.03247209
1,0.37154704,0.17000899
0,-0.1820195,-0.11404404
0,0.313537,-0.2628547
1,0.2889651,-0.05323802
0,-0.025003446,0.0174001
0,-0.21245919,0.09435633
0,0.12551406,-0.13045345
1,-0.117097735,0.032555178
1,0.2774796,0.121541746
1,0.031141233,-0.08381392
1,-0.09844178,-0.2885965
0,-0.17746097,0.14726427
1,0.101824045,-0.13738482
0,0.054549757,0.17783415
1,0.08413535,-0.24510469
0,-0.020848032,0.049259946
0,-0.22244677,-0.18776049
1,0.22487268,0.17288934
1,-0.20245354,0.30991596
0,-0.23751073,0.031646214
1,-0.11557737,0.105218984
0,-0.47598153,0.09084394
1,-0.18693432,0.10575282
0,0.044640657,-0.025118127
1,0.22502872,-0.032536387
1,0.21689415,-0.035317257
0,0.094070345,0.00053720176
1,0.0024670362,0.09002285
1,0.07786782,-0.00445503
1,-0.5694393,0.009285703
0,-0.22316058,0.010415703
1,-0.05506693,0.009166509
0,-0.16228339,-0.036149815
0,-0.09452286,-0.07379024
1,0.47420603,0.107657425
0,0.23105085,0.029793434
0,-0.00082151964,0.14500023
1,-0.40401328,0.024196826
1,0.088669434,-0.16696934
0,-0.09112902,-0.011089951
1,-0.15123443,-0.30850607
1,-0.04351178,0.18019861
0,-0.07533258,0.037269056
0,0.3178684,0.17245418
1,0.47105086,0.17907707
1,0.10564965,0.20379981
1,0.24686724,0.1136407
1,0.051141355,-0.41996545
0,-0.11524701,0.11987683
1,-0.101884246,0.32402664
0,-0.02218794,0.077265635
1,-0.32824025,-0.39233756
1,0.011156239,-0.23396827
1,0.009065781,0.16545758
0,-0.05494094,0.06888638
1,-0.21803,-0.111010015
0,-0.07805115,-0.04023142
1,0.1736334,0.13504452
0,0.14243008,0.04531531
1,-0.099162355,0.4702736
0,0.19576024,-0.042497054
1,0.045292158,0.13661987
1,0.061488587,0.35063186
1,-0.30107805,0.27017218
1,0.0005221553,0.052355602
1,0.048129294,-0.027333602
0,0.0807644,-0.043184772
1,0.04178183,0.21106967
0,0.12895766,-0.113621995
0,0.15940502,-0.057792082
0,-0.17105956,-0.21571262
0,-0.21970299,-0.24414851
1,-0.024291128,-0.35671878
0,0.014647048,-0.02497974
1,-0.13791949,0.084426366
0,0.088816926,0.04931497
0,-0.22889033,0.13475652
0,-0.2901221,0.24309632
1,0.36116114,-0.124788955
1,-0.05100105,-0.08601689
1,0.104967445,-0.09847902
0,-0.041326955,0.056448966
0,-0.3901894,0.091893226
0,-0.22152027,-0.05952947
0,0.21652687,-0.20176147
1,-0.11679302,-0.3209263
1,-0.43856958,0.14648928
0,0.11013758,0.03796988
0,0.039494026,0.11484018
0,-0.016185958,0.26294208
1,0.050106835,0.10123868
0,-0.056820467,-0.19122712
0,-0.31759912,-0.0035226345
0,0.09198849,0.10382957
1,0.10347539,-0.060398623
0,0.18170385,-0.097485885
0,0.015820507,0.13383414
0,0.15539564,0.010812819
0,-0.17066202,0.33410364
1,0.16830996,-0.19432493
1,0.42835188,-0.22021876
1,0.010487568,-0.2065881
0,0.29524142,-0.0037082732
0,0.30806836,-0.38376862
1,0.118823975,-0.025509298
0,-0.09471172,0.07892762
0,-0.015306339,-0.18380542
1,0.07449122,0.4223668
0,-0.10166085,0.040658318
1,0.022641804,0.21548761
1,-0.13649854,0.01968722
0,-0.15007329,-0.0045472533
0,0.08493979,-0.20672978
1,-0.3870673,-0.3196913
0,0.14469065,0.16751026
0,0.19718866,0.11699894
0,0.04717044,0.06813134
0,0.0586144,-0.53527963
0,0.09092939,0.14132299
0,0.24373752,-0.022954166
1,0.05050369,0.3737256
0,0.025958974,-0.09370445
1,-0.09496027,-0.24831016
0,-0.21176818,0.088765785
0,-0.34555155,0.10791389
0,-0.38210255,0.109278396
0,-0.115816206,0.06985633
0,-0.0039571207,-0.13544019
1,-0.033447426,-0.072937414
1,-0.50257725,-0.1487904
0,-0.048435695,-0.022021696
1,0.117385015,0.10381291
0,-0.33946526,-0.02890867
1,0.38836724,0.35037363
0,0.013427079,-0.019941658
1,0.16430548,0.25897968
0,0.008893095,0.042422026
1,-0.18534727,0.05292353
1,-0.15068026,-0.17500521
0,0.1377792,0.030854553
0,-0.17667046,-0.07515685
0,-0.04915749,0.14996047
1,0.4170037,0.22816914
1,0.37646747,0.07600322
1,-0.24218051,-0.048132524
1,-0.047340166,0.18512383
1,-0.23473196,0.38033962
1,0.24914736,0.09587364
1,0.23515412,0.6338936
0,0.06605892,0.09328568
0,-0.29581252,0.07628776
0,-0.24392828,-0.025923178
1,0.30112505,0.05569326
0,-0.107076734,0.0052593946
1,-0.05802971,0.26599032
1,0.104250595,-0.2886445
0,-0.2095367,-0.15878953
1,-0.3688079,-0.38199365
1,0.26608217,0.20967165
1,0.04565375,0.20853882
1,-0.36196393,0.07969051
0,0.009841073,0.03456618
0,-0.18989146,0.038217664
0,-0.17856953,-0.17788352
0,0.20649081,-0.001281932
1,-0.025211947,0.017805055
0,0.49606782,0.132658
0,0.2221793,0.041857943
1,0.55334866,-0.15279432
0,-0.24259715,0.06421739
1,0.013044067,-0.25772858
0,-0.10935111,0.0252245
1,-0.028629113,-0.06506695
0,-0.12601279,-0.24611785
0,-0.005639147,-0.25820076
0,0.0080792755,-0.08285107
1,0.044432174,0.04251358
1,0.21657282,-0.27347213
1,-0.20614344,0.15372682
1,0.09759031,-0.079541355
0,0.09536907,0.010029778
1,0.19056536,-0.1262296
1,0.15832078,-0.08354482
0,0.24621946,-0.3974954
0,-0.11868103,0.1596065
1,-0.2304604,-0.15595658
0,-0.009622518,0.050383784
1,0.27684826,0.097316846
0,-0.008249577,-0.02958642
0,0.08923769,-0.07540834
0,0.053298514,0.09776359
1,-0.14778696,-0.064518645
0,0.13726065,0.22657618
1,0.07668495,-0.5753063
1,0.08243361,-0.23102696
0,-0.07269563,0.011195399
1,0.21524271,-0.5137898
0,0.06415714,-0.056008294
1,-0.40662342,0.19580412
1,-0.38080317,0.53653353
0,0.08304386,0.07060649
1,0.28675127,0.05926565
0,0.12011582,0.11201777
1,0.012008432,0.13898712
0,0.01615322,0.11198659
1,-0.18492368,0.16814336
1,0.1621129,-0.017641112
0,-0.024348939,0.053459063
1,-0.04772759,0.113198884
0,0.17566243,-0.055957615
1,-0.44861245,0.06599398
1,0.07854749,-0.24364041
1,-0.00376134,-0.2157938
0,-0.037461147,0.096285395
1,0.03869397,0.037417166
1,0.05873019,-0.10469937
0,-0.44287115,-0.35100877
1,0.08910695,-0.27253902
0,-0.20580855,-0.007342607
1,-0.17679211,0.03915429
1,0.2177701,-0.15484412
1,0.24159262,-0.047532365
0,0.20130059,0.06304835
0,-0.09042631,-0.043948546
1,0.41498396,0.07421398
1,-0.058323227,0.0621579
0,-0.15214603,-0.06019123
0,0.26470384,-0.07971986
1,0.41693008,-0.19651277
0,0.054912154,0.099959016
1,0.06869833,-0.1487092
0,0.39845264,-0.0335297
0,0.19289093,-0.05322902
0,-0.10179041,0.24134144
0,0.053274814,0.2508502
0,-0.036937363,-0.057586893
0,-0.047672052,-0.097594485
0,-0.06892638,0.034058563
1,0.06746665,-0.1673079
0,0.040831838,-0.0136167705
0,-0.2799993,-0.13830794
1,0.110695526,-0.06743595
0,0.08291848,0.05278127
0,0.04458675,0.078302965
0,0.040662717,0.010174312
1,0.057615597,0.057950005
1,0.039431784,0.26400214
0,0.006209608,0.110709295
1,-0.25923946,0.17019868
0,-0.28542775,-0.17799677
1,0.08039053,0.055947162
0,-0.21466868,-0.009333625
0,-0.2669179,0.20313936
0,0.13137713,-0.20025916
1,-0.15477362,-0.055980355
1,0.5111977,0.099519044
0,0.10680571,-0.14512588
0,-0.064676754,-0.05929637
0,0.04077923,0.09968502
1,-0.23823343,0.3844717
1,-0.016028661,-0.39342332
1,-0.06690104,-0.18932955
1,-0.29589796,0.00909023
1,-0.30351958,-0.5761304
0,-0.101457104,0.16030037
0,-0.17994615,-0.056469366
1,-0.025226537,0.5672246
0,0.119979024,-0.011452407
0,0.18829194,-0.034392044
0,-0.008365622,-0.12710609
1,0.11279872,-0.30528903
0,-0.09478964,0.06677592
0,-0.20815004,-0.0134276
1,0.098659635,-0.38951546
0,0.21165131,-0.15656306
1,-0.25143328,-0.021831766
0,-0.045613218,0.099606395
0,-0.21186137,0.0809644
1,-0.042395655,0.33174735
1,0.32262298,0.09768303
0,-0.021961126,0.16216928
1,0.26993442,0.22645508
0,0.2518238,0.023818262
1,-0.13315083,-0.26979178
0,-0.24258086,0.3896066
0,-0.22550407,0.10351886
0,-0.2013936,-0.07574074
0,-0.04067859,0.12226048
0,-0.03833064,0.023543745
1,0.14995193,-0.004365176
0,-0.0016656257,-0.037749365
0,0.112730816,-0.026520371
1,-0.4056579,-0.12628154
1,0.30747783,-0.30576944
0,0.09317456,-0.06053476
0,0.2066716,0.02041591
0,0.10456748,-0.2255853
1,-0.011796627,-0.32313508
1,0.114536285,-0.14979984
1,0.104179054,-0.044634536
0,-0.20998424,-0.018037543
1,0.1815212,0.20895275
1,0.26601976,-0.59616864
0,0.048345957,-0.08795005
1,-0.11011107,0.23636994
0,-0.19388534,-0.15427555
0,-0.14612132,0.027594946
1,-0.2876466,0.17557763
1,-0.35859197,-0.01786545
1,0.042338323,-0.04349734
1,0.33981022,-0.039233178
0,0.002584055,-0.030749932
0,0.044728357,0.13297199
1,-0.047873303,0.07421554
1,0.024785284,0.1944755
0,-0.20598707,-0.084389135
0,0.14626843,0.18543765
1,0.20079517,0.08071208
0,-0.17410767,-0.106545165
0,-0.08385043,-0.028483927
1,0.07039513,0.005605474
0,0.13013409,0.15514372
0,-0.14866413,-0.018735334
0,0.048179228,0.047511294
0,-0.32470098,0.20626451
1,0.030573796,0.12686944
0,0.0011619367,0.11404611
1,0.11540133,-0.20074867
1,-0.26834887,0.08674511
1,-0.06864019,0.4190588
0,0.16066033,-0.008964464
1,-0.21831635,0.096181735
1,-0.162702,-0.20308621
0,0.09512031,0.09528841
1,-0.2829867,0.19719464
1,-0.27302817,0.010015599
0,-0.14359193,0.10734436
0,0.02163373,0.094061285
0,0.34744543,-0.12760945
1,-0.116928294,-0.0908442
1,-0.12556167,0.006838158
0,0.08397427,-0.42042208
1,0.13930508,-0.03893426
1,-0.17137398,-0.18831052
1,-0.1197872,0.2478692
0,0.13812664,0.21938238
1,-0.20170422,0.18634626
0,-0.5262352,0.19923826
0,0.016884524,0.10183425
0,0.077055246,0.07027662
0,0.056356978,0.19450949
0,0.055961225,0.043988243
1,0.09274341,0.04598546
1,-0.051031645,-0.066099
0,-0.1280899,-0.0832497
1,0.584056,-0.018433973
0,-0.19228622,-0.15705208
1,0.16735709,-0.21580677
1,-0.29506603,0.32871228
0,-0.03537167,-0.064248696
0,0.048521344,0.077271886
0,0.24525851,-0.12476672
0,0.23207271,0.08706505
0,-0.43497676,0.07671662
0,-0.34258345,-0.11766504
1,0.20788467,0.10033281
1,-0.15660024,0.1094632
0,0.1298493,0.0008767694
1,0.027066562,0.18887642
0,-0.3967932,0.22459751
0,-0.3084069,0.219242
0,-0.17127967,-0.15176304
1,0.13596705,0.043882653
0,-0.16497041,-0.030439451
1,0.041148406,0.16379122
0,-0.1999926,0.32078505
0,0.04221749,0.093453474
0,0.05653655,-0.056464598
1,-0.087377176,0.22012362
0,-0.09631741,-0.16401197
0,-0.093054816,-0.07021679
1,0.09115033,0.22887725
1,0.061233167,-0.32664448
0,0.089617446,0.17074159
0,-0.41278696,-0.02115132
0,0.126786,0.18358737
0,-0.16239646,-0.056400344
0,0.027176674,0.06878565
0,0.35455638,-0.044759914
1,-0.22744557,-0.52005446
1,0.08894414,0.07738529
0,-0.23940772,-0.009652823
0,-0.23629534,0.092570916
0,-0.2505934,0.06930782
0,-0.17807813,0.005213663
0,-0.17352875,-0.029571071
1,0.12264398,-0.15503432
1,-0.3349135,-0.16061331
1,0.0010096915,0.03954289
0,0.007806506,0.12011951
0,-0.11050813,-0.07548778
1,-0.15307125,0.27332306
0,0.6416569,0.11402423
1,-0.17387861,0.05566784
1,-0.4347111,0.070371464
0,0.05086712,-0.030082121
0,-0.16005269,-0.028465047
0,-0.1351562,-0.046857417
0,0.02743458,0.04991953
1,0.30497667,0.24661183
0,0.07514693,0.09944931
0,0.02785429,0.052322417
0,-0.0980891,0.026094824
1,-0.020544076,0.3419631
0,0.047185224,-0.015474841
0,-0.121282056,-0.548984
1,-0.37367493,0.21001545
1,0.10392991,0.28756505
0,-0.05133419,-0.05919835
0,-0.115160555,0.056907132
0,0.12968612,0.09515421
1,0.29092556,-0.4687348
0,0.3046275,0.028845116
1,0.5382359,0.03841479
1,0.27002516,0.25059283
1,0.3097092,-0.22028305
0,-0.044670086,0.122879684
0,-0.15587406,0.08250488
0,0.18784627,-0.31823027
0,0.13570353,-0.10122551
1,-0.21470377,0.23776728
1,-0.10969518,0.5699132
0,-0.017066158,-0.018454745
0,0.02409413,0.07620046
1,-0.25810477,-0.07403402
0,0.12182978,0.12171767
1,-0.21489891,-0.055370376
1,0.09196244,-0.13025974
0,0.054842804,-0.01510334
1,-0.04781704,0.029612087
0,0.040533397,-0.057717294
1,0.03141674,0.26820135
1,0.17611489,-0.24785687
0,-0.13474177,0.00030240417
1,0.1800434,0.051211983
0,-0.0058172066,0.007861659
0,-0.20698056,0.048237234
1,-0.20932963,0.05211784
1,-0.015738357,0.043746993
1,-0.13339463,0.18976757
0,-0.070519745,0.047359064
0,-0.075393096,-0.02480729
0,0.09828222,-0.04282677
1,-0.3511818,0.03374675
1,-0.02804622,0.26684844
1,0.13291815,-0.096756294
1,0.17828144,-0.35171425
1,0.0037289895,-0.3767568
1,-0.19298783,-0.19669719
1,-0.06927732,0.005121574
1,0.05158021,0.0021009594
1,0.082001284,0.05142483
0,-0.15576605,0.027921058
1,0.37736225,0.21592347
1,0.3623415,-0.07181601
0,-0.05064883,-0.102602854
1,-0.203197,-0.52822745
0,0.14295319,0.19321711
1,0.03280196,-0.3522082
1,-0.040958185,-0.0010106713
0,-0.044615716,-0.07662965
0,0.272804,-0.078498974
0,-0.019090367,-0.121044114
0,0.17611757,-0.14209099
1,0.2650021,0.2840323
0,0.14986,0.046718583
0,0.15727103,0.09758647
0,-0.0009648055,-0.028450102
0,0.07101676,0.06562105
0,-0.10232821,0.11637983
0,0.2106173,0.105873495
0,-0.014053144,0.10169167
0,0.08782497,0.053097174
0,-0.05773357,0.04252103
1,0.3016039,-0.3752311
1,0.45748264,-0.1149912
0,0.07160856,0.15427995
1,-0.12812577,-0.06977786
0,-0.10967256,-0.11667459
1,-0.11053963,0.09504551
0,-0.050538417,0.022746861
0,0.07965073,0.114528716
1,-0.23010343,0.8712706
0,0.19921693,0.2513078
0,0.15286323,0.04059127
0,0.25717968,0.04229012
1,0.49874306,0.34853396
1,0.071056336,0.26329702
1,0.062177468,0.122647226
1,-0.12359999,-0.2999496
0,0.10131787,0.09913201
0,0.18839514,0.010120869
1,0.09755206,0.14911997
1,-0.04686944,-0.26645327
1,-0.34030887,-0.28404772
1,0.2928267,-0.00040780008
0,-0.1972597,0.15114358
0,0.056625914,0.028996617
0,-0.021160834,0.06329025
1,-0.16562337,0.3349728
0,0.27681005,0.061023086
1,-0.024782322,-0.22780128
1,0.40764254,0.017432079
0,-0.20661777,-0.16835003
0,0.07084823,0.12112178
1,0.3199074,0.051445365
0,0.13815087,-0.119967505
1,0.21544605,0.17442101
1,0.23907933,0.008903146
0,-0.19810478,0.22994348
0,0.1559502,-0.19203384
0,-0.121750265,0.0006209761
0,0.09983331,0.03778203
1,-0.010702826,0.12550676
0,-0.2032019,0.08555605
1,0.2612141,-0.014610916
1,0.13313729,0.053602323
1,0.006096456,-0.36360192
1,0.10812917,-0.03360255
1,0.24881008,0.037302285
0,0.01060117,0.022654489
1,-0.2770321,0.07945407
0,0.07471755,0.055870645
0,-0.09804605,0.06312964
0,-0.022765556,-0.054231495
1,-0.07733145,0.050049454
0,0.32054406,-0.112346515
1,-0.24491557,-0.43068463
1,0.01835439,-0.0059391707
1,0.037567835,0.35338783
0,-0.2875482,-0.048998818
1,0.3903117,0.009344697
1,-0.0011154227,0.006124109
0,0.1825993,-0.067567185
0,0.069049105,0.10566451
1,-0.07542375,-0.03334132
0,-0.21648176,-0.31325567
1,-0.1500826,0.3657031
1,-0.5666989,0.2620837
1,-0.114623144,0.14005487
1,-0.05318266,-0.20824803
1,-0.21499716,0.25314718
0,0.24300918,0.15094449
0,0.09933278,-0.124401554
1,0.18716836,0.1313621
1,-0.19552492,0.14116709
0,0.1649605,0.049578547
1,-0.29547057,-0.3053248
0,0.40499556,-0.014893144
1,-0.36724472,0.34837788
1,0.12779424,-0.10323624
1,0.037373792,-0.2635495
1,0.037785377,-0.13091145
1,0.121478885,-0.36185664
1,-0.15315525,-0.10130276
0,-0.07752605,0.07557597
0,-0.3157338,-0.15033747
0,-0.08246525,-0.070291504
0,-0.22296356,0.20005022
1,0.3651656,-0.050333485
0,-0.02871873,0.110091306
0,0.16453299,0.07745069
0,-0.021400277,0.010399811
1,-0.29695323,0.356897
1,-0.0024953336,0.05184611
1,0.44849527,0.06913424
0,0.18221034,0.027069576
1,0.2519736,-0.10034202
1,-0.29130033,0.0599251
1,-0.015631905,0.010127053
1,0.050817866,-0.03934814
0,-0.070483,0.17731078
1,0.0425636,-0.38707262
0,-0.036176924,0.03833498
1,-0.19712877,-0.045647547
0,-0.26894152,0.024793863
1,0.009340424,0.32831383
0,-0.1419733,0.18266383
1,0.10545805,0.17259175
0,0.2143018,0.0246187
0,-0.09845178,0.059835657
0,-0.13667886,0.14293903
1,0.0653635,-0.21578477
0,-0.369952,0.1437991
0,-0.23422232,-0.009736404
0,0.2530446,-0.22225656
0,-0.18771487,-0.045703992
0,0.24036065,0.026741393
0,0.069559515,-0.10883474
1,0.42747158,-0.24020217
1,-0.2528959,-0.095259205
0,0.056713354,-0.1287949
1,0.2089566,-0.3351854
1,0.44709188,-0.14413114
0,-0.12822875,0.09164213
0,-0.31135094,0.111759245
1,0.08019593,0.043499827
1,0.12236203,0.16362594
0,-0.07188006,-0.16179018
1,-0.26389018,0.048527442
0,-0.18238586,0.075253025
1,0.3246023,0.052538455
0,0.25565007,-0.04245405
1,-0.058862563,0.40855026
0,0.2579465,-0.17245845
0,0.16322538,0.12286392
0,-0.15646791,-0.050705776
1,-0.12639701,-0.11924867
0,0.10137612,0.01972209
0,0.011530608,0.17702527
0,0.0027253814,-0.2317269
0,0.20092258,-0.06637262
0,0.35146075,0.12450729
0,0.19714396,-0.039946273
0,0.028262224,0.3329302
1,0.35305768,-0.31676608
1,-0.24157932,0.20771685
0,0.021536272,0.18345883
1,-0.12901829,-0.2536013
1,-0.47261232,-0.08678557
0,0.22990105,-0.016657412
1,0.18496796,0.20059007
0,0.013039399,0.22406644
0,0.107983515,-0.089914754
1,-0.43282276,-0.12113403
1,-0.11181989,0.016253471
0,-0.032029614,-0.037355646
1,-0.31841093,-0.25190115
1,0.065947965,-0.5228297
0,0.17726047,-0.019433856
1,-0.47430873,0.2884363
0,-0.11252369,0.039011456
0,-0.18842332,0.11730606
0,0.14918062,0.06413918
0,-0.14027989,0.09628451
0,-0.014442064,-0.2356341
1,-0.037175216,0.24419963
1,0.05751856,-0.2108912
0,0.28310007,-0.19423245
0,0.005034331,-0.13171317
0,-0.06111443,-0.025126353
0,0.19987014,-0.008574307
1,-0.0028980486,-0.11244567
1,-0.2018825,0.19815871
0,-0.08596955,0.08599646
1,0.0714533,-0.04672122
0,0.046321,0.13325393
1,-0.03774559,0.009218112
0,-0.19046167,0.19330303
0,-0.025906896,0.09626783
0,-0.24028596,0.0065830797
0,-0.082135916,0.032003753
0,-0.0255282,0.10331702
0,0.067178234,0.03285055
1,0.16280247,-0.4680587
0,0.5501491,0.04118325
1,-0.03328154,-0.15718396
0,-0.1601577,-0.06101565
1,0.16276142,0.14576319
1,-0.008002829,0.09502761
1,0.14675915,0.12195636
0,0.34614223,-0.11253236
1,-0.030977994,-0.29706603
0,-0.093891606,0.17492108
0,0.32119614,-0.31244737
1,0.20963982,0.17827296
1,-0.06485481,0.11219272
1,0.08460136,-0.37542057
0,-0.01706448,0.108619004
0,-0.26106507,0.0009395182
0,0.22552738,-0.013400391
0,0.044791084,0.004749909
0,0.11659652,0.23286444
0,0.23402661,-0.17141779
0,-0.16998392,0.0068725795
1,0.30622447,-0.06174977
0,0.03679237,0.021748379
1,0.020372834,-0.21421625
0,-0.068474516,0.069342755
0,-0.12371273,0.11301257
0,0.18025665,0.057220444
1,0.19613254,-0.31101155
1,-0.16872343,0.016522355
1,-0.37318963,-0.29944074
1,0.06799732,-0.21290071
0,-0.16170403,-0.10994698
1,-0.34038413,-0.1611899
0,0.20151755,-0.11464557
0,-0.054345757,-0.1715645
1,-0.020068102,-0.25228167
0,-0.18441427,0.1855385
1,0.32024872,-0.052732885
0,0.115278065,0.36199492
1,0.58446586,0.21912721
0,0.2357144,0.11539407
1,0.02044281,-0.011456966
0,0.12914866,-0.17118908
0,0.17956375,0.11809871
1,-0.1108948,0.14103082
1,0.0042820796,-0.28657824
1,0.28413492,0.11384128
0,0.06410162,0.10130808
1,-0.16920748,0.08875316
1,0.045634244,0.3287706
1,-0.22194706,-0.26544595
0,0.13513246,-0.103261635
1,-0.11168496,0.12638421
0,0.21174634,0.13835523
0,-0.15298106,-0.10373767
1,0.23713565,0.10349737
1,-0.43200612,-0.25133073
1,0.06897731,-0.055631295
0,-0.12018053,0.07277682
0,0.112119734,-0.079337
1,0.23576051,0.073681675
0,0.077034935,0.049708106
1,-0.2582945,-0.4490862
1,-0.17631593,0.2435225
0,0.035100523,0.19251621
0,0.36838418,-0.16229089
0,-0.045816015,0.047343716
0,-0.2348957,0.15896147
0,0.29173514,-0.16583093
1,-0.0382765,0.32209593
0,-0.019132666,-0.22694485
0,-0.08527803,0.034362145
1,-0.09867142,-0.1655327
0,0.1647076,0.030998804
0,0.18024838,-0.002178833
0,-0.07308672,0.1907003
1,-0.1361748,0.14276439
0,-0.12060268,-0.06828715
1,0.13794655,0.12928793
0,-0.0076973084,0.07615366
0,-0.08792963,-0.20486487
1,-0.15732332,-0.15101047
1,0.22484708,0.4558124
1,0.2747593,-0.02482377
1,-0.0423993,-0.053840056
0,-0.04942639,0.03263773
1,-0.14393076,0.03388092
1,0.2462712,0.18107107
1,0.14336768,-0.14878167
1,0.13604245,-0.30357587
1,-0.12191579,-0.11124207
1,0.17680067,0.17979515
1,0.32395762,0.28237745
1,-0.44692647,0.27167007
0,0.15432519,0.10018948
0,0.09521419,-0.08587603
1,0.023348644,-0.27712685
1,-0.05776984,0.3033389
0,-0.008722216,0.14319842
0,0.3006639,-0.13335587
1,0.1791141,-0.34950912
0,-0.14592493,-0.0105691105
1,-0.012623986,-0.2543952
1,0.50547373,-0.0077263415
0,0.11568686,-0.020902649
0,-0.15633097,-0.03622614
0,0.17612119,0.032869205
1,-0.018678814,-0.15714149
0,-0.19746734,0.046424627
0,-0.033372432,-0.027352557
0,0.26196235,0.076747894
0,0.040089104,0.025940493
0,0.09784958,0.004633367
0,0.072959036,0.0031700581
0,-0.019561011,0.022254169
0,-0.1558407,0.031273536
0,-0.0030577779,0.043691814
0,0.21526086,-0.23268999
1,0.4646538,0.018302947
0,-0.24495876,-0.06006062
0,-0.2535614,-0.022734553
1,0.19726506,-0.018633962
1,-0.41165638,0.13020645
1,-0.08845526,0.29774445
1,-0.06154662,0.092573725
0,0.19207697,0.19282106
0,-0.08965853,-0.025443494
1,0.012117792,0.3675583
0,0.15937263,-0.025004685
1,0.4794265,-0.027432367
1,-0.04819504,0.5254346
0,0.3368221,-0.027151316
1,0.12920393,-0.2615763
0,0.090118796,0.015974313
1,-0.56430644,-0.08403997
1,-0.26492742,0.34012026
0,0.0952481,-0.0004030019
0,0.06702016,-0.09171176
1,0.1890803,-0.06483804
0,-0.28837064,0.109597504
1,-0.16585234,-0.04818763
0,-0.0737158,-0.018526152
1,-0.13807686,-0.42992473
0,0.02502435,0.11293856
0,0.07381031,-0.07086787
1,-0.1742497,-0.1094491
1,0.28016543,-0.32376552
0,-0.052096162,0.064865515
1,-0.10198754,-0.09251839
1,0.21875656,-0.0040031224
1,0.44259703,0.084686786
1,-0.23000258,-0.48043162
1,-0.119947344,-0.04533434
0,0.25782213,-0.13726212
0,0.04792275,-0.1330405
0,-0.21236405,0.088876456
1,0.40116742,0.086996526
0,-0.21684188,0.04486508
0,-0.20017937,0.017634913
1,-0.5689238,-0.15604748
1,-0.0023139678,0.41769463
0,-0.19097891,0.043242313
0,-0.024651773,0.14351693
0,0.0947936,-0.01717949
1,-0.20628259,-0.16522907
1,0.14448075,-0.17894079
1,-0.30651745,-0.042349562
0,0.14453138,-0.06274167
0,-0.27871287,0.017916657
1,-0.17975721,0.60932636
1,-0.16790855,0.078093156
0,-0.11692956,0.05505874
0,-0.21916342,0.0302575
0,-0.04128887,0.019655481
0,0.19427836,0.047016233
0,0.0048482344,-0.025448129
1,0.12938686,-0.101519644
0,-0.02265102,0.19632193
0,0.5325136,-0.23322625
1,-0.14258964,-0.46137655
1,0.16073202,-0.31741703
1,0.08308926,-0.110526115
0,0.025840677,0.056464404
0,0.0961681,-0.018993676
1,-0.0048651956,0.23862472
0,0.035617437,0.06800521
0,-0.3105588,0.075864874
0,-0.052094325,0.0014511496
1,0.3288349,0.51225525
1,-0.095865265,-0.32545525
1,-0.12550546,-0.08023688
0,-0.38373983,-0.28655082
1,-0.048237402,0.015975066
0,-0.25330964,0.012279525
0,0.1166901,0.046056055
1,0.23393726,-0.19288106
1,0.24562413,-0.44446445
1,-0.08347361,0.15744556
1,0.01716626,0.15568453
1,0.25614,-0.039994508
1,-0.36900598,0.1093424
1,-0.26478234,0.22687078
1,0.114381224,-0.19436221
0,0.15199652,-0.02797556
0,0.17256361,0.01999931
0,0.06473261,0.20487827
1,0.27142525,-0.13506196
1,-0.17545494,-0.3258493
1,0.29754972,-0.19869633
1,-0.2103079,0.37499636
1,-0.05933927,-0.23264898
0,0.15350126,-0.20965196
0,-0.16461599,-0.15077414
1,-0.3115247,0.20318525
0,0.12139562,-0.05877912
0,-0.035764106,0.051221967
0,0.245251,-0.29027236
0,-0.05415997,-0.33353102
1,0.072848484,0.056900263
0,0.035523523,0.018222854
1,-0.21883966,0.24152099
0,-0.19107845,0.11720756
1,0.43714994,0.088600025
1,0.16709587,-0.32762903
1,0.45035774,0.07543288
0,0.123871654,0.15201613
0,0.22816303,0.16814438
0,-0.5599367,-0.19880463
1,0.010890406,-0.03348449
1,-0.07345823,-0.031746835
1,-0.07942688,-0.06305471
0,0.30847403,-0.08411369
0,-0.0009715259,0.0015081912
0,-0.46528566,0.14874719
1,0.18365106,-0.051036373
1,-0.1907801,0.19890314
1,0.30566514,0.08817324
0,-0.17492972,0.1278159
0,0.30471158,-0.0064145774
1,0.057749305,-0.21115927
1,0.06371446,-0.13462926
0,0.18992531,-0.14212997
1,0.12469503,-0.08041453
1,-0.22279406,0.16435014
0,-0.07280211,0.16689181
1,0.21516904,0.27920857
0,0.039466146,0.20952289
1,-0.28756988,-0.19110076
1,0.17357002,-0.09219466
0,-0.14088243,-0.026544794
1,-0.0036603175,0.24696833
1,0.2061955,-0.020095944
1,0.033908766,-0.27174038
0,0.032680247,-0.015372559
1,-0.14141579,0.1917781
0,0.3290882,-0.07640691
1,0.07205911,-0.33929622
0,-0.22863756,-0.033906832
0,0.101005524,0.0326104
1,-0.013191188,0.34376907
1,0.14138336,-0.038827077
1,0.017414968,-0.08728883
0,0.0014466457,0.1516556
1,0.08371526,-0.35539472
0,-0.16822602,-0.31731957
0,-0.21267743,0.13387059
1,-0.056460913,0.14334428
1,0.18481314,0.5520813
1,0.14722735,0.25279063
1,0.07079241,-0.17714466
1,0.42074716,0.2281958
1,0.032764148,-0.13940893
0,-0.053192876,-0.06311159
0,-0.17059499,0.05528573
1,0.04330873,-0.22577198
1,-0.18141192,-0.0017847568
0,0.046131033,0.04651513
0,0.28937155,-0.17000689
1,0.44626513,0.124136016
1,-0.5295198,-0.36394298
0,0.0074527897,0.038564503
1,-0.52852476,-0.18284126
0,-0.3302073,0.010245688
1,0.2219482,-0.14595039
1,-0.113110706,-0.32980794
0,-0.22150847,-0.12847443
1,-0.08383305,0.25018343
1,0.007148359,0.52293074
0,-0.11361617,-0.20498727
0,0.19103283,0.17572406
1,-0.3522063,-0.27545828
0,-0.12927784,0.12792918
0,0.14681056,-0.021866173
1,0.17827232,-0.07665788
0,-0.34836614,0.053141385
0,-0.088676095,0.115996934
1,-0.4055869,0.3507384
0,0.18971027,-0.047481492
1,0.3605513,0.15586264
1,0.026611958,0.15175301
1,-0.2100338,-0.1197397
1,-0.33942857,0.045654595
1,-0.15172166,0.123592734
0,0.23175687,0.18089929
1,-0.3486729,0.20193288
1,0.3846497,0.022062004
0,-0.08278039,0.04192488
1,-0.3361036,-0.36813897
0,0.16419862,0.04076042
1,0.08033472,-0.30904657
0,-0.29834157,-0.40064496
1,0.16435947,0.3648793
0,-0.033279918,-0.062431097
0,-0.026435848,-0.1715134
1,-0.045104697,0.19486645
0,0.12042913,-0.1922559
0,-0.21811035,0.13802193
0,-0.39672455,0.058628283
1,0.13913226,-0.12751074
0,-0.028089507,-0.034035727
1,0.43324202,0.10307177
0,0.06955598,-0.012832716
0,-0.1724818,0.1396853
0,0.24727324,-0.035808668
0,-0.19867079,0.010973997
0,-0.16768408,-0.013347343
1,-0.13482723,-0.10527286
1,0.36079058,0.20051867
0,-0.11256261,-0.059710413
1,0.31930047,-0.0048130006
0,0.0022478625,0.1379067
1,0.23680347,-0.06895502
1,0.14429554,0.009925187
0,-0.1003786,-0.08976121
1,-0.27309653,-0.16762967
1,-0.027200129,-0.37022823
0,-0.052564252,0.04151857
1,-0.15552017,-0.4570155
0,-0.13289641,-0.06279899
1,0.11115593,-0.22672133
0,-0.16311018,-0.053358674
1,0.05118103,-0.1968836
0,-0.13079017,0.037206747
0,0.0033753887,-0.10078116
0,-0.012229247,0.048400402
0,0.14906445,0.09992426
1,0.055310953,0.114766866
1,-0.24907574,0.28307718
0,0.06694326,0.041519895
1,0.14980036,0.17143725
0,0.08177981,0.1513964
1,0.12127788,-0.15525164
1,0.29605025,-0.069040656
0,0.3005613,0.025630087
0,-0.10693358,0.17541236
1,0.02659564,0.23708414
0,-0.22144273,-0.039795667
0,0.28244597,-0.117345944
0,-0.012632398,0.08883837
0,-0.04234579,-0.00019204617
1,0.0164903,0.09382496
0,-0.0092712045,0.08083549
0,-0.16908045,0.10989313
1,0.17085636,0.12135403
1,-0.098364085,-0.49263638
0,-0.04692837,0.079065844
1,0.5682827,-0.031515628
0,0.10267247,0.0069523156
0,-0.121965125,-0.010682836
1,-0.17301908,0.10238394
0,-0.20921461,0.14878565
0,-0.15204701,-0.151253
1,-0.044377297,0.1481388
0,-0.079051,0.14505294
0,-0.12495966,-0.06971492
0,-0.007062126,-0.01739791
0,-0.056069538,0.033003643
0,0.17258173,0.055743545
0,0.016189925,0.13869475
1,-0.14868498,0.17414384
1,0.09867124,0.1402724
0,0.039720688,0.10494278
0,-0.11131494,0.06701572
1,-0.14132476,-0.43439257
0,0.055107582,0.20201308
0,-0.09542946,-0.06259228
1,0.13761108,0.5731508
0,0.09688917,-0.17954402
1,0.15025777,-0.012276962
1,0.08934778,-0.29582173
0,0.1218504,-0.0022297204
1,-0.16586654,-0.42148674
0,0.20093867,0.032539636
1,0.00394604,0.19373035
0,0.08424468,0.11097909
0,-0.1414522,0.040851243
1,-0.12502825,0.08875472
0,-0.21196467,-0.06459971
0,-0.10730049,-0.050609753
0,-0.02678441,-0.2348512
1,-0.32023072,0.1713046
1,0.16579495,0.09714018
0,0.037010636,-0.0034737438
0,-0.17351379,0.1909998
1,0.24614054,0.10896734
1,0.502692,0.40247446
0,-0.17021793,-0.019215018
1,0.1925831,0.092151985
1,-0.41575783,0.35708237
1,0.114034966,0.22626856
1,-0.15422916,0.07888674
0,-0.18618888,-0.24159129
0,-0.11850348,0.15084668
1,-0.46443212,-0.043835834
1,0.061373573,-0.05744478
1,-0.32331052,0.29128236
0,0.2016243,-0.057022408
0,-0.29340082,0.08495612
1,-0.05775816,-0.17471473
1,-0.27466926,0.4479044
1,-0.15661807,0.0660117
1,0.12371707,0.23714441
1,-0.11253004,-0.3474391
0,0.223234,0.02324076
1,-0.61918557,0.09822473
1,-0.15559076,-0.343127
1,0.27034712,-0.40194452
1,0.31716424,-0.18844281
0,-0.03425696,0.030603394
0,0.107586354,0.18520918
1,-0.16101927,0.120098785
1,0.17998344,-0.33109778
1,-0.10680351,-0.16859384
0,-0.035671894,-0.22847809
0,-0.26404768,0.065753415
0,-0.15288739,0.09793928
1,0.13982342,-0.025989547
1,0.11616245,0.19283195
1,0.05846746,0.2870444
1,0.016168822,0.114460595
0,0.20662889,-0.05940485
0,0.2751906,0.024883248
1,0.16269225,0.19444484
0,-0.34981596,0.20790532
1,-0.20579515,-0.031953335
0,0.22169042,0.030481465
0,0.057176698,-0.13230313
1,0.115076035,0.032970846
0,0.010485776,-0.002628073
1,-0.15521726,0.1404251
0,-0.17251146,0.20785119
0,-0.035673067,0.052320845
0,-0.02326082,0.009662256
1,0.2860806,0.60084075
0,0.18145183,0.04155287
0,0.2814027,-0.07621805
0,0.10051644,-0.448166
0,0.14768131,0.11904836
0,-0.18359794,0.20114498
0,-0.18491128,-0.22951634
1,0.22082871,0.15549678
0,0.22598138,-0.027767316
0,-0.032957427,-0.024168953
1,0.1448105,-0.27344525
1,-0.26112783,-0.09469016
0,0.011795092,0.024803057
1,0.021299757,-0.20277797
0,-0.20641047,-0.041108474
0,-0.15376201,-0.08739415
1,-0.16671042,0.099697456
1,-0.18292363,-0.19381995
0,-0.041899614,-0.03758052
1,-0.041913334,-0.31370866
0,0.10069442,0.098799944
1,-0.2473945,0.14167742
1,0.2970657,0.070971966
0,-0.19377692,0.07898817
0,0.19848591,-0.03206812
1,0.38678724,-0.14830111
0,-0.07774997,-0.14721401
1,0.08385146,-0.4517191
1,0.044195797,-0.19505538
1,0.25051892,0.14672315
0,-0.054759726,0.091103114
0,-0.032432888,-0.022223577
1,0.11203639,-0.22526602
0,-0.14530604,-0.083718285
1,-0.05705142,0.10432078
1,-0.23123324,-0.05966319
0,-0.25247526,0.0062315017
1,-0.2720396,-0.30959135
1,0.18802726,-0.102579534
0,-0.12770762,-0.08905856
0,-0.19382936,-0.06671412
0,-0.022057358,-0.35119224
0,0.11870554,-0.032418758
1,0.032208506,0.29859027
1,-0.068323225,-0.40389627
1,-0.060047884,-0.070596114
1,-0.0041687936,0.30079782
0,-0.050955728,-0.09922849
1,0.019065764,-0.15944947
0,0.28928813,-0.13695173
1,0.50883555,0.16358209
1,0.2612608,-0.05056268
1,0.12687427,-0.3818332
0,0.03151064,0.084132195
1,-0.32151088,0.15567781
0,0.4288553,0.039059825
0,-0.3575877,0.30531758
0,-0.097556755,0.10647735
0,0.2382546,0.011492223
0,0.0507146,0.10226017
1,-0.092907354,-0.3776101
0,0.3286602,-0.16151823
1,-0.21717319,-0.20239975
1,-0.27126494,0.124724634
1,0.4428496,0.010792933
0,-0.5025773,-0.30252975
1,0.14059511,-0.026383892
0,-0.01042942,0.14163491
0,-0.25058654,0.12133589
1,-0.12639244,-0.07282962
1,0.30416965,0.0058086514
0,0.005678553,-0.022317514
0,-0.05458706,0.008344278
1,-0.25828642,-0.20027764
0,0.1674575,0.019713655
1,-0.13717647,-0.4311837
1,0.14957772,-0.1182978
0,0.030189354,0.07640838
0,0.107038155,0.09493771
0,0.29379255,0.071390405
0,-0.1570704,0.1441508
1,-0.119055495,0.10981671
0,0.32709032,0.079723224
0,-0.098896325,0.10949376
0,-0.022014577,0.017306134
0,0.05298235,0.06635916
0,-0.107364595,0.098467894
0,-0.031495906,0.04021348
0,0.3153715,0.09098336
1,0.27614284,0.12007892
0,0.0030601397,0.007972673
1,-0.1949451,0.056610897
1,-0.25012478,-0.09960653
1,0.24908993,0.041698918
1,-0.2644058,0.2544725
0,0.11991805,-0.16369809
0,-0.092014074,0.041589305
1,-0.1083346,-0.6247289
0,0.26585755,0.0751392
0,-0.44177198,0.08482023
0,-0.14439102,-0.0437399
1,0.13782655,-0.14957635
0,-0.21798486,-0.11081104
0,-0.05155408,0.03903921
0,-0.21719688,-0.20702936
0,-0.103744775,0.115772426
0,0.37126875,0.009724326
1,0.16415195,-0.19329424
0,0.04877441,0.005182743
1,-0.36942095,-0.026232764
1,-0.101369634,-0.09079613
0,-0.21664938,0.038265258
1,0.36543733,0.1912864
0,-0.15070744,-0.027966991
1,0.0020043664,-0.046047732
0,-0.27443358,0.07108171
0,0.26728123,0.17435442
0,-0.0010701157,0.024354056
0,0.12525886,-0.052578375
0,0.25468415,-0.34783965
1,0.08206956,-0.31068087
0,0.0504135,-0.07486126
0,-0.10921325,-0.1634805
0,-0.24902172,-0.046481863
0,0.15577699,0.088298865
0,-0.028993294,-0.119154975
1,0.04705229,-0.22576518
1,-0.24403693,-0.55474615
1,-0.2630614,-0.027795747
0,-0.23666742,0.00792221
0,-0.24137056,-0.40935308
0,0.20150983,-0.23670281
0,0.19237348,-0.07473715
0,-0.08676134,0.2086532
0,0.016447332,0.07185094
0,-0.15637997,-0.04420583
0,0.2916709,-0.039177105
0,-0.11861111,-0.01070939
0,-0.34056598,-0.1093307
1,-0.0690067,-0.33540106
1,0.11873537,-0.11177726
1,-0.22861323,-0.13964485
1,-0.02300137,0.4314527
1,0.37496045,-0.05085875
1,0.059600536,0.15262634
1,-0.24806933,-0.09928742
0,0.07601598,0.090654254
1,0.30945212,0.2015832
1,0.21913803,0.29852748
0,0.032035206,-0.02977337
0,-0.16162027,-0.21057104
1,0.14731869,0.09682969
0,-0.26827165,-0.0461767
1,0.3602618,0.18604878
1,-0.19613224,0.22943619
0,0.074205324,-0.0040183067
0,0.052962657,0.20388205
1,0.13725398,-0.07784502
1,0.3880095,0.01973451
0,0.4717297,0.03100603
0,-0.26066175,0.052769728
1,-0.17642869,0.0017642826
1,-0.2456088,-0.36368632
0,0.18084174,-0.17224242
0,0.5793792,0.09362721
0,0.036375035,0.08826291
1,0.23038739,-0.49091798
0,-0.019894613,-0.045774624
0,-0.005026605,-0.046251193
1,-0.124268934,-0.11427696
0,-0.1486192,0.0027641207
0,0.17164797,-0.20530047
0,0.011540949,0.06794305
0,0.15891074,-0.19661672
0,-0.1614561,0.12759423
1,-0.08737098,-0.49359602
1,-0.080878004,-0.05603665
0,-0.17624551,0.09251467
1,0.21018185,0.1937947
0,-0.024125552,0.07408263
1,0.23298687,-0.19015111
0,-0.023543006,-0.07986279
1,0.20295402,-0.09822479
0,0.03305183,-0.10037194
1,0.13506256,0.26177812
1,-0.3049533,-0.14382713
0,0.08922082,-0.025801703
0,-0.10130525,-0.008719966
0,-0.0081956405,0.11722451
0,-0.25715214,0.014125541
0,0.1633179,-0.26642507
0,0.2779048,0.08370811
0,-0.09640387,-0.06280233
1,-0.16095194,-0.06438364
1,0.08061613,0.18224221
0,0.0024609491,0.00078225136
1,-0.115594804,-0.08696748
1,0.013593338,-0.20807375
1,0.0148223005,0.028634645
0,0.12847397,-0.01443778
0,-0.06029218,0.07130466
1,-0.26149103,0.018878333
1,0.15971212,-0.24184163
0,0.14107093,0.0070248544
1,0.081773296,-0.163249
1,0.14659984,0.5652758
1,0.36532223,-0.2216359
0,-0.052222695,0.044029057
1,0.008518256,-0.14116259
1,0.12054309,-0.24207051
0,0.06553465,0.058128238
1,-0.14946121,0.018965557
0,0.00043193996,0.03888849
0,0.017963905,0.14504893
0,0.26037204,0.07005524
1,-0.3295429,0.34483922
0,-0.21782646,0.26643097
1,-0.3638878,-0.22236128
0,-0.4987433,0.112581834
0,-0.14290297,0.07514591
0,-0.42603058,-0.13903691
0,0.0425993,-0.0069784224
1,0.37368435,-0.15587033
1,0.19217792,0.19283414
1,0.046490226,0.14091447
1,0.38432276,-0.03121525
1,-0.08270942,-0.35051835
1,-0.15176742,-0.2631129
0,-0.43242282,0.014720976
1,-0.034563567,-0.24576549
1,-0.045298643,0.022196472
1,0.400441,-0.059303686
1,0.038358588,0.15655045
0,-0.34459305,0.114821844
0,-0.15562688,0.0459786
0,-0.26096943,-0.012483522
0,-0.1120078,-0.048453003
1,0.17508194,-0.36852175
0,-0.108677536,-0.09424658
1,-0.42114058,0.11507033
1,0.18646541,0.16856183
0,0.19110209,0.039787084
1,-0.17565237,0.19685899
1,0.16522285,-0.3910041
0,-0.041516274,0.010184303
0,-0.17591637,-0.011121258
1,-0.5002679,0.035391912
1,0.19018379,0.18339828
1,-0.20928615,0.18165904
1,-0.26906067,0.17647685
1,0.04745956,-0.6724527
0,0.044092897,0.067095324
0,0.004062075,0.008037329
0,-0.05824755,0.08181105
1,-0.047620513,0.075248435
1,-0.21179986,0.043231823
0,0.06727442,0.0051239133
0,0.10354404,0.009187713
1,0.054491866,0.035639547
1,0.077944234,0.08667998
0,-0.07548296,-0.004639551
1,0.1951222,-0.5045861
0,0.23367655,-0.061300173
1,-0.14053865,-0.116976544
1,-0.023508884,-0.12148495
1,-0.18663949,0.25244313
0,-0.28872755,0.07887825
1,0.0475217,0.25722682
0,-0.3201542,-0.028208196
1,0.44912368,0.14184691
0,0.15586065,-0.0024478287
1,-0.118671164,-0.19060792
1,0.21050742,-0.27725285
0,-0.4548195,0.03301072
0,0.41950315,0.12970714
1,-0.2955344,0.00052924454
1,0.09438948,0.085563324
1,-0.025473204,0.089452565
0,-0.21483678,-0.06237802
1,0.08095944,0.266442
1,-0.13211413,-0.013370559
0,0.09982708,0.1247951
0,0.115042225,0.08671169
0,-0.0051105544,0.00994724
1,-0.09404951,0.12706734
0,0.38680696,-0.19659175
0,0.12321776,0.078437425
0,0.1495162,0.06775075
0,-0.019215468,-0.0508752
1,0.07638915,0.13860177
1,-0.06767045,-0.19149305
1,-0.025424186,0.23291637
1,-0.19932352,0.3790918
0,0.28566974,0.05186174
0,-0.21335419,0.18004808
0,-0.35570553,-0.0036978722
1,-0.12029314,-0.18095787
1,0.27473527,-0.026018247
0,-0.055247936,0.19660142
0,0.089690134,-0.34229738
1,-0.016250908,-0.42446172
1,0.20082133,-0.0706871
1,0.08274932,-0.5682434
0,0.09858346,0.21430665
1,-0.2048803,0.3531527
1,-0.37600714,0.053187713
0,-0.00073106214,-0.22459482
1,-0.05433076,0.12645607
1,0.037082803,0.18535122
1,-0.26591215,0.14587843
0,-0.044042226,-0.044674203
1,0.015596293,-0.17667897
1,-0.1573148,0.29063827
0,-0.21941836,-0.19259723
0,-0.07556484,-0.08768876
0,-0.124557555,0.11037955
1,0.059270177,0.21402924
1,0.18317258,-0.31172162
1,0.0420785,0.25936347
0,-0.11638935,-0.06304659
0,-0.17036879,-0.05728568
1,0.21464251,0.007769227
1,0.07488243,-0.30566865
0,-0.49467653,-0.033691034
1,-0.027114846,-0.03868468
1,-0.33047825,-0.026122734
1,0.016426455,-0.2672683
0,-0.13681655,0.08604341
0,-0.093718514,0.10230781
0,0.2574189,-0.16435347
1,0.029304277,0.1319829
1,-0.23617244,0.49873203
0,-0.040434994,0.07023452
1,0.18136778,-0.07412185
1,-0.0022739768,-0.11140792
1,-0.16166763,0.0014228374
1,0.09352903,0.24854416
1,0.094303995,-0.033920676
1,0.08349322,0.19891532
1,0.18732543,-0.057143748
0,0.08840643,0.14170702
0,0.010045737,-0.0003823042
0,-0.017110752,0.06273366
1,0.114595026,0.052237555
0,0.23193061,-0.032519743
1,0.18704401,-0.34040898
1,-0.28972438,0.10223392
0,-0.109068155,-0.3738374
1,0.16808186,-0.28017306
1,-0.07434444,0.2097565
1,0.03714091,-0.09112559
0,0.107524425,0.14571178
0,0.031257603,0.08442871
0,0.07617164,0.14570354
0,-0.086703084,-0.14571442
1,-0.23890805,0.11238054
1,0.2317208,-0.119543836
1,0.097505495,0.09515438
1,-0.35993993,-0.37570524
1,-0.08776931,-0.10339576
0,-0.016197288,0.013396382
0,-0.030220896,0.07128758
0,-0.100092515,0.3251161
1,0.24104065,0.16793442
1,-0.1661221,-0.38427675
0,0.04523028,-0.0109820515
0,0.409335,-0.2162896
1,-0.32319382,0.103509165
0,-0.13710208,0.21468018
1,-0.07670775,-0.1962045
0,0.38687366,-0.16180797
0,0.011391971,-0.24824886
0,0.122014314,-0.008150667
1,0.34700036,-0.118542
0,-0.084272265,0.089990355
1,-0.08838555,-0.2034731
1,0.35606396,0.03189195
0,0.17821285,0.041807584
1,-0.015316632,-0.30851364
1,0.20705608,0.3538503
1,-0.04482134,0.17395577
0,0.21153526,0.06192004
1,-0.18304445,-0.20210828
0,0.20142801,-0.03560491
1,-0.34178853,0.2989281
1,0.19329703,0.08490273
0,-0.024204249,0.18139148
0,-0.2222749,0.17644873
0,-0.13382353,-0.011012986
0,0.24224687,0.05676721
0,0.2157743,0.028574876
0,0.11043319,0.016142175
0,0.1477609,0.12579472
1,-0.12019518,-0.23509721
1,-0.050815463,-0.073154375
1,0.46022463,0.14200571
0,-0.121355504,-0.31240612
0,-0.14177853,-0.12198244
0,0.15881889,-0.09573266
0,0.25764668,0.07917608
0,0.2538079,-0.004904628
0,-0.072551355,0.1410978
0,0.13129735,0.043344446
1,0.24447584,-0.066225484
0,-0.13924919,-0.026554182
1,-0.22773646,-0.008208618
1,-0.31867018,-0.09484698
0,0.0523558,-0.006029889
1,0.36492884,0.22917354
0,0.05815806,-0.025936797
0,0.12474145,-0.04754284
0,0.26460359,-0.044144988
1,0.040241193,-0.36385167
0,-0.09766631,0.23269324
1,0.17057985,0.21394412
0,-0.25134423,0.096128926
1,0.11594662,-0.07644518
1,-0.07234967,-0.04331462
1,0.15417422,0.1767642
0,0.013993457,-0.041055292
1,0.015853114,-0.036881432
0,0.080014795,-0.0177145
0,0.051625956,0.22347046
1,0.04447433,0.11056215
0,0.102946684,-0.1451322
0,0.18594462,-0.022061974
0,-0.012170866,0.103862375
1,-0.09410161,-0.24038614
1,-0.30595726,-0.17152323
1,-0.08406444,-0.29868788
0,-0.1768221,0.0620782
0,-0.01640644,-0.22640522
1,0.09139617,0.28099012
0,-0.10703567,0.09751643
0,0.0016533025,0.15242673
0,-0.03767211,0.08640119
0,0.06998566,-0.27342963
1,-0.050704256,-0.10723749
0,-0.118890435,0.04732026
0,-0.1259638,-0.050592884
1,0.47436583,-0.29708117
1,-0.06487733,-0.02043356
1,-0.20062186,-0.014350101
1,-0.27798602,-0.21311738
1,0.0042372197,0.110255696
0,0.10651851,0.018591665
0,-0.047249585,-0.07146312
1,-0.20359427,0.63862467
1,-0.20821097,-0.14350463
0,0.09877005,0.055279583
1,0.03712756,-0.5258094
1,0.21356378,0.7321547
0,0.10858405,-0.026997685
0,-0.12324023,-0.1139784
0,-0.066259645,-0.47946727
1,0.1951441,-0.09644432
0,-0.00021621212,-0.10652873
1,-0.25912032,-0.1050365
0,-0.012040518,-0.066456094
0,0.051286835,0.056389913
0,-0.22672774,0.078324765
1,-0.15124659,-0.24985047
1,0.14281867,-0.19205748
1,0.36984703,0.075281836
1,0.12899387,0.3467281
0,0.13902065,0.008080468
0,0.09152317,0.12924848
1,0.23288834,0.00711824
1,0.013482023,0.39212435
1,0.32179952,0.14931117
0,0.001966197,-0.050335303
0,-0.001872167,-0.018062219
1,-0.3805079,-0.29043114
0,0.027086895,0.10542334
0,0.1976409,-0.022891179
0,-0.26002112,-0.2749349
0,-0.04430362,-0.24455692
1,-0.5319952,0.14388457
1,-0.16896579,0.110710464
0,-0.01991487,0.17998655
1,0.11858997,0.19147357
1,-0.17813419,0.022020534
0,0.13585865,-0.03138183
0,-0.15113296,-0.054527655
1,0.06523521,-0.45046985
1,0.30276102,-0.12030421
0,-0.09320269,-0.08323233
1,-0.055410147,-0.10479675
0,-0.17421994,-0.09503053
0,0.043852348,-0.10387851
0,0.0066509284,0.05856237
1,-0.02486561,-0.09289886
1,-0.123502776,0.10598101
1,-0.13009658,0.1328588
1,0.111911505,0.024571016
1,-0.18550366,0.20730226
1,-0.25175875,-0.011080012
0,0.11152281,0.052819706
0,-0.0073628575,0.13806134
0,-0.06456662,-0.10818772
1,0.34295797,0.102358714
0,-0.15707682,-0.28454047
1,-0.22396898,-0.24746357
0,-0.14247571,-0.13430484
1,0.44215566,-0.27622545
0,-0.050270356,-0.08036776
0,0.1437863,-0.15409179
1,0.1164439,0.2763998
1,0.15324084,0.08116041
0,0.015116811,0.02573146
1,0.14580542,-0.022764876
0,0.23329332,0.024361342
1,0.25330088,-0.008235514
1,-0.2604448,-0.06473009
1,0.17405057,-0.26363724
0,-0.15563232,-0.1543095
1,-0.010906614,0.51951694
0,0.28230026,-0.087967604
0,-0.017642425,0.25384772
0,-0.09932673,-0.2080126
0,0.24766582,0.13908419
1,0.024795365,-0.49514818
0,0.002202563,0.045725793
0,-0.0696367,-0.09992297
0,-0.29201272,0.062158987
1,0.12104885,-0.1951219
1,0.29489383,-0.061654046
0,0.1671249,0.1029063
0,0.007789936,0.108620584
0,-0.18192026,-0.23303498
1,-0.0925204,-0.30314404
0,-0.28486937,0.015554175
1,0.34789407,0.008574173
0,-0.04756541,0.0361782
1,0.051627796,-0.026648775
0,0.16558169,-0.047764227
1,0.18027362,-0.48316354
0,-0.008484986,0.10194119
0,-0.06542517,0.15055117
0,0.1713799,0.098883554
0,0.06174243,0.013638452
1,0.128583,0.0052624196
1,0.055879693,0.03100399
1,0.11699146,-0.04835038
1,0.14900714,0.18867517
1,-0.10997304,0.3340796
0,0.11666927,-0.008915141
0,-0.023900647,-0.1469139
1,0.13314052,-0.01250577
1,0.42431694,0.028746262
1,-0.10457824,0.3630185
1,-0.17824726,-0.027099907
1,0.062919736,-0.14264153
1,0.08670847,0.11702873
1,-0.16214336,0.3888197
1,0.26364815,0.13614966
1,-0.37406218,-0.21799843
1,-0.35495147,0.3703617
1,-0.012993056,0.018436104
1,0.18240684,-0.11729433
1,-0.0272103,0.15550606
1,-0.120072514,-0.04921788
0,0.059047285,-0.17049016
1,-0.028465474,-0.37743342
0,0.06757875,-0.18782295
1,-0.1377001,0.033061273
1,0.15475747,0.09885393
0,-0.07027608,-0.0011618286
1,-0.46692187,0.23055007
1,-0.18871349,0.10902639
1,-0.42857003,-0.19187887
1,-0.2558438,0.11333949
1,-0.01423542,-0.11186175
1,0.2925087,-0.03473495
0,-0.127626,0.15974692
0,-0.23344484,-0.13033636
0,-0.20090145,-0.4168821
1,0.03442664,0.07491982
0,-0.058283944,0.07119708
1,0.22750813,-0.029523417
0,-0.20099238,-0.08991982
0,-0.20864198,-0.044111297
1,-0.042675454,-0.028792888
0,0.53467077,0.09858845
1,0.14864434,-0.21047457
1,-0.33548647,-0.43594384
0,-0.032773457,-0.14562066
0,0.13641246,0.10218458
1,-0.22273383,0.15014942
1,-0.010964312,0.0014930665
0,-0.06295064,0.22122705
0,-0.2412662,0.089177266
0,0.11581279,-0.061559156
0,-0.10358377,0.15733686
1,-0.3787224,-0.32920247
1,-0.039192062,-0.24339516
1,-0.31744975,0.22783154
0,0.16419464,-0.06287639
0,0.021198876,0.093399025
1,-0.09534053,-0.0744317
0,-0.24066612,0.007084504
1,0.2647518,-0.09227757
0,-0.037828896,-0.041241035
1,0.19177379,0.300115
0,-0.017361216,-0.19449256
1,0.3281985,0.29344714
1,-0.37867042,-0.18920134
1,0.21804062,0.29548603
1,0.12694505,0.09267531
1,0.37014568,-0.07899544
1,-0.01789834,0.11259423
0,0.3245696,0.013094291
1,-0.20933175,-0.014666885
1,-0.16186725,-0.23417594
0,-0.04474015,0.16149986
0,-0.23645046,0.030341193
0,-0.3550322,0.04944489
1,-0.104080215,0.0084817335
0,-0.016770784,0.15023321
0,0.06944576,0.2247403
1,-0.5330067,-0.10787167
0,0.45471066,-0.2024454
1,0.087013826,-0.25528985
1,0.08340554,0.20561618
1,-0.21894524,0.3885913
1,0.10589507,-0.057001367
1,-0.01511053,0.117221214
0,-0.30246446,-0.09661357
0,-0.05670388,0.064787045
1,0.2802053,-0.08494367
1,0.12317568,-0.028323084
1,-0.11536349,0.06905071
0,0.17099729,-0.06311309
0,0.05738681,0.0439173
1,-0.069197536,-0.032085493
0,0.31485188,-0.034249455
0,-0.016137218,-0.21628238
1,-0.026001584,-0.21405132
0,0.2575236,0.26804447
1,0.13966903,0.3808787
0,-0.07917118,-0.09256278
1,0.14791256,-0.11281298
0,0.039105434,-0.15670629
0,0.33619818,0.10951284
1,0.076656744,-0.13256414
1,0.10208093,-0.19541998
0,-0.1180138,-0.040351257
1,-0.10013361,-0.32612354
1,-0.26185623,-0.21262248
1,0.07460043,0.064350866
0,0.30859,0.08969861
0,0.06801319,0.045783743
1,-0.21953931,-0.08837733
1,0.24071932,-0.5117416
1,0.018986985,-0.35891825
0,0.10184978,-0.047401607
1,0.27080232,0.28543818
0,-0.14731659,-0.06654076
0,-0.09437397,-0.06271507
1,0.15505828,0.12246347
1,0.20097236,-0.067622826
1,-0.082864076,-0.02399686
1,0.101275936,0.18160933
0,-0.10225125,0.15225862
1,0.10043903,0.054408573
1,0.3506097,0.044249125
1,0.0741816,-0.04537712
0,-0.121723056,-0.0029097944
1,-0.071864486,0.0657772
0,-0.13919301,-0.052378893
1,-0.1359115,-0.22533877
0,0.29678017,-0.15653758
1,-0.11374165,0.038669407
0,-0.14024037,0.04678706
0,0.089322805,-0.013980433
0,0.0016126297,0.06743127
1,0.14098024,-0.30310297
0,0.24595067,-0.08775064
1,0.47858447,-0.03892769
0,-0.1354087,0.00766775
1,-0.060815137,0.22046049
1,0.02336967,0.034067124
1,-0.18724516,-0.45101792
1,0.47528583,-0.11124635
1,0.28317678,-0.09249112
0,0.061268855,-0.041594103
0,-0.062747546,0.014916718
0,-0.21068187,-0.06769894
0,0.0789146,0.079034045
1,0.025540128,-0.17333116
1,-0.25193998,0.16220474
1,0.54545677,0.17547525
1,0.058267426,-0.06532338
0,0.10383429,-0.088562146
1,-0.011259567,-0.06772901
1,-0.28584513,0.17150389
1,0.15721399,0.25063157
0,0.11627212,-0.044782445
1,0.034488995,0.3433501
0,0.16625187,0.06059508
1,-0.13211806,0.18602762
1,0.23608166,0.04767531
1,0.24163473,0.1502644
1,0.028269824,-0.120915964
0,0.270335,-0.05512458
0,0.16200745,0.074488506
0,-0.0037622657,0.13840903
1,-0.04567444,-0.005088672
0,-0.15081738,-0.089880064
0,-0.06470678,-0.020774081
0,0.09914933,0.14128534
0,-0.023000335,-0.1284452
1,0.4221141,-0.50546825
1,0.060093265,-0.135015
0,-0.114559785,-0.13867007
0,0.0925087,0.03611739
0,0.16296688,0.06358779
0,-0.14947276,0.1447715
1,-0.005796533,-0.41289866
1,-0.023280965,-0.150212
1,0.52939165,0.16479132
1,0.2888817,0.28680843
1,0.08317222,0.2651003
1,-0.013332561,-0.25000525
0,-0.3666775,0.18503919
1,-0.22226334,0.08568677
0,0.24237496,0.021848463
1,-0.121914595,0.43329865
0,0.03034373,0.010491163
1,-0.10646643,-0.2466395
0,-0.037338514,0.0799551
0,-0.011497213,-0.019425258
1,-0.17011143,0.013897315
1,0.06680529,0.0077981725
0,-0.26109073,0.074730165
0,0.04085019,-0.03354606
0,-0.08586542,-0.0048621446
0,-0.09383838,0.114716545
0,0.13135788,0.11604487
1,-0.10847625,0.36086452
0,0.2973048,-0.1857967
0,-0.034186624,-0.024068922
0,-0.2333046,-0.2656803
1,0.06027313,-0.026051536
1,0.02082932,-0.06697035
0,-0.12625203,0.12000921
0,0.19848338,-0.08586644
1,0.013941724,0.18310623
0,0.18423496,0.11931674
0,-0.1991467,0.18537869
1,-0.12449275,0.038530067
1,0.21930915,0.16725299
0,-0.034754425,0.10081498
0,0.13265735,-0.056586027
1,-0.40217692,0.14321792
0,0.23738831,0.16995402
1,-0.3350377,-0.17667587
0,0.31655192,-0.15117802
0,0.008147147,-0.07080902
0,-0.10523239,0.0006479174
1,0.053567912,-0.09822045
0,0.32056344,0.09244993
0,0.216885,-0.035655618
0,0.086743146,0.074538976
0,0.18937686,-0.19235344
1,0.05612411,0.18697073
1,0.10558228,0.12682787
1,-0.41207904,0.10969818
0,-0.10181567,0.22227593
0,-0.056523405,0.10929119
0,0.05341405,0.14116746
1,0.24602902,-0.104065925
1,0.2007688,-0.31000048
0,-0.008505072,-0.3725834
0,0.39119846,0.26673305
0,-0.15492982,-0.30863786
0,0.024900343,0.086915955
0,-0.13841161,-0.009447977
0,-0.06285819,-0.06404343
0,0.055929985,0.0055328757
0,0.0049465895,0.095478594
0,-0.29521787,0.04729505
0,-0.009608004,-0.0114827305
1,0.13156977,0.05688998
0,0.17003897,0.009637117
0,0.043228988,-0.12639187
0,-0.082837194,0.14050733
0,0.043537077,0.18333614
1,0.12405704,0.455975
1,-0.13879235,-0.45668185
0,-0.029577207,0.008609414
1,0.18148686,-0.14277734
0,-0.036180627,-0.09951514
0,0.19300793,-0.018111154
0,-0.16074653,-0.04783784
1,0.0868641,0.3104393
1,0.042174872,0.20436332
0,-0.450527,0.0242951
1,0.14611354,0.18302709
0,0.10332018,-0.31123054
0,0.055321317,0.027561262
0,-0.21523447,0.121378675
1,0.19723652,-0.0704193
0,0.15828416,-0.11317389
1,0.15264297,0.051535398
1,-0.3067524,-0.47627705
0,-0.043527737,0.15546001
1,0.29586828,0.03141126
1,0.28017205,-0.100582704
1,0.009074058,-0.21396108
1,-0.23172332,-0.30412728
1,0.27969694,0.26256704
1,0.071354955,-0.25536352
0,-0.036208976,-0.2989133
1,-0.13391434,-0.22489949
0,-0.16084723,0.1117894
0,0.19895807,0.24388719
1,-0.09552629,-0.19152649
1,0.033154447,-0.12869318
0,0.08548753,0.023250706
0,0.02150774,0.14352258
1,0.17089707,0.106523246
1,-0.016374834,0.025954962
0,0.2127161,0.017612703
1,0.021297198,0.012207657
0,0.2724597,-0.115437314
0,-0.05037333,-0.22678839
1,-0.17002666,0.21102682
0,0.14762339,0.10482484
1,0.15974264,-0.088988066
0,0.276723,-0.100422084
0,-0.09622267,0.07400678
0,0.38450658,0.11240752
0,-0.39556098,0.082954
1,-0.1614198,0.014923759
1,0.21040106,0.17717233
1,0.06397262,-0.13488834
0,-0.046879746,-0.1577148
0,0.18443161,0.09886457
0,-0.028912663,-0.1103095
1,-0.08066842,-0.20632394
0,0.23710516,-0.19211103
1,0.21731779,0.12158408
1,-0.25743178,0.23227516
1,-0.078975424,0.0830764
1,-0.44635722,-0.21461155
0,-0.31367975,0.024919197
1,-0.34284472,0.27296734
0,0.05215304,0.14441183
0,-0.31633747,-0.3407029
0,-0.15770778,-0.030946597
0,0.06601505,0.026904345
1,-0.18173632,0.08666109
0,0.042833086,-0.17740358
0,-0.0037397165,0.04509274
0,0.20202386,-0.0028302372
1,-0.070248745,0.14545223
1,0.23326692,0.061935045
0,0.14592499,-0.108301505
1,-0.15037297,0.2730357
0,-0.029182134,0.12875
0,0.15417823,0.07246959
0,0.006818127,0.12590975
1,0.1744237,0.037894994
1,-0.2749777,-0.15671353
1,0.040474597,0.24873182
1,0.2664438,-0.3004902
1,0.2838175,0.31331939
0,0.34174073,0.025468908
0,0.013909031,0.09523073
1,0.30057716,0.08476646
1,0.31628755,-0.15482505
0,-0.10590103,-0.088196084
1,0.27956802,0.037992395
1,-0.19499643,-0.48139727
1,-0.12909536,0.21747786
1,-0.25071135,-0.031152263
1,-0.05862665,0.39641368
0,0.20801902,0.07797301
0,-0.11089262,0.029679134
0,-0.034737088,-0.0018403381
0,-0.11002572,-0.06593332
0,0.16215687,-0.11770156
1,0.083893046,-0.12580128
1,0.25921252,0.37844425
0,-0.20249115,0.16868135
1,-0.2877633,-0.102724925
1,-0.10858965,-0.019710258
0,0.03432103,0.10186465
1,-0.004886318,0.110062614
1,0.116658285,0.32423973
1,0.17643777,0.08440025
1,-0.047190472,-0.17532046
0,0.25922993,0.05779463
1,-0.1307736,-0.101533905
1,0.053695176,-0.50964266
1,0.24578679,-0.23443104
1,0.42895734,0.071075276
1,0.10812764,0.028924838
0,-0.19144055,0.035690196
1,0.008528374,-0.0086426735
0,-0.17557743,-0.14277442
1,0.28907573,-0.0059064776
1,0.05557956,0.03982789
1,-0.58861625,0.24074699
1,-0.2217915,-0.44982278
0,0.26729918,0.0032877773
0,-0.11382069,-0.04207532
0,-0.109033704,0.044855185
1,-0.04539595,-0.16992907
1,0.017235994,0.11397403
1,0.12958041,-0.03602457
1,0.3142393,-0.19212939
0,-0.11038177,-0.13032354
0,0.06042273,0.17836721
0,0.044828955,-0.03855379
1,-0.051139154,-0.27749103
1,0.2203275,0.2688123
1,-0.17926383,0.32677048
0,-0.20414296,0.18437687
1,-0.00017218292,-0.081321776
1,-0.4883492,0.29388422
0,-0.031922325,0.055439875
1,0.3843994,-0.09682183
1,-0.15101755,0.30430576
0,-0.106823,0.07637419
1,0.1319929,-0.41161644
0,0.10312727,-0.08689551
1,-0.047950353,-0.019091949
1,0.41782805,-0.0033180714
0,0.112161785,0.08694697
0,0.03531714,-0.115031645
0,-0.4208086,0.14398368
0,-0.0008919798,-0.025940925
0,0.2492441,0.054372914
0,0.12300578,0.19952047
0,-0.033931322,0.059707217
0,0.09632845,0.056261927
1,-0.08976057,0.022270441
1,0.26118767,-0.052085295
1,0.21182805,0.023886897
0,0.0795407,0.050546557
1,0.26067626,0.2203409
1,0.13266848,-0.19585596
1,-0.17200348,-0.31665975
0,0.16737956,-0.040318757
0,-0.07424238,0.2119905
0,-0.36863002,-0.28772527
1,0.11811526,-0.10531953
1,-0.2679944,-0.34991157
1,-0.0011360832,-0.28688633
1,-0.36985776,0.1580103
1,-0.04035628,-0.4140967
1,0.11417118,0.08320963
1,-0.08396279,-0.19739069
1,-0.025109202,-0.03961043
1,0.08278641,-0.00092050433
0,0.015298493,-0.19731508
1,0.22230309,-0.035714805
0,-0.0336364,-0.058669865
0,0.08912398,0.036135316
1,-0.22015034,-0.0239743
0,0.09442747,-0.05256374
1,0.18364298,0.5872694
0,-0.10504176,0.105348766
1,0.09182015,-0.09904082
0,0.11822946,-0.035240874
0,0.023940481,0.10884251
0,-0.05294621,0.13785675
1,-0.27544743,0.20618841
0,-0.20115021,-0.08511236
1,0.041421283,0.1899462
1,-0.13075016,-0.0027345866
0,0.092439294,-0.093829915
1,0.26208198,0.015562303
0,0.14565866,-0.09583016
1,0.15453121,-0.40250576
1,0.0656718,-0.2164693
0,0.10233484,0.1302192
0,-0.06103283,0.20181116
0,-0.034707576,-0.07221727
1,0.21138504,0.15748574
1,0.4229176,-0.029518455
1,-0.14352623,0.31572813
1,0.087583795,0.27378064
0,-0.2790589,-0.34799773
1,0.11218333,-0.21404527
0,-0.058972552,0.004526779
0,-0.032358058,0.054286703
0,-0.35226023,0.39875203
1,-0.11580464,0.057904117
0,0.07270613,0.10398356
0,-0.2243109,0.027187452
1,-0.07554759,-0.11855678
0,-0.07495405,0.08007791
1,0.169604,-0.032107636
0,-0.13529702,0.054815583
1,-0.35267502,0.059490085
0,-0.2960214,-0.1361606
0,-0.19318455,0.034179933
1,-0.14250457,0.14274298
1,0.119643405,-0.24278231
1,-0.12526032,-0.19318785
0,0.244412,0.12574916
0,0.07291038,-0.044519946
1,-0.09089173,-0.22518097
0,-0.06944618,0.19371052
1,0.22053778,-0.023052022
1,0.0009041652,0.09227624
1,-0.5316345,0.16510782
1,0.18828219,0.0738372
0,-0.367937,-0.14123572
0,-0.19903626,-0.06845561
0,-0.08135225,0.08009243
1,0.47842878,0.12439088
1,-0.06461503,-0.32299078
1,0.15611391,-0.09349379
1,-0.11031103,-0.052834064
0,0.005316641,0.13923068
0,0.02899323,0.025643542
1,-0.08625236,0.19899884
0,-0.079902545,-0.030018225
1,0.014992364,-0.1730177
0,0.020257067,-0.21191372
0,0.3276413,-0.11380912
0,0.042085197,0.057528272
0,0.07733223,0.005785227
0,-0.2055402,-0.0014855117
0,0.06940907,0.019074365
0,-0.36471477,0.11671399
0,-0.09390588,-0.13288318
0,0.14771304,0.08425074
0,-0.05499275,0.26122668
1,0.3154974,-0.449961
1,0.46222445,-0.10662496
0,-0.087032855,0.17144841
1,0.4508862,0.14114538
0,0.13956428,-0.04976915
1,-0.12522271,-0.54282326
1,0.20511894,0.20647283
0,0.29130822,-0.0414138
1,0.22898081,-0.16231047
1,-0.08847439,-0.2559477
1,0.02488862,-0.446059
0,-0.35889325,0.054232582
0,-0.006218631,0.06456037
0,-0.16456948,-0.01910691
0,0.21640426,-0.111509606
0,-0.24800017,-0.008987963
1,0.057574097,0.1072034
1,0.31311262,0.042538762
1,-0.18436608,-0.08321442
0,0.024900824,0.05729501
0,-0.32611364,0.007091522
1,-0.23116769,-0.20982923
0,-0.05514723,0.17192033
0,-0.000904005,0.04089071
0,0.07211825,-0.19404347
0,-0.14078575,-0.31213462
1,-0.03839189,0.54349995
0,-0.12491998,0.008424506
0,0.18547747,-0.02691406
1,-0.4113466,0.11040589
0,0.20445007,-0.04103461
1,0.14213023,-0.03587903
1,-0.10223572,-0.012311667
1,0.3276541,-0.066223025
1,-0.15688737,0.0073949397
0,0.12390569,-0.12475754
1,0.21100864,-0.34256405
1,0.01985227,-0.13982482
0,-0.263772,0.028777324
0,-0.15419891,-0.19785191
0,0.20840754,0.06683775
0,0.12649712,0.12387641
0,-0.012653809,-0.032841697
1,0.13021709,-0.28659844
1,-0.015599195,-0.35034847
0,0.14365262,0.08678853
1,-0.13448279,-0.034480125
0,-0.073507786,0.09919469
1,-0.0040746834,-0.24789669
0,0.21822697,-0.18041588
0,0.34053195,0.034891203
1,-0.23576738,-0.06893052
0,-0.16287555,-0.11333299
0,0.0056156702,0.17381942
1,-0.5339055,0.20633462
0,0.330073,-0.06590791
1,-0.029495787,-0.12777437
0,-0.16806714,0.023230113
1,-0.08798982,-0.08417638
1,-0.26586327,0.34800988
0,0.40884262,-0.14480455
1,-0.1341422,-0.19411401
1,0.6848242,0.21655293
0,-0.3405833,0.15409791
0,-0.14353529,-0.05676481
1,0.03179006,0.46684313
0,-0.07450043,-0.19306774
1,0.1629166,0.15633284
0,0.12010786,-0.081960335
0,0.120443866,-0.11353634
1,-0.17188112,0.025899887
0,0.13096787,-0.21979214
1,-0.14009844,0.02109237
1,-0.017539447,0.044721477
0,0.021632072,0.09616263
0,-0.08494564,0.03468763
0,-0.04984159,-0.20845045
0,0.07609664,-0.07479203
0,0.19287828,-0.19743596
1,-0.016403116,-0.490479
0,-0.009996025,0.15345843
0,0.12595978,-0.010135934
1,0.27149922,0.10764689
1,0.015073452,0.0064188093
1,-0.22535935,-0.038227186
1,0.34949493,0.108121246
0,-0.038287517,0.030773029
1,0.18343374,0.14160585
1,-0.2357769,-0.21908085
1,-0.16836083,-0.10936482
1,-0.18465775,0.1323033
0,0.1926741,0.09512865
1,-0.1706536,0.10120004
0,0.17428064,-0.16830103
1,0.049412627,0.07437152
0,0.08416036,0.24019821
0,-0.14394747,0.052386098
1,0.1383133,-0.015183568
0,-0.013696665,0.20862862
0,-0.018001191,0.10155613
1,0.057638813,0.2170468
0,-0.0762464,-0.053355068
1,0.17238268,-0.10462408
1,-0.19153002,0.35967225
0,0.18497692,0.1579979
0,-0.1418636,-0.04083939
0,-0.12613234,0.1934618
1,-0.23151264,-0.102379724
1,0.105692685,0.099322155
1,0.36436248,0.2673803
1,-0.049750425,-0.088410005
1,0.034981985,-0.14991231
1,-0.05389209,-0.075719446
0,0.034354735,0.10413039
0,-0.17658079,0.016135357
0,0.19618085,-0.098283455
1,0.07886189,0.07222672
0,-0.21290356,-0.13177489
0,-0.17965505,0.03259193
1,-0.03043262,-0.020210043
1,-0.36337006,-0.14010762
0,0.18979296,-0.008803397
1,0.060106535,0.28690958
1,0.12276332,-0.53585196
0,-0.051678926,0.099001355
0,0.17210785,-0.13323034
1,0.4506546,0.2457332
1,0.06572497,-0.24540205
0,-0.26224473,0.19156556
1,-0.02604383,0.06688053
0,0.3234783,0.092987485
1,-0.14827256,0.023763575
1,0.08656588,-0.38163984
0,0.089925975,0.019860439
1,0.10901961,0.20950857
1,0.0889789,-0.0054549724
1,0.02840035,-0.17464133
1,0.20270117,-0.07775317
1,0.043144476,-0.060514808
0,0.06175803,-0.041398153
0,-0.08583301,-0.19404955
0,0.021090347,-0.011929482
0,-0.048030972,0.049769893
1,-0.24354902,0.16035695
0,-0.06911534,0.09533934
0,0.21253243,-0.051163033
0,0.15600723,-0.03300646
0,-0.25245547,0.09109636
0,-0.09345549,0.22231069
1,-0.36658865,0.060205773
0,0.24414405,-0.090492964
0,-0.11912963,0.008777618
1,-0.17111573,-0.28180093
1,-0.03724221,-0.12420912
0,-0.045699116,-0.0033906251
1,-0.24391723,0.18779992
1,0.28776905,0.18565856
0,0.3723277,-0.08394985
0,0.0045014955,0.17976373
1,0.21665841,-0.065719634
0,0.02496789,0.064608395
1,-0.00030275807,0.02839528
1,-0.15766546,-0.35392588
0,-0.042052254,0.02035804
1,0.073672876,-0.17720623
1,0.013971735,0.15993744
1,-0.42480335,0.33399397
0,-0.38177532,-0.095914885
0,-0.03377796,0.15229008
1,-0.17685722,-0.27531576
1,0.01686383,-0.11166485
1,-0.07809619,0.654234
1,0.124025345,0.08255613
0,0.027234934,-0.10241066
0,0.22774148,0.06936397
1,-0.42508948,0.03714893
0,0.012742784,-0.026812464
1,0.12000908,-0.09732504
1,-0.19609636,-0.2665025
0,-9.666011e-05,0.046277106
1,-0.14491686,-0.11100529
0,0.1496718,0.06149845
1,-0.4362097,0.09508088
1,0.21128368,0.3501281
1,0.06878278,0.19334787
1,-0.44430625,0.30967098
0,0.10661377,-0.23659398
1,0.23433569,-0.29706985
1,-0.25134614,-0.090461895
1,0.3920146,-0.05114083
0,-0.22552887,0.16617104
1,-0.3164875,0.07527497
1,0.2653596,-0.054233596
1,-0.10711582,0.16594288
0,-0.12516412,-0.012940466
0,-0.3255244,-0.02019845
0,0.22616965,0.0903342
1,-0.26300845,0.025094584
1,0.18343756,0.09164602
1,0.2120904,0.3381254
1,-0.18188526,-0.086097404
1,0.14297095,-0.20249386
0,-0.2466779,-0.16905494
0,0.020083625,0.06564917
0,0.055009898,-0.047827825
1,0.02431399,0.12518872
1,0.11293548,-0.21881436
1,0.06295663,-0.007887706
0,0.12215918,0.078793794
1,-0.0906234,-0.4242484
1,-0.21487463,-0.14861347
0,-0.044832475,0.06534336
0,-0.106186315,-0.090981886
0,0.115608454,0.22717336
0,0.29725292,-0.014118522
0,0.10271709,0.12020278
0,0.025354795,0.16570166
0,-0.1141137,0.036397427
0,-0.038503468,-0.3551718
0,-0.21236718,0.12720232
1,0.42371684,-0.26055974
0,0.09865384,0.09060375
1,0.24859694,-0.6263659
0,0.0068112314,0.207389
0,-0.21030186,-0.23398094
0,0.047420595,0.13432346
0,-0.0006890632,-0.04415895
0,-0.1860829,-0.013617858
0,-0.09008226,0.07013363
1,-0.006260911,-0.029759914
1,-0.10490887,-0.032850444
0,0.13454515,-0.041834906
1,0.26549664,-0.43985748
1,0.4276418,0.1866297
1,-0.09336454,-0.046900302
0,-0.05429724,-0.06484629
1,0.201373,0.31508005
0,-0.26266488,0.0068945885
1,-0.0850407,-0.33041477
1,0.1378831,0.040626876
1,0.12271328,-0.20360072
0,-0.033435963,0.07132873
0,-0.15558888,0.03121379
1,-0.10339567,0.14886211
0,0.38414592,0.17398036
0,-0.18209612,0.08387987
1,0.06606197,0.23301634
0,-0.2801863,-0.20146854
0,0.110184446,0.12822868
1,0.07093185,-0.18491517
0,-0.13070415,-0.008473143
0,-0.15287733,0.08189928
0,-0.106328756,-0.17538248
1,0.2072663,0.16549835
1,0.051682223,-0.20997752
0,-0.005090013,0.03645833
0,-0.09935513,-0.050354347
1,0.15416603,0.06321262
0,-0.21769553,0.07594725
0,-0.044765595,0.22698468
1,0.06758186,-0.048577547
1,0.10984492,0.07883158
1,0.23191196,0.02223365
1,0.15311375,0.05375313
0,-0.24349467,0.017049357
0,-0.15380475,0.09910788
0,-0.026216764,0.113825195
0,0.17841303,-0.07720949
1,0.19818172,-0.15638696
1,0.25777957,0.014627218
0,0.2452417,-0.099123016
1,-0.4406013,0.10597493
1,0.11178905,0.12490687
0,0.15644595,0.00043863058
0,0.25685182,0.0587037
0,0.5379162,0.18370932
0,0.016396184,0.041881755
0,0.22704041,0.12934078
1,0.16028315,-0.1129698
0,0.12541705,-0.023256764
1,0.007308174,-0.12590413
0,0.13630521,0.02866286
1,0.033765156,-0.055567697
0,-0.06787187,0.019006819
1,0.05004185,0.019882254
0,-0.0610432,0.080556974
0,-0.44419622,-0.010776177
0,-0.08215119,0.11309165
0,-0.23095986,-0.06324126
0,0.28657264,0.18260986
1,0.10020459,-0.34643424
1,-0.14774597,-0.3948019
0,0.29390687,0.09104832
1,0.42507815,0.00907328
0,-0.029424451,-0.03667067
0,0.07281628,-0.10326378
0,0.012636397,-0.11549853
0,0.41048992,-0.0013841987
1,0.05134214,0.2181938
1,-0.04249597,0.019427463
1,-0.28043783,0.21991113
0,-0.24968883,0.08347863
1,0.14046006,0.21472882
0,-0.14279209,0.045140266
0,-0.07914905,0.19741729
0,0.051149514,0.06952833
0,0.009958766,0.034928873
1,-0.07399638,0.17993207
0,-0.23016903,-0.1889805
0,0.034224343,-0.17465623
1,-0.2271406,0.10671908
1,0.23106575,0.038513422
0,0.32680422,-0.050543085
1,0.115547046,-0.15483029
1,0.112689376,0.24458691
1,0.027761173,0.32060465
0,-0.12728825,0.105397336
0,0.29327482,-0.2267556
0,-0.112231255,-0.14734931
1,-0.07808067,0.16693757
0,0.07438873,-0.17576624
1,0.28270394,-0.30849808
1,0.08706272,-0.034029856
0,0.32215458,0.015330896
0,-0.24630716,-0.040588662
1,0.24154276,-0.040601328
0,0.3138258,-0.0029748827
1,-0.23639223,0.07638919
0,-0.15637606,-0.068709955
1,0.17277649,-0.14603238
0,-0.01292704,0.13442121
0,-0.17162359,0.17289227
1,0.1949985,0.10572867
0,0.27043337,-0.068469495
1,-0.012100872,-0.3221724
0,0.10041666,0.14538266
0,0.088259965,-0.14984985
1,-0.16640043,-0.003141284
0,0.3442347,-0.116444394
0,0.08617547,-0.0025072694
1,-0.03727711,-0.2008758
1,0.27250692,-0.27943295
1,0.058473896,0.15516335
1,0.041752208,-0.27259725
0,-0.0040491708,0.081070945
1,0.3641136,-0.09239571
1,0.2734635,-0.48607635
1,-0.174744,0.17711505
1,-0.3352564,-0.16139798
1,0.17860918,-0.4100895
1,-0.17603543,-0.20090197
0,-0.044292364,0.056089282
1,-0.19220269,0.121071234
1,-0.17540488,-0.06808819
0,-0.12366596,-0.15067406
1,0.3255477,-0.09817578
0,-0.30202812,-0.006199643
0,0.07263902,0.052624688
0,-0.016529014,0.032491818
1,0.32041112,0.5430345
0,0.06366289,-0.077635065
0,-0.119459406,0.028988019
1,-0.350143,0.034487896
0,-0.19418654,0.021517172
0,0.17907885,-0.04002215
1,-0.25632578,-0.2910509
0,-0.004274875,0.048541345
0,0.114001095,-0.053244278
1,0.2657283,-0.42056906
1,-0.25048956,0.20112514
0,-0.10909811,-0.017519042
1,0.08751121,-0.07237512
0,-0.094189696,-0.07519768
1,-0.2810538,0.12542233
0,0.06376082,0.031507984
1,-0.0014587902,-0.43725157
0,0.047625955,-0.10128938
1,0.08760071,-0.0007124096
1,-0.33250198,-0.023831382
1,0.12509368,0.123416945
1,0.18060979,0.64325833
0,0.010938775,0.10572506
0,0.4894737,0.024585538
1,0.15114754,0.39933926
0,-0.37442732,-0.18088986
1,0.34481943,0.1886172
0,-0.010137584,0.0778144
0,-0.110108554,0.15962863
1,-0.009381887,0.053431734
0,0.090536684,0.08105588
1,0.22191674,-0.07984017
0,-0.047748815,0.023966044
1,-0.09297768,-0.074214086
0,-0.16057345,0.07678147
1,0.39585608,-0.08414389
0,0.057417233,0.045480467
0,0.2964602,-0.13469963
1,0.20055142,-0.02190061
0,-0.47511184,-0.058990628
1,0.29846644,0.20492382
0,-0.10257028,0.10502526
0,0.14876299,0.053789414
0,-0.41448238,0.08682905
0,0.028364662,0.016536087
1,-0.0062379874,-0.07562311
1,0.17473319,0.38187283
1,0.3371311,0.17486437
0,0.3224641,-0.0638466
1,-0.07695125,-0.2150606
1,-0.23697467,0.18947151
1,0.37452444,-0.21713094
1,0.4675907,-0.1420408
1,-0.22116229,-0.20472206
1,0.1156688,-0.43903387
1,0.3072826,0.025216103
0,-0.02991,0.20023073
0,0.15574613,0.07360927
0,0.101902604,0.051253594
1,-0.23825343,0.4427585
1,-0.10261656,-0.2915269
1,0.17092247,0.37638834
0,0.061633814,0.03130944
0,-0.051584978,0.04580865
1,-0.13393766,-0.08352885
0,0.2484144,-0.039539084
0,-0.121269286,-0.1896214
0,0.07202028,-0.55308354
1,-0.05051042,-0.45574915
1,-0.35328647,0.32858223
1,0.2215243,-0.21236868
1,0.22698918,0.051271856
1,0.0359842,0.1399558
1,-0.09851655,-0.12414606
0,0.27507412,0.14391656
1,0.086292505,-0.23080184
0,0.032530952,-0.13005488
0,-0.052977882,0.012932971
1,0.36935622,-0.010290787
0,-0.28988692,-0.20493545
0,-0.2488325,-0.16903765
1,-0.2738998,-0.07845707
0,-0.32847553,-0.0764077
1,-0.07137903,-0.024642989
1,-0.008639209,0.21838665
1,0.035907675,0.15100242
0,-0.2266573,0.17181489
0,0.18589741,0.041121803
0,-0.044630047,0.016941026
0,-0.057640035,-0.12654187
1,-0.26507697,-0.15200819
1,-0.41150188,-0.3293743
0,0.0155552365,-0.18751453
1,0.36885196,0.07817949
0,0.110189006,-0.04684548
1,0.26398674,-0.044803426
0,0.005219344,0.046550147
1,-0.30799705,0.031828903
1,0.30697453,-0.046024546
0,0.077961266,0.041377634
0,0.07686032,0.048833244
0,0.20078953,0.011855379
0,-0.2768559,-0.36385846
0,0.16841298,0.06829307
0,-0.30068856,0.08329387
0,0.2000733,-0.1750596
1,-0.6914988,0.17931879
0,-0.059151564,0.07043126
0,0.044514332,0.10165149
1,-0.074466914,0.17337723
0,-0.14487736,-0.015959248
1,-0.050332114,0.19308525
1,0.0021640174,0.16676538
0,-0.19394308,-0.03261091
1,-0.114007756,0.1305835
0,-0.048553877,0.12116409
1,-0.18355556,0.12838663
1,-0.09771566,-0.10593632
1,0.23653138,-0.20337965
1,-0.19941124,-0.2661894
1,0.093891084,0.21604748
0,0.1030671,0.06768733
1,-0.43275213,0.13593009
0,0.01556943,0.069662355
1,-0.07847328,-0.14043094
0,-0.1464909,0.107614234
1,-0.015376352,0.02409833
0,0.22448522,-0.07871649
0,-0.04806382,0.03584358
1,0.15901674,-0.33969992
1,0.07936497,-0.0367191
1,-0.0449531,0.21488616
0,-0.17492175,-0.0684879
1,0.16582823,-0.44009167
1,0.041770343,-0.20638885
0,0.01695947,0.07784195
0,-0.14253691,-0.094753966
0,-0.020500388,0.074496314
0,-0.07985747,0.06185866
1,0.19441539,0.12610023
0,-0.090005785,-0.16983713
0,0.17370057,0.016682044
1,-0.04265534,0.43587047
1,-0.46986967,0.2972956
0,-0.30381846,0.10443972
0,-0.09457513,0.067931846
1,-0.00038188323,0.25158277
1,-0.16429716,-0.1274802
1,0.21745294,-0.067552045
0,0.17580211,0.020344473
1,0.07630363,-0.11663593
0,0.02035414,0.0025389344
0,0.31941456,-0.16087379
1,-0.029288866,0.24926965
1,0.09277098,-0.56805074
1,0.3075407,0.023180865
1,0.17494598,0.20733842
1,0.14634126,-0.45328617
0,-0.14778112,-0.02023305
0,-0.37946463,-0.0646674
0,-0.0922301,-0.05266519
1,0.13385756,0.5073175
0,0.08730465,0.09228642
0,-0.22196697,0.12201109
1,0.46269208,-0.070650384
0,-0.096386045,-0.024999514
0,0.17467989,-0.058473274
1,0.51806694,0.08949463
0,0.11032447,0.09228938
1,-0.0018290244,-0.22702642
0,-0.08354273,-0.21508892
1,0.18565758,0.26809758
0,0.048433322,-0.014263794
1,-0.31823075,-0.3832873
0,0.07389696,0.029547334
1,0.30497968,0.17759277
1,-0.035783615,0.31684297
0,-0.2146526,0.05523286
1,0.0050184987,-0.42284817
0,-0.2010441,-0.089290455
1,-0.13038518,0.2694661
1,0.22455937,0.115633026
0,-0.20260786,-0.044699714
1,-0.026184356,-0.044762835
0,-0.21034102,0.15326242
0,0.20034221,0.053789876
0,0.05633011,-0.37385994
0,-0.1325619,-0.1290857
0,0.04087821,-0.06982644
1,-0.2130909,0.0824871
1,0.4824202,0.07792194
1,0.12741634,0.3728317
1,-0.10912165,-0.11961384
1,-0.26298115,-0.1742614
0,0.1999507,0.08974077
1,-0.44285336,-0.0033649206
0,-0.1274957,-0.009953618
0,0.08981992,0.045483224
1,0.12821172,0.2582053
1,-0.3625371,-0.0069393367
1,-0.08091763,0.43244082
1,-0.13357565,-0.42717695
0,-0.07375631,0.008062065
1,0.052499596,0.03175339
1,-0.055644266,-0.29239732
1,0.27183294,-0.040581837
1,-0.21942261,-0.008542627
1,0.07460743,-0.06571008
1,0.024044763,-0.07086302
0,-0.02250588,0.12619637
1,0.046355326,0.040583998
1,0.04173324,-0.2955321
1,0.35637847,-0.38644135
1,0.1921353,0.5051112
1,-0.13012843,0.34407288
0,0.13666366,0.1330051
1,-0.1699465,-0.104025275
0,-0.17753011,0.07564293
0,0.07380688,-0.13419305
0,0.30397332,-0.06312494
0,-0.06736268,0.10132091
0,0.124726176,-0.054568306
0,0.09242241,-0.02263239
0,0.29661137,-0.115589276
1,0.10750727,0.105582595
0,0.114944905,0.07473247
1,0.053016927,-0.008897483
0,0.42058837,0.14429396
0,-0.034182817,0.09636141
1,0.15206078,0.13146047
0,-0.14799772,0.0751848
0,-0.043211006,-0.124656275
1,0.1961011,0.11549319
0,0.012208886,-0.10476102
0,-0.43145418,0.13807179
0,0.100269616,-0.08467573
0,-0.21735302,-0.03714718
0,-0.13211328,0.07190855
1,-0.30836612,0.14701517
1,0.19349726,-0.18067284
1,0.26556164,0.25172237
0,0.26200953,0.040479936
1,-0.086257726,0.18669297
1,-0.14704907,0.021221496
1,0.33521038,-0.5025245
0,-0.062694065,-0.38037598
1,0.03803705,-0.3569215
1,0.09629385,-0.21557291
0,-0.1499304,0.029365167
0,-0.068077475,-0.19433822
1,0.082028806,-0.09293988
0,0.19237937,0.09079549
0,-0.2615055,-0.10841541
0,-0.009622611,-0.018398598
0,0.16407236,-0.110566735
1,-0.00888706,-0.013409719
1,-0.26663497,0.10959947
0,-0.07693598,0.06362533
1,0.053715136,-0.2602939
0,0.10697132,-0.03596665
0,0.19614251,-0.12021761
1,0.16931,0.19966722
0,0.18211383,-0.17505275
0,0.30362833,-0.16266097
0,0.04817644,0.06663284
0,-0.02121095,0.16341974
1,0.37820148,-0.2059441
0,-0.15418135,0.021765485
0,-0.054978505,-0.10812861
1,0.07715106,0.12170231
0,0.042616952,0.1491895
0,0.057986137,0.039620146
1,-0.18132856,0.044078313
1,-0.09911595,-0.23167528
1,-0.23051512,-0.07248834
1,0.14972723,-0.5630131
1,0.0097536035,-0.33804333
1,-0.1721276,0.32759982
1,-0.24686918,-0.0013436228
0,0.13732722,-0.03692168
1,-0.034007363,0.052869365
1,0.11891772,-0.27377617
1,0.07474458,0.21638861
0,-0.16083865,0.010351434
1,-0.13574788,0.021985158
1,-0.12270917,0.13094555
0,0.04695,-0.24472566
1,0.26224086,-0.090935394
0,0.36477014,-0.06785838
0,-0.11773649,-0.18442304
0,-0.010862581,-0.0039248466
0,0.23317271,0.09341145
0,-0.0937257,0.29165158
1,-0.44278514,0.24760331
1,0.28372717,-0.04733424
1,-0.100986734,-0.22598143
0,-0.24362956,-0.10288204
0,-0.11622046,-0.12534712
1,-0.29766384,-0.052796125
1,0.29313627,-0.09519498
1,0.32843035,0.17099981
0,0.37943274,0.0009340048
0,0.04901452,-0.014380023
0,-0.20307562,0.070095845
1,-0.12646541,-0.06404203
0,-0.10240984,0.033302978
1,-0.020114128,0.13416836
1,0.20193923,0.1405196
0,-0.31788355,-0.028203502
0,-0.13482037,-0.17826338
0,-0.2516461,-0.06160842
0,0.36625412,0.040200636
1,0.35529998,0.14626896
0,-0.1317045,0.08217991
1,0.10388696,0.08177812
1,0.35288137,-0.102265894
0,-0.06625096,-0.055784598
0,-0.06486757,-0.16678633
1,0.28099,-0.07203634
1,0.0953061,-0.109824374
1,0.09353405,-0.06925942
0,0.2992257,0.0061564744
1,0.016012844,0.057203576
1,0.104890764,0.05651003
1,-0.066279374,-0.4132951
1,0.22994211,-0.055737734
1,-0.0047646016,-0.471357
1,0.005023334,0.65868306
1,-0.07583557,-0.21135642
0,0.047346774,0.12983802
1,-0.05450234,0.5868664
0,-0.21212527,0.1428069
1,-0.062294558,0.101222396
0,0.2037376,-0.0020977706
1,-0.329067,0.14579561
0,-0.16894971,0.0021665692
0,0.055334825,0.047525033
0,0.15341476,0.0046411306
0,-0.076712355,-0.05772625
1,-0.0473898,-0.11738931
1,0.23386818,0.08874256
0,-0.07182492,-0.09779583
1,0.06125586,0.09865368
1,-0.21910778,-0.24581458
0,-0.17421341,0.09172307
0,0.11718178,0.079183936
1,0.20730379,-0.20721103
0,0.028383356,-0.06475142
0,0.05374257,-0.056578577
1,-0.34380096,-0.38910657
1,0.05348931,0.1360013
1,-0.09032607,-0.48192573
0,-0.16013405,0.104309484
1,-0.15736224,-0.16406958
0,-0.208042,-0.010456547
0,0.15878782,0.08464342
1,-0.25210756,-0.04902999
0,0.08511813,0.048188336
0,-0.11578055,0.033076957
0,0.079613686,0.15412489
1,-0.26823863,-0.34936297
1,0.31399632,-0.21511512
0,0.015858103,0.079208694
0,-0.18411338,0.11146121
1,-0.19038492,-0.34273648
0,0.085426435,-0.26444298
0,0.20502958,0.057269357
0,-0.0026853047,-0.100201175
1,-0.23575503,-0.13143308
0,0.10368675,0.0141081065
1,-0.2839759,0.0582653
0,0.04157382,-0.21446575
0,-0.02892429,-0.06324084
0,0.26002312,-0.36518764
1,0.08694589,-0.31072575
0,0.14619115,0.089346975
0,0.15347189,0.011220895
0,0.3089191,0.15834963
0,-0.19508612,0.10601607
1,-0.3325782,-0.17449959
0,-0.0656883,-0.0092372
1,0.30965623,0.19491354
1,0.0170075,0.109551296
0,0.02070072,0.010033734
0,-0.081652686,-0.20575093
1,0.16363037,-0.23197164
0,0.051116552,-0.038957402
0,-0.020973777,0.06642714
1,0.033966396,-0.14845268
0,0.46500835,0.09051025
0,0.026897538,-0.018580452
0,0.15187058,0.0098633915
1,-0.29279873,-0.05350752
0,-0.16706914,-0.1706809
1,-0.1183352,-0.36271006
0,-0.030509535,-0.00731951
1,0.24981341,0.07295504
1,0.0049046613,-0.13188039
1,0.16981396,0.016008615
0,0.21144232,-0.09992632
1,0.12219396,0.18314421
0,-0.09898867,-0.009457514
1,-0.0477215,0.243003
1,-0.38582164,0.18545821
1,-0.4437785,0.09528382
1,0.036723454,0.22683957
0,0.13337949,0.18957776
0,-0.06363092,-0.13112713
0,-0.13570648,0.035845295
0,0.122203946,0.084496036
0,0.16341265,0.08160064
0,-0.1272824,-0.1092474
1,-0.06479762,-0.011987537
1,0.050870802,-0.092099056
1,-0.057128303,-0.2999364
1,0.088265,-0.06410673
0,0.25308686,-0.0043991357
1,0.31534293,0.034667134
0,0.03791884,-0.13450064
1,0.05262204,0.13093516
0,0.18362433,0.00030237436
0,-0.06614492,0.14976062
0,-0.12580186,0.18426955
1,0.03873476,0.20063296
0,-0.1442146,-0.1927907
1,-0.42776895,0.54075515
0,-0.18417835,-0.3071587
1,0.08792092,0.27491012
1,0.16046321,-0.4069295
1,0.04424711,0.07156161
0,-0.25864172,0.119266346
1,-0.5684706,-0.04627119
1,0.11428538,0.24794239
1,-0.05890705,-0.0041358024
1,0.38883424,0.0021302104
1,0.24694654,-0.06797592
0,-0.026428943,-0.04986234
0,-0.14981416,0.0037014931
1,-0.4953903,0.12697816
1,0.04464442,-0.072888404
0,-0.052376475,-0.027301982
1,0.05009949,-0.06104015
0,-0.011938807,-0.3932287
0,0.05392607,-0.2909196
1,0.14275828,0.051162943
0,0.21124804,0.12332316
0,-0.17438342,0.061594367
0,0.34903812,0.008004218
1,-0.385612,-0.13712774
0,0.14665386,0.11799687
1,0.21724647,0.14265321
1,-0.18813068,0.26695538
0,0.27472252,0.01551488
1,0.014258157,-0.078663185
1,0.3190201,0.4243986
0,-0.11848542,-0.021247104
1,-0.35584635,0.4768532
0,0.33181065,-0.01155813
1,0.07041614,0.4585991
0,0.30677432,0.14482966
0,0.096719146,0.028842881
0,0.07343988,-0.065360054
1,-0.22202785,-0.17756136
1,-0.16061899,-0.45724428
1,-0.016733028,-0.38179225
1,0.05801696,-0.16126074
1,-0.2640712,-0.027970776
0,-0.09348017,0.11380622
1,0.11484353,0.04201743
1,-0.21889074,0.21468003
0,-0.001289811,0.032169387
0,-0.04693756,-0.07612419
0,-0.24485737,0.110003084
0,0.13432226,-0.11356221
1,0.35503238,0.38504714
0,-0.2510495,0.056589827
0,-0.115915745,-0.12599726
0,-0.040779892,0.156436
0,0.13505337,0.05360931
1,-0.23026025,0.11969198
1,0.11630526,0.22836316
0,-0.21180627,-0.013601407
0,-0.1633352,0.09543516
1,0.69949454,0.47069484
1,0.102250576,-0.053627923
0,-0.10353777,0.14751619
0,0.0057649016,-0.008767948
1,0.0043520294,0.05063066
0,0.27870947,-0.043523416
0,0.001476612,0.12974465
1,-0.15835366,-0.11509924
0,0.09392242,-0.026363865
1,-0.37906104,-0.03838195
0,-0.32350692,0.06845483
1,-0.026955973,-0.3728882
0,-0.25822917,0.06962493
1,-0.23624769,0.05613617
1,0.20391047,-0.12863488
0,-0.011220794,0.02049321
0,0.061725978,0.083636075
0,0.12620044,0.011340141
1,-0.24812096,-0.25618315
1,0.063338235,0.30550575
0,0.17066537,-0.60270774
1,-0.11632751,-0.22355963
1,-0.08823165,-0.37941837
0,-0.043374974,-0.041867748
1,-0.04066565,-0.32588375
0,0.18954651,0.0727887
1,0.1457794,0.07191327
1,0.27425116,-0.16317286
0,0.2790608,0.01648289
0,0.41425845,-0.054843247
1,-0.067588225,-0.22280033
0,0.13784957,0.037858218
0,0.24832296,0.038164377
1,-0.043047465,-0.3330568
0,0.25508952,-0.1596192
0,0.18278736,0.057509184
0,0.057599988,0.04936
1,0.030344065,-0.036244944
0,-0.12179515,0.002756223
0,-0.021243997,-0.015235484
1,0.24414802,-0.14105584
0,0.022533145,0.18424448
1,-0.15694147,0.09015079
1,0.3099735,0.0009635091
1,0.035552148,0.22177646
1,0.11374217,-0.13148047
1,-0.044040762,-0.21000268
0,-0.16215101,0.12616612
0,-0.26945713,-0.29312354
1,-0.091560125,0.37576059
1,-0.14499356,0.54855233
1,-0.16927168,-0.013087824
0,-0.08858985,0.017831117
0,0.2578112,-0.05707018
0,0.24400687,-0.022146836
1,-0.04864203,0.13204037
1,-0.019136107,0.1436859
0,0.17941359,-0.017375574
0,-0.10746193,-0.016811028
0,0.1157268,0.14856842
0,0.18955758,0.033158585
0,-0.19360362,-0.1171557
0,-0.26479396,0.07333661
0,-0.15255818,-0.10052575
0,0.24530709,0.089624316
1,-0.38224953,-0.059289515
0,-0.5113849,-0.064297065
1,0.15365575,0.07377862
0,0.40629965,0.07007119
1,-0.40581805,-0.4668374
0,-0.051811002,0.013939746
1,-0.117636845,0.008871034
0,0.27670115,-0.12059559
1,0.19629738,0.0936767
1,0.09768772,-0.3990221
1,-0.16243306,0.047628097
1,0.30267978,-0.43746692
1,-0.31710953,0.17355338
1,-0.14020939,0.42044002
1,-0.09027316,-0.1993516
1,0.07588391,-0.36060935
0,0.010441966,0.060940675
0,0.034505483,0.12591195
0,-0.030814841,0.045919448
0,0.08912869,0.10148785
0,0.036649834,-0.09548701
0,-0.06518966,0.08061132
1,0.07704519,0.24095193
1,0.009646736,0.45240664
0,0.06118721,0.020460814
1,-0.10495627,-0.041854188
1,0.22612983,-0.1914304
0,0.12765248,-0.08311565
0,0.20005757,-0.19244276
1,-0.038705662,0.07707456
0,-0.224627,-0.016472086
0,0.0018871725,0.0050180703
1,0.27077794,0.27411062
0,-0.1710842,0.009370908
1,0.21182257,-0.06213209
1,0.14591879,-0.037611455
0,-0.5074379,0.11001955
1,0.16060206,0.16360228
1,0.25842154,-0.2796213
1,-0.0649532,-0.24102171
1,0.22895041,-0.19400783
0,0.09450741,0.026757963
1,0.32378918,-0.056476086
0,0.046943758,-0.0282294
0,0.1079755,0.15483549
0,0.2997589,-0.022832796
0,0.12335563,-0.10376233
1,-0.065745726,0.13870563
0,-0.21202448,-0.015631497
0,0.046698857,0.1769167
1,-0.199178,-0.07830535
1,0.020546243,0.05299475
1,-0.3227605,-0.07970767
1,0.08809918,-0.12799932
0,-0.34693062,0.22451222
1,0.31302798,0.29295385
1,0.14643976,0.34466237
0,0.00046641007,0.147682
1,-0.19038764,-0.17523782
1,0.025565881,-0.033461466
1,0.24342453,-0.06124723
0,-0.12928495,-0.0020246208
1,0.21081121,0.010137543
0,0.03900243,0.04533127
1,-0.12846895,-0.054129913
0,-0.08971303,-0.08248781
0,0.14859466,-0.07471986
1,-0.14290686,-0.5578778
1,-0.13178553,-0.35359102
1,-0.15039684,0.079381734
1,-0.024275204,-0.054156825
1,0.20926225,0.04681237
0,0.19948445,0.24449569
0,0.010012545,0.09133085
0,-0.28979164,-0.011117712
0,0.3544563,0.025229894
1,0.1959739,0.20201956
0,-0.38480306,0.13269243
1,0.037127975,-0.21943904
0,0.16225976,0.0051343143
1,0.1057259,-0.12874614
0,-0.057873506,0.045624062
0,-0.17489535,-0.19216494
1,-0.09808265,0.1488279
0,-0.14185429,-0.12321292
1,-0.2607567,0.25711805
0,0.09214261,-0.038623497
1,-0.04356537,-0.15263875
0,-0.5467649,-0.061519995
1,0.12985039,-0.028911918
1,-0.10180925,0.29710066
1,0.17658004,-0.047795042
0,-0.35304686,-0.15448643
1,0.399221,-0.041020676
1,0.47947705,-0.12483369
0,0.2949652,-0.047634304
1,0.20762128,0.13710885
1,0.17857972,0.3362655
1,-0.014666587,0.08505713
1,0.40696883,-0.022494435
0,0.110722676,0.08084597
0,0.17087756,-0.054464266
1,-0.04469761,-0.1101601
1,0.14397237,-0.29585075
0,-0.30000713,-0.0030798167
1,-0.0840723,0.15856078
0,-0.021594834,-0.14927135
0,-0.1723592,0.0795219
1,-0.05825363,0.16881323
1,0.30955794,-0.13886158
0,-0.19218694,-0.06866129
0,0.021841552,-0.07680088
1,-0.16137151,0.23905665
1,0.107963085,0.054238223
0,-0.03368951,-0.14053662
0,-0.22902718,0.14242633
1,0.41754878,0.009663284
0,0.22027653,0.069688745
1,-0.36168426,-0.28620934
1,-0.018071147,0.12515609
1,-0.19221266,0.3807494
0,0.37123543,0.059378542
1,-0.19462255,0.02042412
0,-0.11128433,-0.057747558
0,-0.08691643,-0.018507764
1,0.15397353,-0.2338932
0,-0.016259862,0.1313112
1,0.1767629,0.015412971
0,-0.22122812,0.041687533
0,0.189785,-0.04153943
0,-0.12558389,-0.003273651
0,-0.004779771,0.23895127
1,-0.13546687,-0.14803027
1,-0.110063806,-0.47504193
1,-0.30199343,-0.17596059
0,0.16671169,0.017001465
1,0.1697016,0.3154707
1,-0.27161103,-0.34364963
1,0.13505957,-0.12634222
1,-0.23599929,-0.051230222
1,0.16330566,-0.36696684
1,0.06820357,0.06904099
1,0.112314805,-0.15385063
1,0.002331335,-0.028656512
0,0.14931425,-0.004656896
1,0.110293865,-0.040491745
1,0.3030454,0.32661933
0,-0.24435553,-0.25513136
0,0.013898756,0.1417829
1,0.20037286,-0.42030615
1,0.3830176,-0.046457514
0,0.03561316,-0.048330143
1,0.09938237,0.0123684555
1,-0.03086495,-0.19548424
0,-0.2624015,-0.3154074
0,-0.2463468,0.02464129
1,0.003959935,-0.22418283
1,0.0039121658,-0.2212484
1,0.081422925,-0.18586342
0,-0.10189864,-0.0031898916
1,0.05183955,0.36898226
0,0.15924963,0.075670466
1,-0.06197879,-0.07681486
0,-0.07516255,0.026273832
0,-0.20748307,0.07749104
1,0.04763115,0.1765925
1,0.4678371,-0.37537408
0,0.32362536,-0.11719619
0,0.10992503,-0.114787
0,0.055169377,-0.05321096
0,-0.040102873,0.031508125
0,0.18623443,-0.031230912
0,0.26326457,0.13392116
0,0.42006993,-0.065777004
1,0.111554414,-0.41753602
1,-0.094663575,-0.09704371
0,-0.17061748,0.07186705
0,-0.13909116,-0.16761307
1,-0.035719577,-0.14068641
1,-0.4715457,-0.07397026
1,-0.090335965,-0.17018653
0,0.38256416,0.07307854
1,-0.33601952,0.041241914
0,-0.19969815,0.012078434
1,0.20142159,-0.22986273
0,0.1268743,0.12240794
1,0.18742679,-0.25906163
1,0.14991045,0.16676761
0,0.5612428,0.13521214
0,-0.2583267,-0.0016548187
1,-0.31233716,0.060901903
1,0.11613016,-0.019792512
0,-0.43481198,0.016568497
0,-0.002957955,-0.35527605
1,-0.008841097,-0.04723303
1,-0.08085264,0.017488606
1,-0.27498534,0.20714787
1,-0.02483572,0.092290625
1,-0.30465844,-0.02621542
0,-0.12426713,-0.028554142
1,-0.22492838,-0.2702911
0,0.107150406,-0.11747448
0,-0.31860617,-0.17393841
1,0.21420908,-0.0008969754
1,0.10550465,0.2378951
1,-0.14791065,-0.2604372
1,-0.009881768,-0.23154838
1,0.27241158,-0.23637201
1,-0.2400101,-0.120721325
1,0.10780819,-0.32130426
1,0.37823567,0.42440754
1,0.1458542,-0.18083031
0,0.24823418,-0.13993384
0,-0.123762965,0.06880585
1,0.0031691045,-0.0038463026
0,-0.101269394,-0.063225135
1,0.09091836,0.17587928
0,0.20337823,-0.03644441
1,0.44668096,-0.0003579259
0,0.19117145,0.13368936
0,-0.10453498,-0.19484638
1,-0.014198219,0.1579388
1,-0.4477227,0.19533542
0,0.2527728,0.11131612
0,0.13313983,0.053362846
1,0.013892483,-0.39844537
0,-0.20829111,0.12568629
1,0.029666226,-0.12618504
1,0.19440657,-0.10201633
1,0.20288566,-0.40635717
1,-0.37785393,-0.03866574
1,-0.13147046,0.07152173
0,0.11794758,0.12742111
0,0.07619299,-0.051860124
1,0.12575588,0.15925233
1,0.17056578,-0.12409787
0,0.058383424,-0.0491437
1,-0.19395296,-0.29881895
1,-0.09511147,-0.05093415
0,-0.043466166,-0.23796515
0,0.0038077794,0.14345726
0,0.28299755,0.07446817
1,-0.17369111,0.020746067
0,-0.056623682,0.11064511
1,0.13203526,-0.120214984
1,0.047382038,-0.066363975
1,0.11085321,-0.17754473
1,0.097945035,0.19127841
0,0.06641753,-0.16052665
1,-0.2832527,-0.61635363
0,0.12002909,-0.018706396
1,0.2707913,0.10965564
0,-0.20384115,0.2888655
1,0.108223766,0.19501154
0,0.1279296,0.060152173
0,-0.12136473,-0.027567938
1,0.15822983,-0.024784774
0,0.07797988,-0.19518279
0,0.0959744,0.015173949
0,0.15257265,-0.09506783
0,0.2295456,-0.09876107
0,0.022570234,0.1399831
1,0.19264987,-0.15241672
1,0.26044416,0.38508922
0,-0.27951083,-0.0843592
1,-0.044182256,0.4877519
0,0.20357616,0.0357538
1,0.20767924,-0.6118187
0,-0.007988015,-0.052019283
1,0.074296966,-0.008121476
1,-0.40453935,-0.23609097
1,-0.22963686,-0.0771769
1,0.07671143,-0.22988553
0,-0.20260796,-0.04776849
1,0.22812805,0.07402511
0,-0.38140315,0.10920587
0,0.13195865,-0.17425092
0,0.11233683,-0.06693916
0,-0.121904746,0.06012915
0,0.36796555,-0.056911826
0,-0.107986405,0.07154269
0,-0.051287584,0.033080496
0,-0.15221466,0.03137117
0,-0.14048919,-0.035210654
1,0.09200227,-0.24677716
1,0.17786872,0.15126756
1,0.03898165,0.15901381
0,-0.20739809,-0.11716938
1,-0.14600167,-0.22157659
1,0.21650717,0.2687939
0,0.19830176,0.12487975
1,-0.118245676,-0.14203443
1,-0.09882471,0.3193066
1,-0.121372655,0.29020578
0,-0.38093582,-0.10422225
0,-0.15800826,0.022103816
1,-0.3509158,-0.0007546991
1,-0.3764204,0.19329487
0,0.01960843,0.02318561
1,0.15342472,-0.12689896
1,-0.35441345,0.17673557
1,-0.13612168,0.047357365
0,-0.05330176,0.03245367
1,0.14602935,-0.056441024
1,-0.13394988,-0.450947
1,-0.23483315,0.045822755
1,0.0062507577,-0.14129253
1,-0.19477111,-0.37652534
1,0.070133075,-0.20552744
0,0.12659104,0.038069353
0,0.112627625,0.0061724037
1,-0.20607933,0.16957682
0,-0.026418567,-0.039960787
0,0.016929198,0.015219659
0,0.1127526,0.18789399
1,0.023756143,0.20725724
0,-0.43113214,-0.12381424
1,0.026940186,-0.24282809
1,0.3576259,-0.38211167
1,0.07688005,0.08989159
1,-0.18220933,0.021539748
1,-0.10047549,-0.07952286
1,-0.038920414,0.1535312
0,0.39728117,-0.10718708
0,-0.12011616,-0.0037997365
1,-0.18598816,-0.28214556
0,0.18912973,-0.014948398
1,-0.16787969,0.08274578
1,-0.054421324,-0.47146535
0,0.2703305,0.039023504
1,0.079339966,-0.01229237
1,-0.18934114,0.3865643
1,-0.2515133,-0.45704854
0,-0.1634556,0.037623256
1,-0.11992405,0.29073036
1,0.06449354,0.17915046
0,-0.14865951,-0.111269206
0,-0.092338964,-0.032436624
0,-0.028186938,0.10856371
1,-0.22102183,-0.0970792
1,0.14718291,0.15971917
0,0.05180868,0.18849754
0,-0.27376264,-0.13785066
0,0.23141164,0.08236927
0,0.021070119,0.04083611
1,-0.2869153,0.048185334
1,0.11356932,-0.2913099
0,0.12362267,0.009281382
1,-0.34575915,-0.1762291
0,-0.1394738,-0.10428698
1,0.61529696,0.11906588
0,-0.07577834,-0.051667064
1,-0.09438717,0.077148
1,0.20354725,-0.4277892
0,-0.1486165,-0.10286282
0,-0.17908815,-0.1855243
1,0.1588881,0.3522203
1,-0.012485117,-0.2679634
0,-0.0004228726,-0.0328546
0,-0.002934821,-0.123881444
1,0.05424178,-0.1364822
0,-0.25542474,0.05484116
0,-0.08253044,0.13108768
0,0.14529991,0.059781432
0,-0.15118165,-0.08797844
1,0.04224472,0.094193056
1,0.2461566,-0.037293687
0,-0.22831596,0.08232351
0,0.34836197,-0.08138342
0,0.08653511,0.07848946
1,0.10345855,0.27317825
1,-0.30025974,-0.051887035
0,0.035099197,0.16037337
0,0.19063704,0.04054059
0,-0.1230963,-0.053516254
1,0.17998073,-0.016936317
0,-0.030086637,0.13359956
0,-0.020078598,0.14099899
1,-0.602935,0.15148407
1,-0.35086733,-0.22506265
0,0.06551817,0.14773631
1,0.05268548,0.11302858
1,-0.166311,0.5166163
1,0.44965225,0.23190537
1,0.16345605,-0.16658102
0,0.13628219,0.1875265
1,-0.055802125,-0.29617196
0,-0.15796958,0.1757209
0,0.06144802,0.10361247
1,0.11662261,0.037980333
0,-0.088930465,0.07243358
1,0.1275925,-0.20039226
1,-0.1535109,0.30634034
1,0.2608291,-0.03947082
0,0.11463797,0.19007337
1,0.023441479,-0.3987577
0,-0.10735308,-0.05812581
1,0.024468832,0.14713195
0,-0.021030417,0.020864457
1,-0.028595435,-0.20742275
0,0.42297852,0.16888022
1,0.25818133,0.24923623
0,0.14433296,0.0036495477
0,0.1958498,0.05708813
0,-0.25867513,0.09758059
0,0.20926997,0.0681416
1,0.23691219,-0.21542709
1,-0.2858918,-0.22415663
0,0.08867405,0.14419754
0,-0.028389102,0.01619222
1,0.443138,0.03792718
0,-0.14612536,0.008384556
0,0.14232948,-0.19808127
0,0.047488037,0.10206331
1,0.11768225,-0.16831322
0,0.34954822,0.091599956
0,0.14575985,0.081115216
1,-0.1059614,0.19266915
1,0.023226846,-0.26623034
1,0.29226106,0.20551941
1,0.11408919,-0.21510549
0,-0.042069823,-0.15086354
1,0.35833392,0.12083517
1,0.04459629,-0.2608031
0,0.1856899,0.058821492
0,0.057630587,-0.11655639
1,0.13356225,0.16093644
0,-0.46023613,-0.24356265
1,-0.32620344,-0.029691026
0,-0.015795087,0.16515456
0,0.07025191,0.09066947
0,-0.26984257,0.0594733
0,-0.19488871,0.19164684
0,0.03734361,0.07506475
1,0.33429578,0.18364371
1,0.46645975,0.061439313
1,0.22976029,0.4355722
0,0.008040208,0.20401977
0,0.02886406,-0.009423226
1,0.16042364,0.33681083
0,0.094448164,0.016649269
1,0.15227129,-0.7108481
1,-0.3921844,0.06863655
0,0.4212888,-0.05870284
0,-0.06397335,0.10563499
1,0.0092073865,0.4920398
0,-0.3123179,-0.23721953
1,-0.04942678,0.029802173
1,0.08032976,-0.4758758
1,0.119746596,0.16636199
1,0.37823182,0.09181554
0,0.16685309,-0.12754782
0,-0.2734749,0.07294027
1,0.0129444115,0.32464123
1,-0.116252914,0.3095284
1,-0.118882865,-0.0971649
1,-0.3899697,0.15181653
0,-0.088982925,0.073826656
0,0.21207608,0.32824618
1,0.4285664,0.107315466
0,-0.124949366,0.075617835
1,-0.24859637,-0.19829617
0,-0.06907641,0.06450089
1,0.0073341243,0.059196234
1,0.14311102,0.19155195
1,-0.15268403,0.22619769
1,-0.089999646,-0.32851946
1,-0.072620615,0.25225446
1,-0.02101428,-0.38582206
1,0.07800242,-0.13710256
0,0.07397932,-0.06189193
1,0.06052884,-0.19482128
1,0.04754321,0.052367315
1,-0.101524055,0.2775849
1,0.005646672,0.33382952
1,0.10197401,-0.32043785
1,-0.13577835,-0.18539439
0,-0.19893877,-0.045838714
1,-0.104084924,-0.28693008
1,0.042455945,-0.042271957
1,-0.34795642,0.28363094
1,-0.18583469,-0.16706564
0,-0.20395154,-0.055520058
0,0.31553084,-0.07938801
0,0.19026712,-0.32528484
0,-0.0126629025,0.22696146
0,0.40821803,0.16352142
0,-0.02594364,0.03272876
1,0.16202787,-0.096006975
1,0.185135,0.0016301721
1,-0.15242705,-0.017136857
0,0.014342047,0.1363352
1,-0.24653634,-0.3259244
1,-0.054761194,0.18001415
0,0.16022402,0.1914002
1,0.3504274,-0.034495503
0,0.13084623,-0.1493117
1,-0.17223026,0.034525886
1,0.3397286,-0.0740248
1,-0.05472785,-0.07270402
1,-0.31103176,0.19366932
0,-0.22272775,-0.24926727
1,-0.18772137,-0.011375815
1,-0.31936786,0.30072588
0,0.07605648,0.0659767
0,-0.062243745,0.038422912
0,-0.19285555,-0.1280555
0,0.06935057,0.1267737
1,-0.20451769,-0.002289459
0,0.111594796,-0.085782856
0,-0.036266416,-0.056808352
0,0.16726877,0.2740308
0,0.01030305,-0.19219817
0,-0.100040376,-0.060642168
0,0.13557142,-0.050588474
1,0.09876916,-0.581079
1,-0.17993325,-0.12885089
0,-0.14533548,0.1656834
0,-0.028953148,0.070854895
0,-0.076909736,-0.014596805
1,0.057151724,0.20539486
0,0.25154102,0.011379436
1,0.29740947,0.077794194
0,0.13369134,0.20757526
1,-0.2741473,-0.254938
1,0.041168932,-0.15678127
1,0.041550864,0.04771462
0,-0.09125029,0.041560598
0,-0.102033556,0.037065208
1,-0.018948767,-0.27071756
0,0.27621672,0.12261333
1,0.028508667,-0.11061998
1,0.30921546,-0.16903253
0,0.293678,0.0006350726
0,-0.073622264,-0.1272053
1,-0.06359598,-0.49409008
1,0.25535986,0.19982749
0,0.0455621,0.07458387
1,0.26186126,-0.044541135
0,-0.28497082,0.041987985
1,-0.007931242,0.14955911
0,-0.097791746,0.1373013
1,-0.28600714,-0.08574726
0,0.24276894,-0.10804427
0,-0.032096192,0.14682323
1,-0.07276313,-0.020849675
0,0.1763336,-0.009592637
0,-0.11692269,0.036604524
1,-0.106466636,-0.060574785
0,-0.05921364,0.030456036
1,0.13985461,-0.4728706
0,0.07748465,-0.13318606
0,-0.066455215,-0.19189663
1,0.01960465,-0.3402986
1,-0.31395027,0.5058427
0,-0.09964715,-0.025780186
1,0.12302315,-0.10367884
0,0.2351093,0.13387597
0,0.16662604,-0.4700271
1,0.23485056,0.02205535
0,-0.018133018,0.15007699
0,0.12278287,0.08150512
1,-0.29573566,0.44920868
1,-0.36859643,0.07545264
0,-0.02979969,0.04323028
1,-0.29728657,-0.05626221
1,0.029699732,0.24920511
1,0.45727444,-0.3418625
1,-0.073756196,0.09695991
1,-0.009846672,0.17734888
0,-0.019527256,-0.011451781
1,-0.026588071,0.009064034
0,0.47702003,0.25187492
0,0.041988935,0.048130497
0,0.26158231,0.013743229
1,-0.31388876,0.47518504
0,-0.0582385,-0.02032648
1,-0.023108125,0.3127576
0,-0.04767116,0.049252495
1,0.014853675,-0.22532906
0,-0.33989388,0.10785118
0,0.0031139813,0.04774046
0,0.0011590682,-0.013391882
1,-0.3842712,-0.22989823
0,-0.13177562,-0.12233798
1,-0.25857309,0.10069898
0,0.29187042,-0.16050504
0,-0.0926651,-0.054198995
1,0.290114,-0.1761338
1,-0.34469876,0.2423634
1,-0.5119229,0.21692951
1,0.16581,0.05409289
0,-0.0014545843,0.06195852
1,0.47845298,0.22530453
1,-0.50820327,-0.24457173
1,0.11080882,-0.2993399
0,0.14218315,0.19498795
0,0.20880625,-0.0083619505
0,-0.0680002,-0.15309276
0,-0.038360342,-0.018726304
0,0.28776425,0.1303247
1,0.27594024,0.044929594
0,-0.056024812,0.11256769
1,-0.17135935,-0.09025189
1,0.47771078,0.24388036
0,0.22831649,-0.083796695
0,-0.092093706,0.052696817
0,-0.09479479,0.06975347
0,0.1804764,0.16033585
1,-0.197786,0.3519274
0,-0.5107229,0.1778098
1,0.03913464,0.08732465
1,0.31762657,-0.31821454
1,0.34987745,-0.20752849
0,-0.15376608,-0.059770837
0,0.1826663,0.00082056224
0,0.010691237,-0.03697048
0,-0.066345654,-0.14048205
0,0.0025102608,0.09768601
1,0.06820914,-0.30633336
1,-0.4505987,0.0972239
1,0.021577831,0.03442119
1,0.1953538,-0.02607432
1,-0.16339123,-0.07018043
1,0.025626104,-0.27990568
0,0.04462527,-0.037060782
1,-0.30032825,-0.24253084
1,-0.0218678,0.46812344
1,0.13449584,-0.25361603
1,0.00013235584,-0.1457469
0,-0.049671825,0.034769773
1,0.20862001,-0.21279536
0,-0.037814803,0.0069785416
0,0.17837769,-0.104404345
0,0.30519366,0.21975978
0,0.120686665,0.19563691
0,-0.15678544,-0.0066488534
0,0.18781209,-0.06189646
1,0.15478201,0.124727815
0,0.013190225,-0.11971812
1,-0.045480024,-0.08589302
0,0.22541636,-0.02761875
0,-0.16676575,0.026072495
1,-0.36199367,-0.42937338
0,0.035662886,0.025605977
1,-0.077005744,0.000985533
1,-0.0150306765,0.07533437
1,-0.16851498,0.10877375
1,0.12922584,0.026525535
0,-0.106294364,0.042072244
1,-0.054463148,-0.2519077
1,-0.14041601,-0.3026411
0,-0.06889483,0.025230967
1,0.17439309,0.06683726
1,-0.045603078,0.00878042
0,-0.054677207,0.021961108
1,-0.19440532,0.1418439
1,-0.29688072,-0.23516007
1,-0.24970266,0.020912647
1,-0.07562661,-0.42221808
0,-0.19435224,-0.04940422
0,0.037775923,0.1795931
0,0.04758105,0.02059275
1,-0.14044312,0.105943784
0,0.19271375,0.049581423
0,-0.071074635,0.17005841
0,-0.3457761,0.11030295
0,0.22640318,0.09356494
1,-0.07661657,-0.19246815
0,0.27858144,0.17798
0,-0.035425995,0.25952852
0,-0.044679042,-0.048567638
1,-0.06068877,-0.01738821
1,0.054797467,-0.0012542307
0,-0.061785422,-0.0036204606
1,-0.15196359,-0.52159727
1,-0.08231476,-0.06355858
0,-0.1182311,0.09172231
1,-0.5068138,-0.027625695
0,-0.12537926,-0.0040622205
1,0.22203988,-0.13319121
1,0.01398062,-0.012636974
0,0.34818745,-0.18462934
0,0.018907107,0.15974131
1,-0.3532008,0.25234216
1,-0.08599324,-0.039872363
1,-0.2613604,-0.012123674
1,0.44995105,0.08225006
0,0.05169494,0.18657073
0,-0.36911076,-0.07910912
0,-0.25764447,0.23358804
1,-0.067346394,0.4156868
1,0.22691411,0.08681688
1,-0.011736374,0.05457571
1,0.0069746412,-0.37056243
1,-0.3609863,0.38189444
1,0.18611993,0.13781607
0,0.10924329,-0.04981646
0,-0.21513925,0.08594854
1,-0.20382552,0.0797473
0,-0.025511652,0.029062532
1,-0.23232132,0.0876853
0,0.016744394,0.34388256
0,0.02480597,0.05214589
0,-0.08521253,0.010235481
1,-0.06587001,-0.25986284
1,0.2954753,-0.16859119
1,-0.023623776,-0.43616033
0,-0.1299077,0.011998445
1,0.32074428,-0.032989666
0,-0.5101254,0.23747164
0,-0.21038795,-0.07951793
0,-0.06665397,-0.059719935
1,-0.2789443,0.051201545
0,-0.0065417215,-0.0011769533
1,0.08171658,-0.3827772
1,-0.17923588,-0.42971212
0,-0.2897834,-0.03146118
1,0.09064999,0.00031805038
1,0.5152384,-0.084499925
0,-0.0723227,0.00837253
1,0.061873306,0.19827837
0,-0.08192743,0.0087271035
1,-0.0013423227,-0.20113702
0,-0.087365404,0.025054634
0,0.10158986,0.19549927
0,-0.02938267,-0.1467572
0,0.18367107,-0.07994105
1,0.18862347,-0.41560662
0,0.1298047,0.1328431
1,0.027335983,-0.016153932
1,-0.19623414,0.09908762
0,0.27505863,0.2407457
1,0.12515143,0.10124666
0,-0.18740565,0.10840891
1,-0.11321658,-0.13092898
1,0.2385894,0.1453942
1,0.36916813,0.16542295
0,-0.0063179582,-0.044502527
0,-0.030842755,0.07534459
1,-0.073193,0.13407081
1,-0.089946136,0.10262229
0,-0.1542247,-0.2639066
0,-0.06911945,0.016901411
0,-0.13836235,0.034136094
1,-0.3613429,0.5507249
1,-0.5918901,0.06391584
1,0.3120244,0.084720396
0,0.21342488,0.0221548
0,-0.27271235,-0.25326926
1,0.029331926,-0.3404541
1,-0.04206072,0.042406194
1,0.17746535,0.30076987
1,-0.4186908,-0.006239027
1,0.32134485,0.23814385
1,0.044615123,0.10426785
1,-0.38252163,0.049148634
0,0.081461325,0.30224076
1,-0.34344795,0.12726018
0,-0.056152716,0.016446501
1,0.03516392,0.15659492
0,0.23187244,0.064524494
0,-0.10290456,0.11057565
0,0.18332675,0.015525162
0,0.06214999,-0.21334593
0,0.17356467,-0.08255674
0,0.121656686,0.11132538
1,0.018058863,-0.28550422
0,-0.2743479,0.21120669
1,0.11785114,0.0070370585
1,0.13081798,-0.07146186
1,-0.2584306,0.100927345
0,-0.17897116,0.012588732
0,0.16958618,-0.024942353
0,0.3787072,0.14509773
0,0.016700614,0.1704855
1,-0.40511012,0.29354072
1,0.096561775,0.23371905
0,0.36982593,-0.07258421
0,-0.38198704,-0.14791979
1,0.49827588,0.036670983
0,0.12153335,-0.084428996
1,-0.061858214,-0.16470884
0,-0.298925,0.044073977
1,-0.26899034,-0.4755662
0,0.07166502,0.04638339
1,0.32374996,-0.23922156
1,0.15833154,-0.30143565
0,0.012847897,-0.10431181
0,-0.18130453,0.14305203
0,0.10342276,0.074555725
1,-0.42803586,-0.075159535
1,0.14977634,-0.117761835
0,0.03338298,0.1172708
1,0.1677948,0.0755178
0,0.37170607,0.13115685
0,-0.013532331,-0.13918586
0,-0.067685395,-0.20357199
0,0.098633945,0.15552017
0,0.19266602,-0.15944473
0,0.2662106,0.1332223
0,0.048464578,0.030976586
1,-0.11773251,-0.09710194
1,-0.22328168,-0.1108235
1,-0.11248939,0.23654932
0,-0.17728707,-0.20803763
0,0.12093896,0.07047523
1,0.3581189,-0.044565216
1,-0.30657506,0.5407829
0,-0.19931695,0.054428563
1,-0.10635327,0.5204596
0,-0.17754525,-0.0016811341
0,-0.011245916,0.1496675
0,-0.061163213,-0.08195858
1,-0.14459248,0.20019612
1,-0.16213533,-0.027264759
1,0.06720902,-0.50674486
0,0.15118104,-0.014077932
0,-0.06833966,0.115972556
0,0.036966193,0.07447711
1,-0.106602654,-0.0052820593
0,0.41590512,-0.08989437
0,-0.08501105,0.045867912
0,-0.024631523,-0.13191517
1,0.21696922,0.29598242
0,-0.23529652,-0.22083862
0,-0.044823244,0.14265725
1,-0.22928692,-0.22917192
0,0.14896052,0.046667308
1,0.1144163,0.061679214
0,0.10880041,0.06173574
0,0.0358471,0.09915821
0,0.20186275,-0.047135353
0,-0.13646218,-0.0007556826
1,0.113816455,-0.1340069
1,-0.05749891,-0.039592624
0,0.05057535,0.14978202
1,0.051619936,0.31823465
0,-0.016967013,0.07249629
1,-0.38161516,0.09138606
1,-0.17312571,0.07958925
0,-0.26251662,0.13225289
0,-0.052615456,0.04106851
1,0.123485684,0.36280566
1,-0.31647503,0.2867251
0,0.052598376,0.024719939
1,-0.03943937,-0.4238302
0,0.07176162,-0.025536582
1,-0.28595525,-0.46562958
1,0.3149836,-0.11674629
1,-0.14315926,-0.5111921
0,0.15478143,-0.20518489
0,-0.3226965,0.12026987
0,0.0383772,0.10459927
0,-0.120541796,0.03422655
1,0.2257179,-0.040355995
0,0.027081426,0.12483127
0,-0.08773132,-0.087897226
1,0.36088738,-0.1785839
0,0.20631215,-0.14222439
1,-0.21444236,-0.28846985
1,-0.07446557,0.30967116
1,0.08261433,-0.27509588
1,0.12923996,-0.008879304
1,-0.06735963,0.24592772
1,-0.30015993,0.21696705
1,0.30902112,-0.06855556
0,0.23519695,0.010199383
1,-0.25594088,0.68675864
1,-0.13229808,-0.090133354
1,0.0015622415,-0.027753174
1,-0.12093441,0.039860606
1,0.015737161,0.1472784
1,-0.21444538,-0.08089833
0,0.09475356,0.030792475
1,0.032172594,0.07156569
1,-0.43774173,0.11158749
1,0.11567123,-0.08851166
1,-0.313985,-0.1792819
1,0.24100944,0.04538004
0,0.32993376,-0.055767313
1,-0.44814044,-0.3327412
0,-0.016039088,0.0153314695
0,-0.19141261,-0.053973988
1,0.045132805,0.16915864
1,-0.07259321,-0.17368565
0,-0.07963855,-0.007000163
0,0.024402916,0.053270698
1,0.18240823,0.26987404
1,-0.009135703,-0.0028605014
0,-0.09028128,0.035544977
1,0.17788336,0.032173
1,-0.093305275,-0.13338892
1,-0.21850549,0.05521644
1,0.0531223,-0.06940615
1,-0.33542854,0.057266146
0,0.037979927,0.114256814
0,0.18957905,-0.19001211
0,0.035883542,0.07100438
1,-0.32311895,0.17514125
1,-0.12959275,-0.43412077
1,0.37493244,0.54089385
0,-0.1459696,0.019501448
1,0.030246023,0.34293932
1,-0.14688458,0.05771722
1,-0.166828,-0.3356691
1,-0.11941706,-0.16591333
0,-0.15687142,0.06989699
0,-0.081145674,0.15335444
1,-0.08871036,0.15621951
1,0.047122654,0.16665469
1,-0.23075381,0.06500102
1,0.22580227,0.20594022
1,0.29587427,0.018432312
1,-0.36381114,0.025440827
1,-0.30774584,0.013917632
0,0.09047094,-0.08492871
1,-0.23162714,0.29700744
0,-0.15887696,-0.03306286
1,-0.19693495,-0.4899932
1,0.14381585,-0.27076864
0,0.037264895,-0.16583525
1,-0.19459881,-0.4166603
0,0.11222418,-0.06983979
0,-0.17877175,0.020281553
0,-0.007614618,0.030478798
0,0.22960496,-0.10462065
1,-0.11895096,-0.13416113
1,-0.06825167,0.09627977
0,0.041663457,0.052412502
1,0.2686633,0.12286806
0,0.045303557,0.19553483
0,0.014379784,0.05527252
1,-0.23327827,0.2662596
1,-0.47054514,-0.17051564
1,0.0002134256,-0.11304851
0,-0.0979864,0.028441533
0,-0.1773125,0.15419747
0,0.3001093,0.13558269
0,0.001250688,0.15957084
0,-0.18268742,0.01692582
1,-0.009942142,-0.013038963
0,-0.18864036,0.16148317
1,-0.19929127,-0.33607584
0,0.20630212,-0.08218859
1,0.027820695,-0.23038019
0,-0.11812374,0.062036768
0,-0.20576063,-0.06997393
0,-0.058861677,-0.10734148
1,0.11545071,-0.17596509
0,-0.17629084,0.06267314
1,-0.045788065,-0.24799658
0,0.00860386,-0.19559719
0,-0.20935717,-0.08553998
1,-0.1684336,-0.17047764
1,-0.034936827,-0.5466237
0,-0.05791369,0.15726957
1,0.030817714,0.33579254
0,0.14381218,-0.12571017
1,-0.015621565,0.20095338
0,0.040496733,0.010379918
0,0.055563975,-0.1281522
0,-0.072127536,0.09263368
0,-0.057332084,0.16671929
1,-0.25707784,0.052095816
1,0.43626106,0.030100077
1,-0.12154849,0.22905461
0,0.004006032,0.15254973
1,0.14105166,-0.2560001
1,0.170618,-0.4338144
0,0.07088509,-0.032590896
1,-0.36444235,0.22090113
0,0.2862209,-0.045801625
1,-0.073204264,0.13335776
1,0.30836904,-0.094044164
0,-0.015139431,0.011273652
0,0.17904851,-0.125142
0,0.17510726,-0.103161275
0,-0.14648649,-0.09642328
1,0.25863612,0.20062181
1,0.18362665,0.2612309
0,-0.27296215,0.035694823
0,0.10490617,0.027459934
1,0.14789778,-0.1097002
1,0.009439338,-0.03541489
1,-0.20326124,-0.22402342
1,0.017493192,0.14996192
0,-0.02785354,0.07023121
1,-0.052092172,0.06586312
1,-0.021898739,0.17125012
0,0.11350909,0.09921777
1,-0.43037117,0.1845398
1,-0.1256267,0.011466846
0,0.06988637,-0.041775182
1,-0.13648853,0.11004014
1,0.18594074,0.09045447
0,-0.007236406,0.052807555
1,-0.28679603,-0.019753978
1,-0.28482786,0.4543488
1,0.058423575,-0.35080397
1,-0.3180468,0.11004801
1,-0.67521167,0.38302076
1,-0.0025045462,0.19071232
0,0.3800153,0.20297694
1,0.18007842,-0.07090539
1,0.029520903,-0.026141003
0,0.27128685,0.19826251
0,0.2015076,-0.19256727
1,0.10285361,-0.27147615
1,0.2418943,0.0050031394
0,0.4445076,0.17103916
1,-0.42264298,0.13402523
1,-0.023387872,-0.04600869
1,0.10268797,-0.35427552
0,0.045644198,-0.04708399
0,-0.15255803,0.0048766136
0,-0.14585868,-0.06597479
1,0.48620486,0.05166825
1,0.044775825,-0.42895526
0,-0.04846365,0.038326994
1,0.08134504,-0.17351379
0,-0.02015514,-0.09438296
1,0.1369541,-0.0010959208
0,0.13594593,-0.045438915
1,-0.14158612,-0.04847829
1,-0.11374092,0.13596669
1,0.07585794,0.06752802
1,-0.17364725,0.1361862
0,-0.21176839,-0.17386629
0,-0.21093903,0.07624132
1,0.43995947,-0.11948855
0,-0.2077449,0.13481626
1,0.04157741,-0.06252034
1,0.16494001,0.3727997
1,-0.016788905,-0.21093734
0,0.08666833,-0.10260619
0,-0.06036638,-0.09385608
0,-0.26554886,-0.32945168
1,-0.11291011,0.12870678
1,-0.028368998,0.14399926
1,-0.19812933,-0.28172666
0,-0.02716931,-0.049910083
0,-0.37577036,-0.08472608
1,-0.076191366,0.016440943
1,0.17702013,-0.032115147
1,-0.21212469,-0.23345114
1,-0.088428445,0.12815842
1,-0.06447876,-0.051943973
1,0.21580735,0.009206124
1,0.3264416,0.18364835
1,0.23286483,-0.17966343
1,-0.041470822,-0.06465624
1,-0.14562371,0.1514461
1,-0.20132771,-0.2694937
0,-0.037048142,-0.18003888
1,-0.26894653,0.14708947
1,0.1579335,-0.18805294
0,-0.19349876,0.16686422
0,-0.10422641,-0.055514574
1,-0.18154079,-0.021741733
0,-0.1223039,0.008549027
0,-0.46893567,0.012314782
0,0.31027988,-0.031190649
1,-0.12231195,0.09246369
0,0.051949378,0.05114779
0,-0.077779375,-0.04072644
0,0.11170462,-0.05153741
0,0.0038287789,0.06784175
1,0.04109885,0.08919517
0,0.0998003,0.10977114
0,0.10030922,0.03973718
0,0.047098618,-1.847744e-06
1,0.047358695,0.2367298
0,0.09436405,-0.097631246
1,0.24248102,-0.16975947
0,-0.16653189,0.11446935
0,0.11888501,-0.057035968
1,-0.21768618,-0.23059164
1,0.060946006,0.15657645
1,-0.14699331,-0.04844916
0,0.33792245,0.18977065
0,0.07576735,0.083306
0,-0.082343765,0.024367034
0,0.029057,0.15502459
0,0.078515515,0.007822819
0,-0.28040814,-0.07215728
1,-0.03056847,-0.32619
0,-0.24065949,-0.04160814
1,0.30618,0.19560501
1,-0.31371808,-0.23570104
0,0.015573386,-0.05796106
1,0.24616352,-0.068648964
0,-0.033272974,0.07171677
1,-0.20513847,0.072331056
1,0.11409238,0.11777338
1,-0.0011034198,-0.20356031
0,0.18571968,0.012002811
0,-0.1477926,0.051912397
1,-0.28600502,-0.12056427
1,-0.007831287,0.37501413
1,0.30283263,0.16788669
0,-0.29136395,-0.023079544
1,-0.37676904,0.24233899
1,0.1750995,-0.34729087
1,0.43835294,0.121043436
1,-0.06408523,-0.10470955
1,0.06870544,-0.08742575
0,0.30076984,0.11633566
0,-0.16634336,0.22176784
0,0.03613149,0.23504426
0,0.033689465,0.1047475
0,-0.22732145,0.121580526
1,0.27688146,0.051834315
0,-0.23233598,0.0975354
0,-0.21579644,0.111371726
1,0.37662894,0.26177293
1,-0.22802971,0.37201184
1,0.058410224,-0.3309157
1,0.012326717,-0.19392969
0,0.049262244,0.031870574
0,-0.17987114,-0.11601937
1,0.13674515,-0.13772346
1,-0.007647287,0.07766671
0,0.21645641,0.027682364
0,0.07912056,0.0127212405
1,0.27514535,-0.01401718
1,0.40137914,-0.056239977
0,-0.15892553,0.10127293
0,0.32431513,-0.0825606
1,0.42259204,0.2442591
0,0.17676139,-0.09135051
0,-0.23098198,-0.08416575
0,-0.030475933,-0.05124621
1,0.032382842,0.13637227
0,-0.10430305,0.13982677
0,-0.11618529,0.05416315
1,-0.14401945,-0.19763656
1,-0.0017771609,0.12802702
0,0.14678204,0.14562054
0,-0.12857237,0.17246667
1,0.24936056,0.17028847
0,0.050532658,0.1432391
0,0.3264993,0.11989822
1,0.10292947,-0.21881391
0,-0.2035239,0.09123005
0,0.0225598,-0.07393254
0,-0.023603845,0.006566122
0,0.23914516,0.1142446
0,0.44624817,-0.16260247
1,-0.019291598,-0.10637227
1,-0.19619697,0.2610426
0,-0.033559106,0.04321523
0,-0.21319291,0.10252904
1,-0.115213275,-0.107868716
1,-0.44033414,-0.11518066
1,-0.21186393,-0.32917154
1,0.12737375,-0.3712933
0,0.122608915,0.15283434
1,0.2083663,-0.47917652
0,0.093513,-0.014412954
1,-0.069060266,0.15525214
1,0.09434545,-0.33428913
0,0.28759843,-0.13238351
0,-0.2521657,0.08119345
0,0.027054954,0.13640685
1,-0.06667769,0.15186203
1,-0.0039694253,-0.11498839
0,-0.017669719,0.002367124
0,-0.09871222,0.06806748
1,0.0512806,0.20997272
1,0.084528714,0.23049939
0,0.22316039,0.12763126
1,-0.034100145,-0.4379682
1,-0.5531752,0.19919139
1,-0.02173812,-0.12422742
1,-0.41051137,0.13839316
0,-0.023221452,-0.40388215
0,-0.029292703,0.15000361
0,-0.18987384,0.1593767
1,-0.30840713,-0.3289783
1,-0.014060048,0.019002497
1,-0.20344226,-0.04868333
1,-0.09461948,0.1305257
1,-0.3085726,0.19114494
0,-0.15931664,-0.12907507
0,-0.008144813,0.13104936
0,-0.12959103,0.110925764
0,-0.11376715,0.10833497
0,-0.07370977,-0.02739352
0,0.03391328,0.2008069
0,0.12149984,0.14629927
0,0.032830995,-0.1484292
0,-0.17645568,-0.04674135
1,0.14955652,0.050213903
1,0.111073405,0.06889265
1,0.180906,-0.27058315
1,-0.41672057,-0.059447125
1,0.0753762,0.011377767
0,-0.058708176,-0.1725723
1,0.11259985,-0.031189144
0,0.16934162,0.0007633269
1,-0.115499705,-0.045185313
1,0.029475536,-0.1967677
0,-0.19612443,0.12094127
1,0.083817005,-0.15544362
1,0.08473165,0.1083125
1,0.20384936,0.22918311
1,-0.25717905,-0.14126141
1,0.010455888,0.18267879
0,-0.26265484,0.042465746
0,-0.122394934,-0.0518205
1,0.07972506,-0.29638886
0,0.031122837,0.1475118
0,0.21806258,0.0012267679
0,0.13043764,-0.09345387
0,0.37473428,0.025646292
1,0.19406109,-0.4360497
0,0.25797316,-0.13978435
1,-0.473056,-0.009221569
0,0.06316346,-0.2306756
0,0.025022227,0.01337681
1,-0.03410889,-0.43514824
0,0.22324657,0.10212715
0,0.03320807,-0.019591793
1,0.100939006,0.02007091
1,0.16072968,0.1623002
1,-0.11762075,-0.25085706
1,-0.30015835,0.049070604
0,-0.21694568,0.0823513
1,-0.050370567,0.1255614
1,-0.162332,-0.17206503
1,-0.2057899,-0.19053824
0,-0.09771605,0.1477435
0,-0.07401866,0.06340898
1,0.11191076,-0.0032613426
0,0.123122096,-0.124993995
0,-0.071195744,0.006461844
1,-0.31987655,0.13081017
1,0.013407696,0.05657971
0,-0.13894048,0.16628751
0,0.18000211,-0.06661065
0,-0.053990066,0.19647759
1,-0.14178465,-0.15882607
1,0.3429066,-0.20322533
1,-0.49623725,0.18056889
1,0.42202434,-0.21352316
1,0.31974217,-0.12085755
1,0.024312928,0.2644565
1,0.07030073,0.15977617
0,-0.32320166,0.018583119
1,0.0022905916,0.20989034
1,-0.1210385,-0.032138392
0,0.070229515,-0.07902287
1,-0.20784006,-0.16172542
0,0.17977592,-0.035390064
0,-0.58872837,0.03292296
0,-0.0596857,0.013422683
1,-0.17328665,-0.088678375
1,-0.09701508,-0.05757864
1,-0.20741612,-0.07155505
1,0.4565481,0.47857183
0,0.08903806,-0.100306645
0,0.12284109,0.14276917
0,0.35525024,0.1116468
1,0.4031133,0.021383978
1,-0.09648349,-0.49999332
0,0.29446995,-0.013055041
0,0.12689966,-0.20866181
0,0.063305035,0.020893753
0,0.4070289,-0.027233884
0,-0.06973271,0.03844364
0,-0.019937681,0.0667052
0,-0.060124457,0.081261046
0,-0.16223899,-0.08230542
0,-0.33128545,-0.07834609
0,-0.0019638725,0.056088716
0,-0.21817666,0.14108801
0,-0.28288808,-0.03802423
0,-0.0012151971,0.15220277
0,0.18185596,-0.05722241
1,-0.24364194,0.35823995
1,0.11917293,0.0018488616
1,0.03124145,-0.20220758
1,0.011033136,0.1932361
1,-0.34064952,-0.121815905
0,-0.25181535,0.18803489
0,0.22885144,-0.01659587
0,-0.18236843,-0.1726123
0,-0.08521626,0.100908875
1,-0.3838133,0.2579961
1,0.23170263,0.11087215
1,-0.14882314,0.32196823
0,0.022082396,0.18816501
0,-0.04020916,0.14087924
0,-0.08501764,0.009275526
1,-0.10333936,-0.23636548
0,-0.038212243,0.011845663
1,0.25313404,0.103249654
1,-0.060272224,0.38694608
1,0.053172138,-0.020099774
1,0.07141738,-0.309304
0,0.19063732,-0.03319274
0,0.31522003,0.18279019
0,-0.08513202,0.15875962
0,-0.05467122,0.1299089
1,0.099508986,0.0132474005
1,-0.2203078,-0.071360424
1,0.09206167,0.026116252
1,-0.18305135,0.1577372
0,-0.2351747,0.024286449
1,0.10679582,0.14058769
1,0.069125146,-0.3113907
0,0.32663083,0.08160449
0,-0.3808278,0.10921836
1,-0.051144633,0.2118107
0,0.21884829,-0.109570906
1,-0.19695768,-0.071984425
0,0.054369275,0.024768576
0,0.06803894,0.077448905
1,-0.27414757,0.10437929
0,0.07728568,-0.16838886
0,0.07032035,-0.11159505
0,-0.37403423,0.21362394
1,-0.13447827,0.18648091
1,0.10519606,0.05105698
1,0.019026596,-0.26431972
0,-0.21560186,-0.007839158
1,-0.2622558,-0.066474974
0,0.06881012,-0.10727768
0,0.13247389,0.064535245
1,-0.18127996,-0.007968441
0,0.03747386,-0.29252344
1,0.029838715,0.17791672
0,-0.11165801,0.19780257
0,0.00072773546,-0.11533789
0,0.1453648,0.19299507
0,-0.020397654,0.26824307
1,-0.22675589,-0.08104718
0,0.386441,-0.038037404
0,-0.14022592,-0.07252802
1,0.14060748,0.0025425106
1,-0.14736792,0.0373953
1,-0.036407623,0.20779379
1,-0.13428944,0.054584593
0,-0.31821498,0.16256277
0,0.036943305,0.12162948
0,0.1903665,0.16261
1,0.37814593,0.20907244
1,0.3478645,0.20711046
0,0.13038221,0.019697614
1,-0.01630732,-0.034425512
0,0.16182432,-0.13195242
0,-0.16196357,-0.18190517
1,0.047599528,-0.09765865
1,-0.16738518,-0.06448579
1,0.3600174,0.03623855
1,0.09138891,-0.34642804
0,0.07900679,0.0003708899
1,-0.068222106,-0.20690723
1,-0.042616673,-0.1375841
0,-0.19302459,0.10220271
0,-0.34563738,-0.015921086
0,-0.012767784,-0.036419913
1,0.0071135797,-0.12308203
1,0.22989285,-0.04802838
0,0.0936003,0.06933611
0,-0.17713061,-0.08731428
1,0.15372694,0.031555615
0,-0.02900329,0.019145198
0,0.117369816,-0.29523528
1,0.23853678,-0.107446715
0,-0.004943665,0.023378298
0,0.06191397,-0.38761938
1,-0.023876809,0.3584512
0,-0.05637834,-0.023046032
0,0.040304948,0.08546519
0,0.07330218,0.12988889
0,-0.06902814,0.06540319
0,-0.096618995,0.070416935
0,-0.07427049,-0.21730746
1,0.16117461,0.07133891
0,-0.114087984,-0.0374341
0,-0.18950966,0.018746473
1,0.1608212,-0.21077399
0,-0.25229877,0.12603815
0,-0.46152434,0.16210328
0,-0.020551931,-0.068998516
1,-0.11675455,0.18556929
1,-0.058358688,-0.10274829
0,-0.14604242,0.10513919
1,0.309175,-0.19457908
0,-0.27597326,-0.06321256
0,-0.13333356,-0.0145225525
1,0.007861216,-0.35598713
1,-0.011443928,-0.19286673
1,-0.3084861,0.09466769
0,0.21606451,0.11930355
1,0.17233704,0.13441022
1,0.15499455,-0.3645239
0,0.036670316,0.16335069
0,0.041277256,-0.06881179
0,0.3525765,-0.08062726
1,-0.022019805,0.44575864
1,0.04752807,-0.41889
1,-0.040872615,0.27885175
0,-0.43978822,0.023464382
1,-0.15769903,0.08024979
1,0.027804893,-0.43755937
1,0.07464403,0.23496121
0,0.047695134,0.24588531
1,-0.24337812,0.08907269
0,-0.004357487,-0.094046205
0,-0.07655048,-0.16706915
1,0.09433563,-0.15231831
0,0.11041334,0.1483115
0,-0.116286576,-0.15692346
0,0.045596715,0.14868015
1,-0.10329276,-0.4971416
1,0.37810916,-0.020448998
0,-0.034311473,-0.14892979
0,-0.15673447,0.046642244
0,-0.21031636,-0.17684777
0,0.0668387,-0.1250983
1,-0.23113978,0.051810168
1,0.15817507,-0.15763344
1,0.07812086,-0.13605402
0,0.15669778,0.0069279224
0,0.1564731,0.018002428
0,0.15810966,-0.050451607
1,-0.06231636,-0.233418
1,0.028651152,0.08083993
1,0.33387053,0.34498632
0,-0.1721339,0.075456224
1,-0.40665275,0.27874684
0,-0.07283664,0.19466752
1,0.16777411,-0.18571039
1,-0.20968366,0.13441633
1,0.0446915,0.17771897
1,-0.22753716,0.14744288
1,-0.20893914,-0.13401522
0,-0.06712619,-0.04810314
0,0.06264478,-0.036260024
0,-0.07192121,0.09921535
0,-0.06333818,-0.14486934
1,0.07782875,-0.16010173
0,-0.0024851896,0.036145702
0,-0.29659605,-0.13623996
1,-0.035110727,0.06468993
1,-0.041532625,0.32560045
1,0.10229957,-0.087080255
1,-0.06548585,0.062990405
0,0.10039547,0.027169913
0,0.047630552,0.19640546
0,-0.09452065,0.039472595
1,-0.09945206,0.34058267
1,0.10614288,-0.25029248
0,-0.17521414,0.14267927
1,-0.17047359,-0.26452106
0,-0.1936537,0.062078044
0,-0.14582431,0.009877972
0,0.07503903,0.12221657
1,0.010280009,0.12567338
1,-0.17300232,0.16233993
1,0.08152147,-0.40298092
1,0.24644071,-0.016293049
1,0.20096742,-0.020342723
0,-0.060153734,-0.04884532
1,-0.098795325,-0.07995559
1,0.0017499998,0.054759994
0,-0.038509578,0.054899596
0,-0.13233173,0.1092869
0,0.4802984,-0.047072694
0,0.028056715,-0.09576735
1,-0.12051056,0.17387867
1,-0.038244303,0.03820418
1,-0.1389185,-0.23233207
0,0.17892131,0.06561077
1,0.17922777,-0.11705877
0,0.20835865,-0.086089134
0,-0.014114931,0.13263007
0,0.30728668,-0.08281939
0,-0.045185253,0.24394754
0,0.01323935,-0.2808187
0,0.074362084,0.12945068
1,0.47548687,0.13395415
1,0.23908815,-0.40041178
0,-0.054821044,0.050632827
0,0.44366682,0.13696173
1,-0.07499753,0.21289346
1,0.03387515,0.10164477
0,-0.14774401,0.021903083
1,-0.15597509,-0.18331702
1,0.14933445,-0.10243572
1,-0.079068914,0.17770982
1,0.07792975,0.35616297
1,0.13203625,-0.19184573
1,-0.13946478,0.19317812
1,0.0045029297,0.05420544
1,0.1145989,-0.37948215
0,-0.16847575,0.039401047
0,-0.118138656,-0.12447049
0,0.4632822,0.18674503
1,0.09041411,0.19926485
1,-0.08185767,-0.3919207
0,0.17545155,0.0615104
0,-0.356869,0.16423063
1,0.25194344,-0.13297226
1,-0.3599593,-0.24561895
1,-0.21915549,-0.19485323
0,0.15730362,-0.018879429
1,0.31234238,-0.031181067
1,-0.038236596,-0.0039051324
1,0.16025198,-0.34796578
1,-0.11221498,-0.06786193
1,0.013770908,0.2198112
0,-0.020226572,0.061414197
0,-0.008142231,0.0066096336
1,0.4371584,0.29095042
1,-0.20465854,0.0028161705
0,0.033336837,-0.021110788
0,-0.113648534,0.07810482
0,0.2514046,-0.03787276
1,-0.048634317,0.47051358
1,0.15737846,-0.2704925
1,0.252365,0.09825155
1,-0.22311258,0.28206313
1,-0.34673148,0.059676804
0,-0.044644587,-0.01806815
1,0.007446341,-0.12603821
1,-0.079481,0.026273906
0,0.20803434,0.16654202
0,-0.16984098,-0.035454944
1,0.13872775,-0.07221736
1,0.18536176,-0.27980846
0,-0.19992277,0.15074481
1,0.19363058,0.20209679
1,-0.25513348,0.14987788
0,0.21967429,0.06181498
0,-0.022219237,-0.15485768
0,-0.24866807,0.049251594
0,-0.23851506,0.15784238
0,0.072690666,0.021937862
1,-0.165869,0.010294363
1,-0.111181185,-0.33758152
1,0.037499797,0.47287446
1,0.28007042,-0.13908319
0,-0.27765784,0.09220293
0,0.5203879,-0.12582208
0,-0.012403471,0.10977276
1,-0.0139179025,0.20386183
0,-0.06030388,0.04692918
1,-0.049451936,-0.23552795
0,0.029009525,0.11969343
0,0.018539783,-0.044509485
1,-0.08990878,-0.42990083
0,0.23810077,0.073030956
0,0.2747029,-0.05767326
1,0.18192852,-0.35999036
0,-0.19430922,-0.19617455
0,-0.18789503,-0.045132145
1,-0.006925365,0.28682727
0,0.008920345,-0.20398094
0,-0.14289513,0.059324123
1,0.020580199,-0.09910838
1,0.1281357,0.14768216
1,-0.15137981,-0.34748948
0,0.0015823506,0.22232625
0,-0.09926389,0.08103113
1,-0.106124476,-0.016515508
0,0.43719995,-0.013513565
0,0.039402004,0.051297195
1,-0.22461215,-0.24287899
1,-0.015123302,-0.11315633
1,0.23343629,0.18122229
0,0.0042572804,-0.009432346
1,0.06656587,-0.20607014
0,-0.018186366,0.13865058
0,-0.33779752,0.036422692
0,0.05184992,-0.02753523
1,-0.24795946,0.26189262
0,-0.10621604,-0.3505351
0,-0.25613937,0.08677105
0,-0.13958536,0.03350866
1,0.0089974515,0.17280206
0,-0.1770911,-0.2509526
0,-0.013795193,0.058184877
1,0.30351213,0.19811077
1,0.13279831,-0.088228196
0,0.045927826,0.026814446
0,0.119586885,0.00964158
1,0.20791267,-0.027752295
0,0.05504946,0.091686346
1,-0.11704847,-0.17575954
1,-0.31658614,-0.1637307
1,0.19535783,-0.3785144
1,0.0705511,0.30295694
0,-0.02636543,-0.13401933
0,-0.12264174,-0.1173812
0,-0.16113155,0.008344397
1,0.13781115,0.16652681
0,-0.064000845,0.052364707
1,-0.11733195,-0.3130411
1,-0.10482204,0.025807098
0,-0.035681486,0.1269692
1,0.3949743,-0.019074842
1,0.38840717,-0.06301652
1,-0.25366065,0.1519459
0,-0.1689758,0.041646034
1,0.36032814,-0.075741306
1,-0.023030344,-0.17302324
1,-0.17039318,-0.021692932
0,-0.22541982,-0.113419846
1,0.010293208,-0.538702
0,0.0865076,-0.07659653
0,0.07646622,-0.091776654
0,0.14981377,-0.45837307
0,0.15908742,-0.38737762
1,-0.35474062,0.20521745
0,-0.20697975,0.038722605
0,0.0011549778,0.0512036
0,0.29013526,0.16654906
1,-0.048776913,-0.12157084
0,0.1836575,-0.10728699
0,-0.026138626,0.16259389
1,0.0751726,-0.39596683
0,0.22283968,0.042359106
1,0.31555802,-0.054894
0,0.030721758,0.034875497
1,0.15556948,-0.12731512
1,-0.057716064,0.34489858
1,-0.10673827,-0.2610982
1,0.089039505,0.1247338
1,-0.36997262,-0.09193598
1,-0.21083364,-0.11009751
0,-0.051397894,0.19495699
1,0.1481019,0.07550566
0,-0.10907741,0.02205006
0,0.17910321,0.068115346
1,-0.27162004,0.3055567
0,0.13509466,-0.22101064
0,-0.137241,0.02221635
0,-0.01564598,0.3097942
0,0.1189162,0.03330975
0,-0.21144488,-0.08967246
1,-0.27485275,-0.16512723
1,-0.1456181,0.009503841
0,0.1193845,0.25510705
0,-0.0672756,0.059826747
1,-0.28564012,0.15324047
1,-0.36390778,-0.10361703
1,-0.23468485,-0.22592147
1,0.17047036,0.418998
0,-0.30343837,-0.16744061
0,-0.28318638,0.061204255
0,0.011398565,-0.0988469
1,-0.058692474,-0.17583187
1,-0.14464338,-0.2920965
1,0.33318084,-0.17741008
1,-0.073035076,-0.11119641
0,-0.057900883,-0.035327956
1,-0.11479159,0.14751782
1,-0.009084249,0.343552
0,0.120833576,0.0007330924
1,-0.12828416,-0.23538996
0,-0.026317269,0.02211181
1,-0.14997022,-0.14470978
0,0.18030143,0.074722975
1,-0.33061922,-0.18108697
0,-0.068532735,-0.035333887
1,0.35032982,-0.059715837
1,-0.12363933,0.26430535
0,0.17999639,-0.05878885
1,-0.0947832,-0.22581308
1,-0.061249804,0.17544517
1,-0.41216666,0.41361785
1,0.3870244,0.37774765
0,-0.06724773,-0.05323933
1,-0.062153865,0.24788828
1,-0.0036514606,0.25897253
1,-0.03656772,0.3477217
1,-0.07127415,0.19506699
1,0.19243266,-0.4336046
0,0.16012968,-0.10956876
0,-0.24430156,0.17052941
0,-0.09489996,-0.008685887
1,0.046277788,0.28169444
0,0.19412029,-0.17586069
0,-0.17344701,0.13155586
1,-0.015481491,0.3147381
0,0.1965051,0.010159507
0,0.032571655,0.020903453
1,0.010862205,-0.31030136
0,-0.40028852,0.014475748
0,0.14801374,0.053917527
1,0.12111814,0.08924922
0,0.08035529,0.00512892
0,-0.21872626,-0.35000408
0,0.27881348,0.11467086
1,0.34914434,0.032275356
0,-0.014393441,0.1365384
0,-0.08861911,0.11330015
1,0.1502168,0.043061897
0,-0.03734964,-0.03828095
0,0.00862423,-0.020693168
1,-0.41879058,0.28568095
0,0.0988469,0.020667143
1,0.2829064,0.052873746
0,-0.20036927,-0.2670403
0,0.14095157,0.052382283
0,-0.31817344,0.040756576
0,-0.19582221,-0.103454456
1,0.11263889,0.35035986
1,-0.39669913,-0.19765128
1,0.27678287,0.38552612
0,-0.20606303,0.17230919
1,0.19235542,-0.35927767
1,-0.113087386,0.08657537
1,0.07710418,-0.065120056
0,0.39062113,-0.03189808
0,-0.0658463,0.08198276
1,0.25471804,-0.29329348
1,0.40460104,0.16952875
0,-0.005229987,0.0029599816
0,0.06054281,-0.012212515
0,-0.048076626,-0.09181321
1,0.05105858,0.0064120293
0,-0.05463156,-0.1349671
0,-0.24655831,0.21404079
0,-0.080784775,-0.11110522
0,-0.11670725,-0.038186774
1,-0.073478624,-0.28863537
0,-0.22132117,-0.015102521
0,0.1674088,-0.040013596
1,0.18674487,-0.09503406
1,0.28605595,-0.32245338
0,0.2403593,0.04619719
1,-0.069606125,-0.39663327
1,0.25255132,0.12721834
0,0.05489346,-0.04861501
1,-0.22526315,0.036221176
1,-0.24935326,-0.6070293
1,-0.11190395,-0.19411756
1,0.015590105,-0.21005364
0,0.0644868,-0.028167784
0,-0.19837883,-0.13714601
1,0.18267629,0.35616207
0,-0.01582599,0.21169585
0,0.039394822,0.031258263
1,-0.0034909733,0.3432036
1,0.066373006,-0.4490732
1,-0.050593875,-0.24417348
0,-0.43610328,-0.07277541
0,0.025638502,-0.01642619
1,-0.11725804,-0.27128226
1,-0.09402253,0.07490645
0,-0.13467121,0.061236247
0,-0.09364121,0.08168504
1,0.20470683,-0.24292727
1,0.134124,0.05472441
0,0.14435008,-0.10038482
0,0.10143015,0.0068023205
1,0.07793695,-0.4846087
1,-0.054188617,0.050111994
1,-0.13499185,-0.46291256
0,-0.39375886,0.09528167
0,-0.07255398,-0.004816368
0,-0.090480745,0.13992655
0,-0.05110824,0.13110028
1,-0.24171603,-0.20798458
0,0.02982274,-0.20657809
0,0.12924215,-0.11832993
1,-0.0652524,-0.19264187
0,-0.2650682,0.028422013
1,-0.15960224,0.36248243
1,0.44250652,0.2670277
0,-0.12892362,-0.13828911
0,-0.092773676,0.19684398
1,-0.10616389,-0.005577162
0,0.0081071295,0.006612912
1,-0.2557386,-0.3158731
0,0.28687814,-0.18222757
1,-0.26012993,-0.23970933
0,-0.15267675,-0.05021794
1,0.46524423,0.19450082
1,0.027666315,0.4555359
1,0.010401569,0.018995628
0,-0.2742245,0.047047213
0,0.11385508,0.06251763
0,-0.02034379,-0.117707655
1,-0.15276085,0.022609323
1,0.21955726,0.57861465
1,0.31316316,-0.12042917
1,0.017990787,0.2404981
0,-0.12539367,0.037434086
1,0.05098511,-0.24378236
0,0.22559685,0.039700568
1,0.35328004,-0.32407856
0,0.058159884,0.049111575
0,0.08189964,-0.026910588
1,0.058871526,0.18471596
0,0.10169391,-0.3446235
1,0.18951711,-0.43172204
1,-0.24761212,0.2267752
1,-0.04236675,-0.1617847
0,0.20224738,-0.029938921
1,-0.017353661,0.23408665
1,0.1225262,-0.054960623
0,0.16526091,0.063347645
1,-0.0011144467,-0.44771904
1,-0.42234677,-0.39447302
0,-0.055675205,0.10069229
1,0.033946637,-0.09214188
1,0.1591951,-0.17721714
0,-0.0041600354,-0.009888604
1,-0.27518317,0.08108653
0,0.009768855,0.045749046
0,-0.40747613,-0.025099427
0,0.14332938,-0.03618349
1,-0.14963253,-0.053507164
0,0.31362444,-0.05858244
1,-0.09447826,-0.37076485
0,-0.041842904,0.006276965
0,-0.0176754,0.16905873
1,0.0032121055,0.031344786
1,0.09808576,-0.13618211
0,-0.09277479,-0.05918947
1,-0.23087066,0.20433855
0,0.11773838,0.041942425
1,-0.18474439,0.050295994
1,-0.0063988585,0.31072652
0,-0.015036173,-0.07794039
0,-0.03539321,0.099452585
1,-0.15794574,-0.13428856
0,0.06015769,0.020261317
1,0.09713122,-0.3546828
1,0.16323806,-0.0924021
0,0.31879586,-0.23947908
0,0.16544658,-0.18502595
0,-0.05983945,0.01973527
0,-0.22607315,-0.26838624
0,-0.24172676,-0.3164568
0,-0.23708968,-0.001539737
1,-0.00032560155,0.33658123
0,0.07782596,-0.121656016
1,0.2195077,-0.06568213
1,-0.16934755,0.12507819
1,0.056269187,0.056781918
1,-0.13188978,-0.06165223
1,-0.18399347,-0.33916992
1,-0.09719038,-0.031759977
0,-0.015670035,0.20452482
0,0.027184404,-0.04490058
1,0.12727869,-0.033999413
1,-0.32345867,0.09400563
0,-0.153632,0.0036494285
0,-0.15263492,0.113123715
1,-0.07617095,-0.312967
1,-0.055021506,0.019422457
1,0.31270394,-0.2742713
0,0.2356523,0.0029302686
1,-0.14930242,0.04055295
0,0.101043135,0.052160054
1,-0.019537788,-0.11193223
1,-0.15389223,0.31797045
0,-0.15463251,-0.026210248
1,0.18176207,-0.14226069
1,0.091176555,0.109437615
0,0.15336154,-0.12667672
1,0.052272733,-0.13602488
1,-0.008597624,0.22041643
0,-0.040727362,0.13201605
1,0.15709364,0.22026163
1,-0.20036519,0.42054743
1,0.13779101,0.5125913
0,-0.13956076,-0.0699289
1,0.1414782,0.14718407
0,0.18200198,0.25415465
1,-0.062101737,-0.056116298
0,-0.3609833,0.14446327
0,-0.052383773,0.019594207
0,0.051917437,-0.23109995
0,-0.04502907,0.023748904
0,-0.21507841,-0.03609924
0,0.013321601,0.050810263
0,-0.0735894,-0.068919405
0,-0.2480577,-0.061020672
1,-0.24074142,0.21918434
0,0.23128408,0.13466355
1,-0.029361315,0.00989271
1,-0.18486512,0.046584576
1,0.3339768,-0.21139611
1,-0.10729423,-0.007187858
1,-0.06479914,-0.22178327
1,-0.41582632,0.047070466
1,-0.033505086,-0.5054432
1,0.14029706,0.24473765
1,-0.2652207,-0.22466825
0,-0.035352856,-0.28902227
1,0.35374576,0.40138316
1,0.2886424,0.13697919
1,-0.16105938,0.015977815
0,-0.114902735,-0.026003048
1,0.29539979,-0.1149389
1,0.003146693,0.1715726
1,-0.15083376,-0.09212521
0,-0.102621645,-0.030484661
1,-0.13247427,-0.31975806
0,0.012157369,0.007084027
0,0.16385801,0.039115272
1,0.036027145,0.13676463
0,-0.05816547,0.016028628
0,-0.082013845,-0.17503555
1,-0.3235129,-0.09220192
0,0.16843122,0.033651978
0,-0.0046135634,0.13849472
1,-0.15447837,-0.029644907
1,-0.013357749,0.20542362
0,0.38522756,0.085855894
0,0.29105878,0.18824422
0,0.06195103,0.020150669
1,0.08893576,0.20629269
1,-0.09086854,-0.16909136
1,-0.22448952,-0.09840758
1,-0.16427734,-0.045711443
0,-0.1817819,0.13141882
0,0.011260107,0.02921687
0,-0.13574563,-0.33114684
0,0.007691767,-0.07436395
1,0.087010056,0.07438079
1,-0.20574278,0.23112959
1,0.30782,0.26220647
1,-0.35334125,-0.3101068
1,-0.31310713,-0.038700834
1,0.12283185,0.20138478
0,0.016334735,0.10389008
1,-0.08071186,0.47829407
1,-0.16680151,0.13490333
0,-0.032021727,0.17747754
0,-0.044430178,-0.009404898
0,0.33500144,0.008575156
0,0.0077642575,-0.09451382
0,-0.04133262,0.17585407
1,-0.06848036,0.074730724
1,-0.37321973,0.13522598
1,-0.05306443,-0.038724497
1,-0.088622704,0.20580187
0,0.06300792,0.029693596
1,-0.13752647,0.37698144
1,-0.16375418,-0.2727877
1,-0.1952024,-0.34986174
0,0.28959316,-0.003767386
0,-0.2844649,0.09103179
0,0.04973488,0.043429628
0,-0.18001494,0.003335297
1,-0.20226271,0.24172178
1,0.05838405,0.2722594
0,0.09813301,0.08027983
1,0.03222498,0.08133363
1,-0.055659764,-0.040732965
0,0.12363061,0.029049575
1,0.0933903,-0.3714912
1,-0.17029375,0.08507716
0,-0.25855106,0.16601753
0,-0.1198414,0.07702645
0,-0.03689512,-0.04646094
1,-0.17154774,-0.024775684
0,0.046803307,0.10206122
0,-0.11452709,0.1234579
1,0.003911197,-0.08026935
0,0.23600048,0.04205501
1,-0.07918593,-0.25640005
1,0.08974008,0.03520015
0,0.014872845,-0.12633367
1,0.61366117,-0.1995442
1,0.23805612,0.17958805
1,-0.20346957,-0.37602615
1,0.14381689,-0.16423477
1,0.13405967,-0.15270992
1,-0.10716757,0.020845003
0,-0.07267624,0.094392434
0,-0.16073087,-0.04289338
0,0.13274865,0.07152143
0,-0.129976,0.16290103
0,-0.22179288,-0.094743
0,0.085892335,0.035028696
0,-0.15059285,-0.036659256
1,-0.05356991,0.20613678
1,0.55124545,-0.19456176
1,-0.046159476,0.37843585
1,-0.11695543,-0.6888676
0,-0.12407336,0.007228151
0,0.03821953,0.044100545
1,0.3198106,-0.025988594
0,0.01195794,-0.03983617
1,0.054683287,-0.082307085
1,-0.1000348,0.040186584
1,0.25355062,0.0632028
0,0.06499192,0.22058015
1,0.20574589,-0.018905297
0,0.099128455,0.20403245
1,0.12453194,0.31068426
0,-0.12627676,-0.14935203
1,0.019016854,0.18880439
0,0.04671606,0.11790635
0,0.20782933,-0.042103723
0,-0.14938197,0.15236604
1,0.1011191,-0.046249837
1,0.017401643,-0.3178692
0,-0.08146352,0.05229175
0,0.058949832,-0.20850743
0,0.1614638,-0.08787604
1,0.053703103,0.021691412
1,-0.17814755,-0.26153946
0,0.118759915,-0.12138124
0,0.0042461604,-0.12740792
0,0.042391542,0.015289016
1,0.0859749,0.21260974
0,0.22806495,0.17213526
0,0.2166934,-0.06089671
0,-0.004701128,-0.03832856
0,-0.1582001,0.044749014
1,0.33912566,-0.44443464
0,-0.20095256,-0.03556195
1,-0.38283268,-0.023942709
0,-0.0045045614,0.118283734
1,-0.28799176,0.041904524
0,-0.09913482,0.06092228
1,-0.14521869,-0.05468434
0,0.05465645,0.098023385
0,-0.016835878,-0.1120075
0,0.08696568,0.012045495
1,0.063144565,0.091510005
0,-0.14084785,-0.102778375
0,0.15239255,-0.0557753
1,0.25551367,0.16531752
0,0.019028008,0.08208552
0,0.09043883,-0.11370741
1,0.3371685,0.036636434
0,0.27638936,-0.053888336
0,-0.08353637,0.08869493
0,-0.06582433,0.00067940354
0,0.008635126,0.105124146
1,0.23003834,0.06639289
0,0.08768974,-0.05872096
0,-0.009167485,-0.028233364
1,-0.32255626,0.24762058
1,0.019704897,0.27980706
0,0.44080493,-0.03456296
0,0.109172374,-0.26003635
0,-0.33940613,0.13661945
0,0.23930034,0.17656982
1,0.35372978,0.13517311
0,0.13506342,-0.017023027
1,-0.47246253,-0.27672642
0,0.43359604,-0.08389957
0,-0.2601885,0.069639765
1,-0.26639834,0.006602049
1,0.49367964,0.14007846
0,0.04580714,0.011621609
0,-0.050662454,-0.14990164
0,-0.06371157,-0.22460909
0,0.029992152,0.13902831
0,-0.24039853,-0.13168333
1,0.0659457,-0.093338
0,0.13102493,-0.11507441
1,0.50905824,0.21555692
1,0.41932878,0.10722369
0,0.08024238,0.09697736
0,0.08875863,0.13384975
0,-0.12053175,0.03881274
0,0.08589408,0.15946244
1,-0.005337104,-0.2105927
0,-0.24285202,0.2716002
1,-0.019971184,-0.039118424
0,-0.05068279,-0.05304049
1,-0.14640309,-0.33585805
1,-0.08357151,-0.25538105
0,0.22683322,0.015363842
0,0.054603208,0.18865545
0,-0.20454387,-0.009428725
0,0.1267249,0.064245835
1,0.24502558,-0.009176195
1,-0.30228245,-0.32057673
1,-0.18841496,0.14072844
0,-0.14623351,-0.10785119
0,-0.05237291,-0.10669513
0,0.3549778,-0.09158933
0,-0.1814658,-0.048874393
1,0.07322435,0.2861585
0,-0.06437178,-0.010670111
1,0.12187672,-0.048095122
0,-0.21208677,-0.08035357
0,-0.08455585,-0.10283987
0,0.13621512,-0.02701044
0,-0.097727224,-0.059893146
1,0.14569801,-0.39533043
0,-0.2879292,-0.051012114
0,-0.1569666,-4.2542815e-05
1,0.29195273,0.36108434
0,-0.17349876,-0.16156976
1,-0.030787658,-0.07834093
1,0.17995022,-0.046484947
1,-0.23063746,0.100665115
1,0.29924485,0.142569
1,-0.26032522,-0.1186869
1,-0.001405526,-0.16686673
1,0.17533132,0.049210668
0,-0.15546161,0.0008174777
1,0.20604971,0.13477108
1,-0.11041629,0.16655523
1,-0.054034583,-0.09255643
1,0.23099121,-0.03069137
0,-0.14981422,-0.25408745
0,-0.18312177,-0.014355302
0,0.2649052,-0.20381053
0,-0.058450297,0.08840231
0,-0.10776524,0.16276048
1,-0.19302769,0.44762754
0,0.087864324,-0.039088964
1,0.24555427,0.23036182
0,0.1761226,-0.01867409
0,0.21198308,0.10641988
1,-0.2286205,-0.10641
0,-0.15956049,-0.16030727
1,0.021864273,0.1852616
1,-0.34685588,0.30707106
1,-0.10438746,0.04627569
1,0.18928926,-0.03990622
1,-0.32110757,-0.01217097
0,-0.07870929,0.06925302
0,0.27329886,-0.122127995
1,0.2827869,0.0213046
0,-0.19355583,-0.21935202
1,0.19393785,0.004910603
0,-0.011605445,0.07440205
0,0.048126448,-0.005893767
1,0.5040057,0.06111265
0,0.11071698,0.30859542
0,0.27547053,0.05155681
0,-0.2325847,0.047256812
1,0.0024599507,-0.14435633
1,0.09148137,0.4489677
1,-0.09843412,-0.30709696
0,0.08328432,0.024212196
0,-0.13764775,0.010239832
1,0.05319624,-0.11359054
1,0.026715167,-0.32250482
0,-0.10388103,0.14232802
1,-0.23929042,0.038638465
1,-0.33492142,0.13515578
0,0.13619533,0.08050551
1,-0.3336005,0.11026174
1,-0.33354568,0.28011632
1,-0.21329337,-0.13057454
0,0.054378588,0.1434186
0,-0.27921727,0.12111538
1,0.054934036,0.08181674
1,0.14691183,-0.74190074
0,0.06794909,-0.06523837
0,-0.09864585,0.059794687
0,-0.15172912,0.0343955
0,0.14444089,-0.020513937
1,0.04075532,-0.251886
1,0.36617154,0.32794702
0,-0.11227378,0.14738032
0,0.17618743,-0.11181967
0,-0.046438448,0.12379007
1,0.065723196,-0.17108701
1,-0.1839486,-0.28457934
1,-0.06177952,-0.19690944
1,-0.044330515,-0.32837802
0,0.19157752,0.10540686
0,-0.09640311,-0.011277497
0,-0.064442016,-0.069483176
0,-0.16746342,0.08544861
1,0.28028288,-0.21597458
0,0.26088935,0.032710604
1,0.054248746,0.34580314
0,-0.09930436,0.12832221
0,0.20383042,0.16140333
1,0.1270133,-0.32802588
1,0.011456266,-0.48479176
0,0.09977603,-0.26794392
0,-0.22224504,-0.09382844
1,-0.03558632,0.48400533
1,0.16358857,0.5649111
1,-0.104562595,0.10963069
1,0.0053325742,0.05106657
1,0.13580579,-0.049154982
1,-0.22597487,-0.2530334
0,0.15994602,-0.011587873
1,0.08395676,-0.048662037
0,0.07417515,0.14710012
0,-0.08084419,-0.07357769
0,0.022272434,-0.007990107
1,-0.33089805,-0.55272806
0,-0.16271088,-0.034290567
0,-0.09151759,0.02242539
0,0.03897037,0.010024168
1,0.15487017,-0.18656193
1,-0.18741177,0.17784661
1,0.07950686,-0.33721054
1,0.16214861,-0.18274148
0,-0.04208299,-0.20604421
1,-0.17971769,-0.0040679127
1,0.051205587,0.057604052
0,-0.039395735,-0.09799267
1,0.32815456,0.35066336
0,-0.03973501,-0.13372572
0,-0.00079709664,0.10769335
1,0.031535473,-0.34617156
0,-0.14662147,-0.37339985
0,0.051065583,0.15794742
0,-0.17173564,0.034711577
0,0.12675849,0.074929595
1,-0.30035418,-0.22505812
0,-0.07956836,-0.09964709
0,0.25353298,0.039879046
1,0.491983,0.16930151
1,0.22653192,0.5348761
0,0.20585483,-0.027991116
1,-0.25401393,0.002062872
1,0.3548132,-0.019708708
1,0.31668594,-0.039846614
0,-0.09702799,-0.027314946
0,-0.018976446,-0.026540443
0,0.003933836,0.1727776
0,-0.0043736175,0.035138436
0,0.33956674,-0.040802434
1,0.18963379,0.43085676
0,0.18078567,0.14720492
0,-0.08863369,-0.046707273
0,-0.082563154,0.07174428
0,0.20741123,-0.1831509
1,-0.019591343,0.28115493
0,-0.011688162,-0.07125345
0,-0.09494145,0.072169796
1,-0.1358697,-0.06925359
0,-0.117951706,-0.062989
1,0.23190975,-0.22724219
0,0.18863493,0.032088116
1,0.05230288,-0.16146572
1,-0.16168335,-0.20551024
0,0.16480368,-0.14554282
0,-0.029395465,0.027860954
0,-0.05382937,-0.14390533
1,0.24335495,-0.13699435
1,0.1074352,-0.22838359
1,0.16310823,-0.09164059
0,0.064397514,-0.23481669
0,-0.18488921,0.09847912
1,-0.251451,0.026362196
0,0.31333262,-0.09247407
1,0.09694299,-0.14013
1,-0.41626966,0.20159833
0,0.023545664,-0.62784487
1,0.2514393,-0.1259496
0,-0.04126932,0.07443896
0,-0.31807336,0.13621938
1,0.0068358183,0.22289234
1,0.050105784,-0.05220352
0,-0.109801084,-0.008174822
0,0.25428528,-0.021979615
1,-0.32013538,-0.10014449
0,-0.25243792,-0.0749515
1,0.35806406,-0.13376491
0,0.39507484,0.0014939755
0,-0.008055512,-0.044928327
1,-0.2616368,-0.0062386394
1,-0.24835452,0.1913768
1,0.05865055,-0.097164586
1,0.16567877,-0.18742283
1,-0.10451162,-0.059652075
0,-0.114024475,0.15572295
1,0.079585806,0.42244476
0,0.15639296,0.0127274245
1,0.1658678,0.099509165
1,0.1716359,-0.35278237
0,-0.2672263,-0.18675514
0,0.0026652217,0.20659834
1,0.08953513,-0.15425216
0,-0.046600923,0.08582139
0,0.15507482,0.064863704
1,0.042847563,-0.4179256
1,0.13319004,-0.057764754
0,0.12142822,-0.1686349
1,0.26149353,-0.18253444
1,0.16409978,0.19363335
0,-0.023278438,-0.13363217
0,-0.091208294,0.06562868
0,0.021370474,0.014233619
0,0.09467618,-0.006381035
1,0.16499186,-0.22851776
0,0.12315273,-0.23674501
0,-0.0068012923,0.18837011
0,0.13762681,-0.18387826
1,-0.014073759,-0.10754453
0,-0.018598448,0.14430743
0,0.055602152,-0.026222482
0,0.29232243,0.039384693
1,-0.018429989,-0.08800183
0,-0.022669923,-0.0625519
1,0.1630003,0.2539364
0,-0.1856985,0.10962413
0,-0.07376887,0.1785321
1,-0.012660798,0.2838826
1,-0.049934052,0.022709496
0,0.015253406,-0.10921721
1,0.091220945,0.4634682
1,0.18110424,0.28393033
0,-0.05231597,0.04392667
0,-0.10661827,-0.14776082
0,0.026221648,0.08900815
1,0.31212264,0.077433795
1,0.20280096,-0.44712734
0,0.13342294,-0.020578697
0,0.24047291,0.047721207
1,0.25036126,0.11931576
0,-0.112904325,0.11882166
0,0.14171901,-0.07012215
1,0.6758961,-0.04172848
0,-0.16391331,0.027458966
1,-0.14336528,0.06473553
0,-0.20969799,0.084147096
1,0.28507072,-0.03557481
1,0.36989707,0.097459026
1,-0.021026552,-0.0075595677
1,-0.08898176,-0.07113412
0,0.116776735,0.09487949
1,-0.00924788,0.059349604
0,-0.057891555,0.051325
0,-0.119440615,0.06307767
0,-0.12587972,0.0030910373
1,0.020116746,0.34253275
0,0.12790003,0.018096313
1,0.0737111,0.26691842
0,0.08177884,0.1534704
0,-0.001259815,0.13011524
1,0.19328374,0.26906806
1,0.108076766,-0.1690001
0,-0.03212656,0.18144846
1,-0.035026528,0.28678715
0,-0.019431088,-0.022198483
1,0.005676899,-0.1466815
1,-0.3018816,-0.025993362
0,-0.15741287,-0.0850002
1,0.07330039,-0.22672535
0,-0.0047900863,0.14091977
0,-0.027584653,-0.09685807
0,-0.13942273,0.041491963
0,-0.11849894,0.085752755
1,0.16203317,0.3137461
1,-0.0066827442,0.21040398
1,0.07588369,0.36495513
0,-0.24542415,0.045485266
0,-0.06811275,-0.07340479
1,-0.40971756,0.40507644
0,0.29451272,-0.21711843
1,0.31071794,-0.13946177
1,-0.19943215,0.15486637
1,0.36252803,-0.17778815
0,0.20571572,-0.04155363
0,0.009316176,-0.0018386245
0,0.02511667,-0.04367338
0,-0.06023783,-0.034899935
0,-0.023152268,-0.09928511
0,0.30250752,-0.10185285
1,-0.06790924,-0.0034787655
0,-0.25674495,-0.21102531
1,-0.21944779,-0.3692627
0,0.034548957,0.28926978
1,0.24209982,0.08126935
0,-0.20697166,-0.064033255
0,-0.1389225,0.017992057
0,-0.49233007,-0.018684223
0,-0.18365714,-0.06659441
0,-0.12947017,-0.05180399
1,0.3139138,-0.025489569
0,-0.23390406,-0.2678632
0,-0.13639379,-0.22611208
1,-0.13601188,-0.0032950044
0,-0.09945691,-0.06802547
1,-0.17875522,-0.041510135
1,-0.46557996,0.3217144
0,0.24472904,0.024349116
0,0.017761033,0.20481764
0,-0.2405743,0.03899534
1,0.07466373,0.31634814
1,0.09130129,-0.53160256
0,0.08607584,-0.07672045
0,-0.08691855,0.21506207
1,0.07013704,-0.08875848
0,-0.32897466,0.04677485
0,0.35332978,-0.0015145391
0,-0.16186766,-0.13215868
0,-0.106252626,0.017042845
0,0.12124297,0.050149426
1,-0.1604854,-0.17097639
0,0.29411358,0.017847933
1,-0.12840658,0.043674655
1,0.18304548,0.05303555
0,0.18783176,0.09955819
1,-0.071232244,0.35251212
0,0.080038786,0.01208812
0,-0.1509288,-0.052921474
1,0.2800021,-0.41977745
0,-0.360115,0.067725405
1,0.28028643,-0.31359744
0,-0.12523346,0.101215154
1,-0.024122346,0.131253
0,-0.06413168,0.03819742
1,-0.093640596,0.1969508
0,0.08757082,0.067638546
1,0.101353034,-0.314987
0,-0.007039167,0.10119079
1,-0.3861721,0.47149247
0,-0.10327302,-0.010078058
1,0.16030392,-0.038008645
0,0.04344072,-0.025277078
0,0.20274049,-0.02911891
0,0.20617446,-0.03654912
0,-0.12571084,0.25738698
1,0.18088034,-0.0082870275
1,-0.25577497,0.17331854
1,0.16414082,0.08534496
0,0.015195217,0.076787665
1,-0.2577219,0.057264224
0,-0.14056407,0.042862058
1,0.18243839,-0.39395845
0,-0.012504842,-0.015947536
1,0.062034387,0.44392765
0,-0.14395718,-0.034384236
0,0.019694593,-0.043978676
1,-0.38906065,0.18087752
1,-0.08590609,0.19491956
0,-0.12436743,0.05782576
0,-0.010693457,-0.02187775
0,-0.15047078,0.08637862
0,0.20324185,0.150518
0,-0.10376795,0.29409677
1,0.1105295,-0.019459948
1,-0.3635149,-0.2267368
1,0.28349122,0.083742246
0,0.16771987,0.14015296
1,0.10522549,0.08500741
1,0.13925967,-0.30900055
1,-0.2777333,-0.16366918
0,-0.34153852,0.019756153
1,0.06972538,-0.2683804
0,0.0515478,0.07612194
0,-0.12487668,0.0013198256
1,-0.28173757,-0.28865302
1,-0.12109281,-0.019916043
1,0.2991743,-0.044090927
0,-0.038399205,0.10486806
1,-0.27395034,0.16306578
1,0.29389328,-0.14310537
0,0.008013651,0.09524369
0,0.15957198,0.051145107
0,-0.08655201,0.021792442
0,0.077708885,-0.019759938
0,-0.0370128,0.044113748
0,-0.064255774,0.14947356
1,-0.27651295,0.14748892
0,0.0695623,0.07238506
0,-0.37189788,-0.0068338066
0,0.048242155,0.00787583
1,-0.5363096,0.19963562
1,-0.08980236,-0.015311971
0,-0.0064282827,0.008164078
1,-0.036116224,0.11720456
0,-0.007955199,-0.11641754
0,-0.24749298,-0.33460784
0,0.19537196,-0.0001091063
1,0.04046837,-0.041115016
1,-0.02394967,-0.030887872
0,-0.26514933,-0.03543
0,0.061141524,-0.04489
1,-0.13302754,-0.47472525
1,-0.28270376,-0.20512791
1,-0.018137056,-0.2602501
1,-0.1817615,-0.2253852
1,-0.09346717,0.19175912
0,0.22113574,0.032484107
1,0.1966509,0.23556215
1,-0.22179571,-0.103545025
0,0.51627123,0.05033741
0,0.074009225,0.095616974
0,0.2405751,-0.14243548
1,-0.0820549,-0.51189625
0,-0.087658465,-0.15064932
1,-0.30925784,-0.23660327
0,-0.33948314,0.14625163
1,0.2719546,-0.30072916
0,0.2548084,-0.04007335
1,0.21423948,0.36726922
0,-0.043588724,0.044025972
1,0.15428045,-0.05109547
0,-0.2367332,-0.007861033
0,0.0425477,0.05034242
0,0.1138773,-0.072079524
1,0.18634552,-0.1819066
1,0.10947934,0.04826893
1,0.40884516,-0.022358015
0,0.025110792,-0.08234167
0,-0.20850618,-0.07448937
0,0.4618761,0.046049334
0,-0.14217386,0.09288983
1,-0.120534524,-0.26341856
0,0.084676415,0.039882503
1,-0.45352215,-0.3479972
1,-0.114757895,0.47853768
1,0.049102154,-0.38157487
1,-0.1306126,0.21074149
0,0.08510363,-0.061165348
1,-0.29846162,0.062491126
1,-0.40799206,-0.20813562
0,-0.14157183,0.10310704
0,-0.041451372,-0.07685788
0,-0.2068348,0.22412696
1,-0.114546135,0.15582463
1,0.1567434,-0.22865345
0,-0.021020826,0.023411669
0,0.32315144,-0.15109111
1,-0.010720212,0.13362508
0,-0.33408403,-0.20522468
0,0.0028006658,0.065032944
1,0.026128069,0.15792847
0,0.32766268,0.05167587
0,0.28761375,-0.023033142
1,0.09158227,0.18978083
1,-0.12459634,-0.10688688
1,-0.16099694,0.4206609
1,-0.06366956,-0.017631263
1,-0.18855342,-0.38858247
0,0.07328357,0.000825271
1,-0.08383468,-0.025017992
0,-0.07617372,0.060876712
0,0.3158304,-0.03418599
0,-0.22113141,0.07165193
1,0.2237221,-0.26172364
1,-0.20647083,-0.23550655
1,-0.022833366,0.16416654
1,0.08967768,0.27929366
0,0.10115872,0.10716325
1,0.23198247,0.12571217
1,0.2130346,0.24064368
0,0.29580677,0.008387186
1,-0.1325907,-0.2487631
0,0.19003555,-0.07861249
0,-0.06934341,-0.088543564
1,-0.059946362,0.016941182
0,-0.14977883,0.040268973
0,-0.24745473,-0.08503811
1,-0.04434962,-0.34238958
0,-0.07450637,0.023011796
1,0.15101591,0.12893517
1,0.10453284,0.5170968
1,-0.46138003,-0.1081488
1,0.23082009,-0.012119427
0,0.059331063,0.016760334
1,-0.15986249,0.13322814
0,-0.08627839,0.06081952
0,0.22594264,0.010003261
1,-0.19702837,-0.28214568
0,-0.028471425,0.105575725
0,-0.10916208,0.022009686
1,-0.2969351,-0.1224433
1,-0.20214152,-0.21697561
0,-0.030753449,0.015513547
0,-0.037281953,0.17979527
1,-0.25581458,0.005820602
1,-0.14012386,0.048267625
0,-0.06981397,-0.024598822
1,0.29640406,0.06339738
0,-0.21995026,0.009307712
0,-0.07816215,0.082457185
0,0.19585188,-0.061271623
0,-0.26461214,0.21024826
1,-0.1543118,0.2733326
1,-0.04914142,-0.16249816
0,0.093917474,0.090368345
0,0.1565513,-0.03745006
0,0.26663336,-0.1645449
0,-0.065418534,0.10779664
0,0.013611689,0.017686166
0,-0.19531019,0.061734594
1,-0.13269505,0.300431
0,0.11579749,0.016793616
1,0.037008945,-0.0010201335
0,-0.07602544,0.03015238
1,-0.1746494,-0.105506286
1,0.20748574,-0.05242391
1,0.3770132,0.29203612
1,0.15698624,-0.15987898
1,0.16381468,-0.3880005
0,0.16770218,0.064509384
1,-0.07364701,-0.024038985
0,-0.14372656,-0.01742892
0,0.20609716,0.02235584
0,0.32062703,0.10978227
1,0.26524383,0.055208534
0,0.26592287,-0.17877267
1,0.26505315,-0.03263758
1,0.062167827,0.0617653
1,-0.06600296,0.074096546
1,-0.17028515,-0.13297917
0,-0.09310268,-0.047234043
1,-0.08686301,0.24888079
0,-0.23068073,-0.039755106
0,-0.074024305,0.09671268
1,0.40486288,0.49262166
1,0.30187958,0.11851354
0,0.14783543,0.11285327
0,-0.16781059,-0.0022905767
1,-0.08567864,-0.2463441
1,-0.109134614,0.12329015
0,-0.08855948,0.025862508
0,0.0357651,0.017508097
0,-0.078711286,-0.068756565
0,-0.1435708,0.09138009
1,0.0903662,-0.3231606
0,-0.16056417,-0.022360459
1,0.0248571,0.06601467
1,-0.3129409,0.06979004
0,0.31020778,0.022891372
1,0.06294204,-0.14248492
0,-0.10425475,0.10008004
0,-0.12132862,-0.046156958
0,-0.07611492,0.12657002
0,0.08967461,0.089355886
1,-0.2273469,0.30565178
0,-0.2114434,0.055021606
0,-0.19534162,-0.16222395
1,-0.23813885,0.0033783466
1,-0.062153507,0.027427405
0,-0.13631333,0.29367456
0,-0.12537792,0.121385224
1,0.28169456,0.050390422
0,-0.14277858,0.067252524
0,-0.13238707,-0.070731625
1,-0.37687713,-0.08141892
1,0.07925241,-0.08946799
1,-0.021169264,0.15633424
0,0.13776293,-0.09673844
0,-0.22711724,-0.2456704
1,-0.35000184,0.09195254
1,0.1669302,0.009753689
1,0.07759023,0.10994199
0,0.0681393,-0.011987284
1,0.20741355,0.04755473
1,0.12397286,-0.004929185
0,-0.17022206,-0.03052947
0,0.12591882,-0.1897989
1,-0.21294764,0.08213851
0,0.33600575,-0.11694436
1,0.09743966,0.15589061
0,0.15004236,-0.25152904
0,-0.13312586,-0.03387758
1,0.01594197,-0.28874737
0,-0.21273386,-0.02083759
1,-0.28692162,0.07728817
0,0.043111112,-0.09208538
0,0.0935328,-0.07435432
0,0.14326581,-0.01844056
0,-0.017189372,0.12608339
0,-0.0031613968,-0.05248025
1,0.042420406,-0.13978268
1,0.007872961,-0.1038993
1,0.0022016354,-0.3697583
1,-0.21451405,0.41776764
0,0.24883667,-0.24332948
1,0.21252912,0.08755719
0,-0.18777841,0.054396972
0,0.18319833,-0.2684679
1,-0.28268394,-0.19838955
1,0.32228762,0.0353396
0,-0.24584866,-0.039059237
1,0.23980969,0.21836935
1,-0.0077776276,0.41289628
1,0.067774504,-0.0080676675
0,-0.07902691,0.059288204
1,-0.015400274,-0.01117079
1,-0.14483489,-0.12257947
0,-0.15714224,-0.048122793
1,0.13072707,-0.0023033023
0,-0.18968996,0.049207844
1,-0.07458052,0.035439454
0,0.007877722,0.18806829
0,-0.34659237,0.16508693
0,-0.2678819,-0.29132396
0,0.0031744763,0.159758
0,-0.057544477,0.04546316
0,-0.31515324,-0.09380677
0,-0.14630857,0.096313976
0,-0.11896646,0.02571667
0,0.21605885,0.006799534
0,-0.013760749,0.037530914
0,0.082741246,0.14766341
1,-0.08466293,-0.02976115
0,0.09150255,0.10798481
0,0.17791943,-0.36618716
0,0.20217848,-0.22368743
1,0.086463064,-0.10346776
1,0.5044997,0.23091091
1,-0.056738418,-0.119739726
1,-0.022266973,0.27722257
0,0.2702396,-0.10047081
1,0.3040198,-0.16055055
0,0.16076536,-0.0488012
1,-0.15526862,-0.4265858
1,0.105552256,-0.03400646
1,0.19612864,-0.08649978
0,-0.1198754,-0.007244915
0,-0.037026327,0.043249056
0,0.38668156,-0.008553803
0,-0.06732001,0.1795656
1,0.22320244,0.42823684
1,0.044054616,0.20059578
1,0.2539118,0.04563678
1,-0.07563199,0.031401746
0,-0.18330063,0.07707274
0,0.34852272,0.2716732
0,-0.02940442,0.040302083
1,-0.24224083,-0.14755417
0,-0.0036027394,-0.03679122
0,-0.1545736,0.17804301
0,0.35181832,0.012296662
0,-0.14610498,0.18581675
1,0.03972606,0.11610095
0,-0.12228723,-0.124255076
1,0.27340096,0.33294702
0,-0.009632008,0.15383452
0,-0.19262156,0.07374133
1,-6.170198e-05,-0.08575496
1,0.060077745,-0.2833516
1,-0.12408203,0.3986019
1,-0.12583758,-0.040960297
1,0.48649812,0.18996151
0,0.027752552,-0.020286366
0,0.03848244,0.038934156
0,-0.13982125,-0.020797044
0,0.1625804,0.053480975
0,-0.4070283,-0.35923022
0,0.025233906,-0.016358241
1,-0.2557508,-0.08739664
1,0.3622052,0.15635003
0,0.1055447,-0.016753688
0,0.014064331,0.060291737
0,-0.116811186,0.081728846
1,-0.0071113296,0.24658743
1,-0.33877385,0.19781269
1,-0.08156648,-0.121190116
1,-0.26812395,0.27890044
0,0.07365817,0.056646317
1,0.018733919,-0.15797074
0,0.08049025,-0.06101431
0,0.17580369,-0.08274035
0,-0.13812988,0.069997996
1,0.07188818,-0.027346388
0,-0.28895023,-0.03168352
1,-0.29605442,-0.26606756
1,0.12773302,-0.16719772
0,0.023269515,0.20015705
0,-0.22539352,-0.0069480687
1,0.34603184,-0.051560983
1,0.045200083,0.27996808
1,0.010286856,0.1166446
1,-0.09319487,-0.007044986
1,-0.36007148,-0.07677035
1,-0.40052372,-0.116266385
1,-0.30250198,-0.1251551
0,0.12884763,0.15677725
1,-0.14272721,-0.0669058
0,-0.12922634,0.17831373
1,-0.24637222,0.035665408
1,0.12064879,-0.13487132
0,-0.24622943,-0.34530425
0,-0.22991773,0.10839079
1,0.1923973,0.25142533
0,-0.017019581,0.1213071
0,-0.105891675,-0.07381712
0,0.18228224,0.054761685
1,0.24482355,-0.4160133
0,-0.0022555925,0.0037570447
1,-0.018928794,-0.2674644
0,0.23329788,-0.3045799
0,0.17440821,-0.0667101
1,0.32741696,0.20250978
1,0.23017392,-0.32435358
1,0.08658324,-0.13256593
0,-0.2350819,0.0066134185
1,0.018519897,0.045665383
0,0.28727567,0.14978552
0,0.075938895,0.0560596
1,-0.24286075,-0.1498753
0,-0.07920931,0.213662
0,0.19432145,-0.022539452
0,0.09412959,0.12004576
1,0.08258732,0.31498912
0,0.022545371,-0.054833353
0,0.035405617,0.05441776
1,0.24024239,0.22254702
1,0.22922203,0.36634225
0,0.09813906,0.071442604
1,-0.12059069,0.24044621
1,0.19340901,-0.11962469
1,0.19561198,-0.158652
1,0.47040248,0.30679935
0,0.25028324,-0.07700947
1,-0.061108787,0.15880932
0,-0.15738358,-0.04539877
1,0.052274596,0.20756878
1,0.24201798,0.5344759
1,-0.17815726,0.39681447
0,0.31257105,0.23481423
0,0.16928607,-0.03708659
1,0.1878922,0.27216607
0,-0.25688222,-0.132634
1,0.0072820224,-0.21060388
0,-0.31896406,0.036364377
0,0.49532133,-0.13402452
1,-0.14574488,0.25441867
0,0.082804635,0.07731901
1,0.016556311,0.004398927
0,-0.08040571,0.085417256
1,-0.26491067,-0.19701211
0,-0.17898041,0.09879704
1,-0.035814274,-0.26118904
0,-0.13676405,-0.08158149
0,-0.3112539,0.09026876
0,0.05972975,0.09540428
1,-0.16994286,0.18019158
0,0.15821107,-0.073409736
1,-0.13820043,0.0036448985
0,0.02279298,-0.14778261
1,-0.11666907,-0.19346099
1,-0.0042418353,-0.0901372
1,0.5843651,-0.07130979
1,-0.13236006,-0.07902773
0,0.1882962,0.08721021
0,0.020163674,-0.0014693588
0,-0.08298874,0.03050781
1,0.12452273,-0.32400793
0,-0.26766378,0.031621985
0,-0.11240086,-0.13486238
1,-0.024335323,-0.26748145
1,0.112990886,-0.04065329
1,0.062300276,0.2473073
0,-0.16432206,0.14560646
0,0.012450106,0.21502554
0,0.05671901,-0.10463177
1,-0.21843275,-0.15277417
0,-0.16788548,0.039949045
1,0.012958221,0.13320917
0,-0.15843046,0.042217866
1,0.25234824,0.17146392
0,-0.13207097,0.12018666
0,0.18954845,0.060516685
0,0.024809845,0.10659373
0,0.049773674,0.17402561
1,-0.24647179,0.35577664
0,-0.018076276,0.0028373152
0,-0.13360395,0.118388295
0,0.235136,0.033427462
1,-0.20129004,0.1401787
1,0.05088878,-0.39108038
0,0.15419984,0.03416819
0,-0.060403615,0.033843964
1,-0.632753,-0.26410794
0,-0.16990224,0.03581004
1,-0.3487094,0.007949039
0,-0.11438751,0.008855939
0,0.14224887,-0.11299811
0,-0.04033891,0.015090853
0,0.22135404,-0.011852592
0,0.10654962,0.06466526
1,-0.052449297,-0.121738866
1,-0.050866704,-0.47179782
0,-0.32920218,0.024960041
0,-0.17193668,0.012923524
0,-0.016013151,-0.06243913
1,-0.22506694,-0.36564815
1,-0.07632679,0.22581808
1,0.08680907,0.070033744
1,0.2874388,0.017102495
1,0.013547052,-0.117956534
1,-0.41316676,0.17999102
0,0.05877989,-0.004391387
0,0.041225698,0.20004389
0,-0.12019524,0.12666205
1,-0.08932115,0.27107668
0,0.049000625,0.042479746
0,0.02928466,-0.065702006
1,-0.020132547,-0.20011084
0,0.24652815,0.06852454
1,-0.31006062,-0.010689631
0,-0.03672963,0.0246156
0,-0.03220518,-0.029602617
1,0.08356708,0.053282335
1,0.37379205,0.086011805
1,-0.11773178,-0.044382527
0,0.43776897,0.044859223
1,-0.052551836,0.1311159
0,0.1755977,0.081603795
0,-0.29759216,-0.1713597
1,-0.12072712,0.2882889
1,0.28232545,-0.021144211
1,0.23744333,0.32245505
1,-0.13188396,0.12117147
1,0.09247279,0.19488516
0,-0.07122522,0.12541543
1,0.13239151,-0.23759617
1,-0.019299768,0.13451315
1,-0.08264126,0.004406795
0,0.16381826,0.09775418
1,0.020235587,-0.3313049
0,0.13460688,0.16819334
0,-0.12479238,0.18143328
1,0.11813219,-0.22298951
0,0.08077803,0.0355895
0,-0.00466308,0.022521436
1,-0.4535717,-0.107271805
0,-0.32095402,0.16497713
0,-0.15021782,-0.026517436
1,-0.34779477,0.13136974
0,0.232784,0.013312057
1,-0.16157645,0.21916379
0,-0.1488479,0.049766913
1,0.081185415,-0.5210457
1,0.23027575,0.24536914
1,-0.17842448,-0.1090257
0,-0.122561604,0.1193277
1,-0.0062644556,-0.28161448
1,-0.20451638,0.07026374
1,-0.04154548,-0.16437598
0,-0.09646255,0.027264908
1,-0.28446317,0.27398536
0,0.025466427,0.1440948
1,-0.16263095,-0.2943349
1,0.1280205,-0.31154877
1,-0.02136878,0.029750995
1,0.13341914,-0.3456601
0,0.20345151,-0.18237747
1,-0.1457616,-0.09097575
0,0.013247509,-0.06526749
0,-0.009982821,0.13008569
1,0.090303555,0.023886442
1,0.2125664,-0.35688394
0,0.2292288,-0.02096738
0,-0.12103562,-0.01953058
1,0.07648632,-0.17239119
0,-0.105165884,0.021065667
1,-0.2430945,-0.1882896
0,0.22787407,-0.06848715
0,0.11241987,0.19912982
0,0.2917468,0.113096505
1,0.061100516,0.104008004
0,0.3822632,-0.18801178
0,0.2758855,-0.10874365
0,0.12217648,0.054214373
0,0.3429824,-0.102019385
0,0.21409047,0.00848335
0,-0.107908085,0.043507054
0,0.21776626,-0.063179865
1,-0.43074197,0.1900659
0,0.15636301,-0.14676864
0,-0.16758193,0.10095352
0,0.48045838,-0.097142056
0,0.07268605,-0.0019154549
1,0.0039036535,-0.14540155
1,-0.0040962603,0.16451412
0,-0.13360506,-0.07514335
0,-0.08499247,-0.014524266
1,-0.06120074,-0.1263765
1,0.10396677,-0.01659812
1,-0.020631542,-0.21748604
0,0.19407496,-0.10031587
1,-0.1396854,0.17233686
1,-0.09425573,0.07155107
1,-0.03337587,0.3376016
0,-0.095180586,0.02910231
0,0.059022974,-0.034447983
1,-0.021303166,0.13823226
1,0.060278323,-0.35845494
0,-0.2855335,0.007920481
1,0.15880659,0.31659818
0,0.2892182,-0.01791595
0,0.067052245,0.08771018
0,-0.011993976,0.11057502
1,0.16582821,-0.23927079
0,0.27801946,0.025376499
1,-0.06970896,-0.10007985
0,-0.034299113,-0.25909102
1,0.16015023,-0.044294715
0,-0.2729659,0.13818054
0,0.26270157,-0.10738884
0,-0.056072243,0.03873557
0,0.30705866,0.07830337
1,-0.070486516,-0.30545712
1,0.26157615,-0.31850368
0,-0.14517178,0.05956085
0,-0.045660827,0.032837898
0,0.03580786,-0.018105194
1,0.62839043,-0.15423138
1,-0.11052656,0.06383359
0,-0.15995398,0.12224668
0,0.13932335,0.1810165
1,-0.16614601,-0.16786243
1,-0.21019816,-0.1530786
1,0.30759096,0.006890923
1,0.035936896,-0.027086556
1,0.12411818,0.15422818
1,-0.14589769,0.028202884
0,0.26335126,-0.101706386
0,0.1114151,0.15402338
0,0.29914457,-0.014681429
0,0.20891237,-0.31603837
1,-0.11774543,-0.006295815
0,-0.22988364,-0.12738155
1,0.06788175,-0.20875965
1,-0.06518012,0.13197699
1,-0.063966885,0.3312176
1,0.16582337,0.024444662
1,0.091845155,0.20089138
0,0.038589377,0.1825554
1,6.2696636e-05,-0.16893442
1,0.16725454,-0.33253163
0,0.1535796,-0.059210315
0,-0.059132274,-0.22194405
0,0.099770024,0.010163441
0,0.035616223,-0.13409786
1,-0.55400676,-0.23031028
1,-0.31332582,-0.27902722
1,0.07517366,0.35571212
0,-0.047190595,0.06416685
1,-0.024339903,-0.2280517
1,-0.18056554,-0.03823875
1,0.13574576,-0.011466041
1,0.13969328,-0.32399726
0,-0.13093701,-0.052044332
0,-0.03455338,0.03505122
0,-0.18382855,-0.070996255
1,-0.19790925,-0.4036399
1,0.26995075,0.052114964
1,0.005982943,0.027532727
0,-0.15748262,0.14976107
0,0.0066677146,0.12060862
1,0.085167095,-0.12902118
0,0.1541858,-0.029414013
0,-0.15291145,0.008068487
1,0.14921969,0.49022394
1,-0.039420463,0.16969873
0,-0.004849961,0.07182873
1,-0.09833488,-0.33016777
1,0.12425117,0.05695594
0,-0.105545476,0.053913146
1,0.17850813,0.35642546
0,0.2488612,0.1310958
1,-0.07030129,-0.14105703
1,-0.2248929,-0.15777232
0,0.049991947,0.030041963
0,0.045004945,-0.15427358
0,-0.045616787,-0.29542768
0,0.15919363,-0.12489398
0,-0.17834447,-0.29612416
1,0.41959512,0.4073153
1,-0.18894432,-0.0129336715
0,0.100448444,0.2590275
0,0.07110837,0.16798536
1,-0.026012106,-0.013454214
0,-0.08452059,-0.042866364
1,0.2363953,-0.051275864
1,0.004546523,-0.12982847
1,0.110112995,0.0048849136
1,0.011274975,0.5102802
1,-0.0896682,0.18671994
1,-0.30512023,-0.11967011
1,-0.59292114,0.09448092
0,-0.30181798,0.230218
1,-0.51987976,0.33943784
0,-0.19411246,-0.061078012
1,-0.10671459,0.14513618
1,0.11607447,0.016321711
1,0.07053986,-0.1419973
0,0.00031259283,0.0100905
1,-0.09462839,-0.07366173
0,-0.07581117,0.055392653
0,0.107423976,0.07563351
0,0.052063,0.07551762
1,-0.15490001,-0.36914015
0,-0.13287555,0.22462352
0,-0.07200426,0.10105393
1,0.063725814,-0.07086016
1,-0.2956214,0.06578648
0,0.060926963,0.09779301
1,0.4156223,-0.12558015
0,-0.22467035,-0.050726578
1,0.0055378824,-0.119326755
0,-0.13009301,-0.11748135
0,-0.12227428,-0.066838324
1,-0.04299877,-0.35839993
0,-0.11349285,-0.29576337
1,0.06017368,0.468382
0,-0.20375508,0.13616449
0,-0.01867224,0.16584784
0,-0.012446368,0.047079064
1,0.22803134,0.10155967
0,0.21039453,0.032066017
1,-0.48122156,-0.055363983
1,-0.02776048,0.1104024
1,-0.15917754,-0.048945516
0,-0.12491439,0.09807224
0,0.19225228,-0.021640494
1,0.119230196,-0.0682693
1,0.1295527,-0.013295025
0,0.097783685,0.058610484
1,-0.18175918,0.19518599
1,0.14165282,-0.025520638
0,0.13479337,-0.023723036
1,-0.035629995,-0.1388972
1,-0.14292644,-0.41375744
0,0.22689876,0.0073559433
1,0.1902799,-0.25202852
1,-0.34673887,-0.31174862
0,-0.09349103,-0.13903
0,-0.05320187,0.031626567
0,-0.02292877,-0.0018632114
0,-0.023302123,-0.16647093
1,-0.090685606,-0.22035451
1,0.21633607,0.18704303
0,-0.20672932,-0.12146346
1,-0.18378825,-0.22706039
1,-0.098309815,0.035489693
0,-0.177437,-0.0111285895
1,0.13612267,0.28427994
1,-0.17083484,-0.06557344
1,-0.2939851,-0.121915415
0,0.037231524,-0.24830396
1,-0.06939262,-0.050999925
0,-0.047985047,0.1410713
0,0.19593522,0.17678857
0,-0.16330932,0.115914315
1,-0.113644645,0.04743004
1,-0.25507435,0.20263222
1,0.13451342,0.020077422
1,-0.12616166,-0.097030416
0,0.1886527,0.04685489
0,0.34181237,0.06522831
1,0.07654522,0.1195495
0,0.042465974,0.14311455
1,0.26148534,0.027634367
0,-0.09972347,-0.15071703
1,0.13545874,-0.01041089
1,0.13546263,-0.09307279
1,-0.3616954,-0.10759394
1,0.05986556,0.0413453
1,-0.2396929,0.2034844
0,-0.060450215,0.0154217705
0,-0.22140315,0.2793182
0,0.2455844,-0.040610984
0,-0.23507884,0.075472504
1,-0.26877323,-0.07321538
0,0.025053933,0.04536599
1,-0.008104097,0.2747972
1,0.38582742,-0.055332437
1,0.20907293,0.073877156
1,-0.25433367,0.1852347
0,-0.07555291,0.13593242
1,-0.18968394,0.28207546
1,-0.3179158,0.2812275
1,0.17639336,-0.18361731
0,0.32232004,-0.1800405
0,-0.14158335,-0.018785581
1,0.1483557,-0.52808774
1,0.2572629,0.033050507
0,0.019818794,0.1369947
1,0.029917594,0.0400559
0,0.16438168,0.05331508
0,-0.2081995,-0.19318198
0,-0.03790832,-0.14557947
0,-0.13476212,0.14189489
1,-0.02318031,0.015710577
1,-0.23181957,0.10363975
0,0.24262124,0.052461207
1,0.13084942,0.4439298
0,0.06306605,0.13672557
1,0.06976341,-0.107117444
0,-0.29584795,-0.12334262
0,-0.13363838,0.26550514
0,0.14133269,-0.011194408
1,-0.2495205,0.24735872
0,0.097239345,0.13696274
1,-0.16426674,0.013910994
0,-0.013166269,0.056379095
0,0.1539532,0.05324097
1,0.0028097704,-0.2311924
1,0.04908928,0.25245976
1,0.14013667,-0.020746648
1,0.014171105,-0.32621485
0,0.2772313,0.13579082
0,0.33186626,-0.14562489
0,-0.14313333,0.1152236
0,0.3158524,-0.008578166
1,0.38822198,0.09566036
0,-0.26888117,0.030038908
1,-0.10213499,-0.028811023
0,0.18602529,0.042348206
1,0.11979565,0.20849642
1,-0.006310638,-0.19501062
0,-0.11779161,0.11815311
0,-0.17536297,-0.0014884621
1,0.20954598,0.1707721
1,0.031891022,-0.013831615
1,0.18977623,0.13734534
0,-0.317204,-0.04206471
1,0.15463045,0.28639233
0,-0.15601833,0.08973597
0,0.2448951,0.064627014
1,0.06112236,0.24805465
1,0.4295057,0.10396212
1,0.23605037,-0.16105594
1,-0.23988242,-0.05974388
1,0.3566941,0.34157908
1,-0.22866197,-0.19779284
0,0.09712754,0.13980001
0,-0.22924647,0.106780246
0,0.25872722,-0.028502196
0,0.22103804,-0.10654302
0,-0.10133205,0.037263498
0,-0.08575867,0.14993036
0,-0.13190097,-0.06467043
1,0.12067753,0.04211495
0,0.0854063,0.0075469613
1,0.33376715,-0.14100899
1,-0.31780654,-0.07081804
0,-0.12881918,0.09802562
0,0.35132226,-0.069652006
0,-0.4075201,-0.36733365
1,0.04014382,0.27343023
0,-0.07893767,-0.05287771
1,-0.17562851,0.100963496
1,-0.12491013,-0.31870556
0,0.13523325,-0.14223649
0,0.07686807,0.12800074
0,-0.14296614,-0.055799812
1,0.45485646,0.25843048
1,0.13553648,0.019178048
0,-0.26981455,0.0037077814
1,-0.4412196,0.07804422
0,0.09421481,-0.015248969
1,0.03475822,-0.40610284
0,0.0041464083,-0.13811775
1,0.076799005,-0.41977632
0,-0.13892998,-0.24314304
1,-0.4917786,0.08099558
0,-0.035152458,-0.010522351
1,-0.2607563,0.090557694
0,-0.028330319,0.005134955
1,0.19114073,0.0049254894
0,-0.079176426,-0.33307284
0,0.011547703,-0.15342765
0,0.008388177,0.09370364
1,0.26596278,0.013454154
1,-0.04871056,0.013634384
0,0.0022759028,-0.054413483
0,0.30813748,0.023342095
1,-0.040259033,0.014037877
0,0.13137266,0.136066
0,-0.051864218,0.15763226
0,-0.20769116,0.05405858
1,-0.17062406,-0.12290187
0,0.025140088,0.111733235
0,0.4559608,-0.12315591
0,-0.078340426,-0.005329713
0,-0.057925645,-0.22938593
1,-0.22044119,-0.123334184
0,0.17030442,0.05292642
0,-0.13575323,0.107278496
0,0.13202569,0.12513591
0,0.37882173,0.027617916
0,0.15138724,-0.05100003
0,-0.024731023,0.03918709
1,-0.16012043,-0.1980023
1,0.11166859,0.037014842
1,0.36324078,-0.021978453
0,0.024714991,0.022091933
0,-0.14348882,-0.018316388
1,-0.012800969,-0.16859974
0,-0.015972352,0.015059307
1,-0.24973449,0.22932175
1,0.18585882,0.08476497
0,0.04791728,-0.056160226
0,0.10933781,-0.065375164
1,-0.2071381,0.25868675
1,0.2992827,0.16153394
0,-0.052342407,0.14935514
1,-0.032260288,-0.30105245
1,-0.08856745,0.19106562
1,-0.1784051,0.09098197
1,-0.054475762,-0.06778024
1,-0.11918455,-0.056051
1,0.2308945,0.18862648
1,0.24716961,0.09956972
0,-0.040423024,0.007096514
1,-0.023636727,0.28633076
1,0.49372756,0.05385734
1,0.08263457,0.3448404
0,0.0657623,0.0033652782
0,-0.27886096,0.12036213
0,0.12330225,-0.13591619
1,0.074303105,-0.48932934
0,-0.20613834,-0.005431786
0,-0.09545924,-0.02934362
0,-0.10468431,-0.47940087
1,-0.42088598,0.10108977
0,-0.08551288,0.0042193383
1,0.38712204,0.049032286
1,-0.11768937,-0.027361974
1,0.0037142,0.12950237
1,-0.12016019,-0.23257811
0,0.082456976,0.0012557209
1,0.3339114,-0.20752643
1,-0.06657085,-0.1617087
1,0.077309325,-0.33927363
1,0.2128511,-0.112293676
1,-0.051333677,0.21863931
1,0.08934355,0.42672879
0,0.33159226,-0.085490584
0,-0.38475943,0.06044595
1,0.058241803,-0.2783172
0,-0.057321474,0.0067246556
0,-0.12011291,-0.38447297
1,-0.13818994,0.29777575
0,0.23335207,-0.08854897
0,0.097768724,-0.053562596
0,0.21299776,-0.0037936717
1,0.1755938,0.0872415
0,-0.02760167,-0.0083914995
0,0.028655995,0.049162857
1,0.12314156,-0.06307535
0,-0.17819439,0.15902948
0,0.052191358,0.0021931976
0,0.12142497,0.13284783
1,0.17427292,0.16144602
0,-0.2584553,-0.030995086
1,-0.18212835,-0.085180715
0,-0.18646425,0.018084243
1,-0.04489966,0.028586358
1,0.17135645,0.1265548
0,0.12665968,-0.028910205
0,0.18578243,-0.093622684
0,0.1403366,0.07666153
0,0.07056981,0.0394463
0,0.34128433,-0.07489182
0,-0.18855873,0.00012014806
0,0.025090698,-0.18079461
1,0.08847831,0.14936846
1,-0.04571595,-0.23111884
0,-0.17643854,0.076816164
0,0.0049677268,-0.11754237
0,0.016659994,0.08201112
0,0.013649516,-0.035667494
0,-0.20920244,0.01886189
1,0.24440068,-0.5130291
0,-0.08344534,-0.09418535
0,-0.056487374,-0.22389485
0,-0.013934039,0.07850663
1,0.09174465,0.50485665
1,-0.13493145,-0.12792592
1,0.12456438,0.3985635
0,-0.12791069,0.084071256
0,0.08294225,-0.081605196
0,0.03395449,0.04748328
1,-0.2315249,-0.34340638
1,-0.0872754,-0.031946197
1,0.28366467,-0.073328584
1,-0.056070797,-0.24772881
1,-0.32542855,0.5373142
1,-0.04536866,0.036965787
0,-0.04302344,0.059511542
0,-0.13688183,0.010299683
1,0.21630561,0.22347265
1,-0.34834892,-0.34373993
0,-0.116793945,-0.014692843
0,-0.15265338,0.01766456
0,-0.06780572,0.13812497
1,-0.48087993,-0.3732068
0,-0.37874693,-0.015068173
0,0.25129497,0.10266824
0,0.04398324,0.13216308
0,-0.09743199,0.15280439
0,0.16578221,0.09633519
0,0.10332608,0.024208814
1,0.23543376,-0.004539892
0,0.0076715983,-0.081844896
0,0.07582797,-0.07581277
1,0.090442255,-0.20251699
1,-0.13705422,-0.25628692
0,-0.14496414,-0.024985775
1,0.013165992,0.06601754
1,-0.08548087,-0.065214634
1,-0.22977747,0.14689389
0,0.12523082,-0.03372757
0,-0.15447119,0.25954312
1,0.23270062,0.1312701
0,-0.039133653,0.026031874
1,0.07975188,-0.33599448
0,-0.048179224,-0.40828753
1,0.039872725,0.24647689
1,-0.08945446,0.3579921
0,-0.24109986,0.23290457
1,-0.20146146,0.008154318
0,0.00032186136,0.015751839
0,0.21202268,-0.029560253
1,0.02651767,0.05243323
1,0.119650796,-0.17207123
1,0.31145042,0.37395662
0,0.019009966,-0.010987297
1,-0.13209486,-0.176163
1,-0.06430889,-0.13635786
1,0.036022935,-0.34594375
1,-0.070907615,0.297082
1,0.19041744,-0.048303425
1,0.057806183,-0.11048253
1,0.07908857,0.25723255
0,0.30682117,0.036826298
1,-0.051413275,-0.03932196
0,0.016910437,0.11081617
1,-0.15991853,-0.18497796
0,-0.067867145,-0.01626286
0,-0.24456963,0.0077425838
1,-0.4539702,0.12418499
1,0.053431097,-0.33213967
0,0.06179631,-0.029510513
0,0.17332144,-0.11450492
0,-0.095024675,-0.09283781
1,0.1909332,-0.10458891
1,0.04994018,-0.15082328
0,-0.09871079,-0.09003197
1,-0.30772313,0.2675857
0,0.04061279,-0.0921077
0,-0.15807496,-0.022563264
0,-0.49467766,-0.3011024
1,-0.12623556,0.15652622
1,-0.2106004,-0.17807902
0,-0.22341467,-0.22848661
1,-0.009243429,-0.13947906
0,-0.20467652,0.07431185
1,0.2357617,-0.09428805
1,-0.050785813,-0.21525021
1,0.19933042,0.078046545
1,0.04340234,0.07917852
1,-0.3804453,-0.045932576
1,0.4374563,0.1356788
1,0.03481737,0.06697204
1,0.097335875,0.017907917
0,-0.015973,0.10565333
0,-0.23487237,0.16179685
1,0.42395866,-0.117773905
0,-0.16162851,-0.15403469
0,-0.116722494,-0.20704858
1,0.1169457,-0.36372274
1,-0.18200228,-0.010109246
1,-0.5427706,0.017453909
0,0.009210583,-0.109732464
1,0.101187006,-0.10143942
0,-0.04684989,0.06990744
1,0.20657498,0.63748544
0,-0.5412367,0.0018624067
0,-0.40078172,0.06761359
0,0.092593476,-0.13141401
1,0.22532439,0.10150334
0,0.36853784,0.18182583
0,0.09453376,-0.13189067
0,0.279267,0.038651332
1,-0.40889052,0.034058534
0,0.23460999,0.07563667
0,0.011339743,0.046641894
0,0.34801584,-0.060662925
0,-0.2362881,-0.19437869
0,-0.086367816,-0.08745664
0,0.17682469,-0.30205107
1,-0.14365481,-0.17753227
0,0.20323114,0.05762273
1,0.085391074,-0.11845894
0,0.3252616,0.06209995
0,0.08686498,-0.037881225
1,-0.17369896,0.42967474
1,0.26590046,0.3242427
0,-0.027487088,0.19530241
0,-0.35384578,0.017460965
1,-0.25264874,-0.1706356
0,0.16215241,0.017636284
0,-0.45018503,-0.04347518
0,-0.14559358,-0.05800678
1,0.25246322,0.22876844
1,0.061537642,-0.32418025
1,-0.07403638,-0.026644304
1,-0.33527902,0.0024490654
1,-0.47240698,-0.0098214
1,0.18683255,0.16198039
0,-0.016019613,-0.057810143
0,-0.05648185,-0.074527755
0,0.2032026,0.04154931
1,-0.40524924,-0.07781853
1,-0.03572174,-0.057934612
1,0.020326737,0.52644885
1,0.061685894,0.0742062
0,-0.2396402,-0.17577656
1,-0.034373134,0.20863396
1,-0.026081275,0.03855279
0,-0.16038461,0.11892654
1,0.3621953,-0.21568479
1,0.062826976,-0.09039846
0,-0.21173938,-0.19048278
1,-0.24071892,-0.3032639
1,-0.22112069,-0.22989477
1,0.12403998,-0.07258007
0,0.12458864,-0.1267045
1,0.2860675,-0.004587993
1,-0.06595118,0.29887474
1,0.3544462,-0.059325233
0,0.06805231,0.060531758
0,0.1594933,-0.020661727
1,-0.25668338,0.07082888
0,-0.21003751,0.03850966
0,-0.112258255,-0.03451632
1,0.17977817,0.116308704
0,-0.033689346,0.21466295
0,0.34145847,-0.052316874
1,0.018877085,-0.078009054
1,-0.5022024,0.2297984
0,0.083090425,0.093433015
0,-0.16357265,-0.25024784
1,0.2821477,0.05608824
1,0.07837367,-0.31941718
1,0.032263186,0.109639816
1,-0.18929169,0.07455025
0,-0.034215353,0.021741308
1,-0.15722701,0.016807094
1,0.27992925,-0.058714792
0,0.022227276,0.10134319
1,0.10414973,0.34965825
1,-0.07776305,0.2205468
1,0.41686434,-0.20692332
1,-0.020480331,0.35562003
1,-0.03643877,-0.23583771
1,0.25295115,-0.11912952
0,-0.054812916,0.14771093
0,0.010957282,-0.3182009
0,0.15610604,-0.06577043
0,0.46978796,0.04152544
0,-0.120960906,0.020299412
1,0.082461655,-0.13527368
0,0.06469844,0.11670781
1,0.3403247,0.27185428
1,0.07147977,-0.13901235
1,-0.15430774,0.1310372
1,0.2761581,0.1433911
1,0.00545701,-0.034913644
0,-0.38789272,0.087135196
0,0.17949432,-0.0704865
0,-0.19226314,-0.023749352
1,-0.023836251,0.4042995
1,0.043951984,0.054570213
0,0.16145477,0.088065594
1,0.06560205,-0.25362748
0,0.14226297,0.04977216
0,0.33003122,0.068533495
0,-0.16100883,0.060606383
1,-0.19025551,-0.3100428
1,0.124765605,-0.4505608
0,0.1952332,-0.17405663
0,0.07146901,0.05563037
0,0.025923505,0.0428728
0,-0.06107978,0.15008837
0,-0.17471942,-0.05173877
0,0.17900866,-0.05066982
0,-0.048115164,-0.05168943
0,0.0698306,0.17900145
0,0.036033425,-0.07776441
0,-0.030675963,0.1430022
1,0.09013505,0.09494044
1,0.10669519,-0.2623511
0,-0.15244998,0.03319168
0,-0.07332353,0.13258642
1,0.3146027,-0.15555651
1,-0.04394691,-0.28770518
0,-0.09760417,-0.05602236
0,-0.14025031,0.06381886
1,0.33644664,0.011250138
1,0.1501776,-0.105861336
0,-0.23758131,0.090795465
0,-0.10634136,-0.09823473
1,-0.15348831,-0.094825715
1,0.010290112,-0.15519388
1,-0.06959729,-0.43157023
0,0.11994162,-0.026327565
1,-0.040824514,-0.036287323
0,-0.17290822,0.09760165
0,-0.118124664,-0.09856163
1,0.44777292,0.3663386
1,0.27444014,-0.116461694
0,-0.16131055,0.1059773
0,-0.09398337,0.073659755
0,-0.14353849,0.11519986
0,0.012300301,-0.06444313
0,-0.20405892,0.06567702
1,0.25464064,-0.03269954
1,0.34975538,0.3863225
0,0.17625663,-0.063558206
0,-0.10314651,0.08323469
0,0.09942883,-0.24655338
1,0.23825788,0.022964679
1,-0.03854187,0.14439224
0,-0.040350255,0.14810205
0,0.0818454,-0.049719676
0,-0.041697763,0.1635621
0,-0.15539496,0.12033418
1,0.2534134,0.031627372
1,0.21204333,0.37933922
0,0.34354526,-0.08508803
1,-0.17032462,-0.3594414
1,-0.353723,0.5302125
1,0.071401924,0.11743416
0,0.0009641275,0.20088539
1,0.114481226,0.18195872
0,0.017814994,0.09881592
1,0.13201809,-0.1641111
0,-0.1337248,-0.1161326
1,-0.12762766,-0.4885472
1,-0.17915536,-0.15688066
1,-0.104559675,-0.36329788
0,-0.022814713,0.045743145
0,-0.14936934,-0.006992936
1,-0.0727077,0.050950043
0,-0.17490762,-0.1381206
1,0.09371601,0.17021413
1,0.08296195,0.08029182
1,-0.23885977,-0.23796035
1,-0.055775963,0.15470362
1,-0.11213964,0.0205791
1,0.19994673,-0.09688018
1,-0.054921396,-0.26777482
1,0.11921941,-0.29890227
1,0.43836236,-0.26289862
1,0.2739566,0.12900676
0,0.2878767,-0.37619054
0,-0.09917714,0.09598634
0,0.17570895,-0.11313641
1,-0.27437222,-0.09376678
0,-0.23809831,-0.10711117
0,0.102929026,0.0139679015
0,-0.118983,0.21409002
0,0.049810465,0.14633518
1,0.0593226,0.091184
1,0.23698401,0.44792396
0,-0.44029272,0.080392115
0,0.070727155,0.11348418
1,0.26282644,0.03144794
1,-0.2593346,0.12547073
1,0.11519393,0.34247184
1,0.253218,0.019989416
0,0.28480226,0.09527022
0,-0.048716396,0.17278406
0,-0.11838381,0.09958865
0,-0.07313829,-0.16748728
0,-0.15232365,-0.07495633
0,0.017352216,0.14354607
1,0.103765175,0.2579568
1,-0.0018770136,-0.096566856
1,0.31380618,0.04980555
1,-0.071290866,0.05495011
1,0.27070218,-0.14147784
0,-0.10302235,0.04073847
1,-0.2377311,-0.08932929
0,-0.24905238,-0.022062838
0,0.03424293,0.28913182
1,0.12506104,0.22339956
1,0.15165466,-0.058436796
0,0.07419808,0.02910477
0,-0.059768416,0.20713924
0,-0.25003687,-0.22847347
1,0.07833704,-0.10480793
0,-0.26958117,-0.04228717
0,0.20658153,-0.055788234
1,-0.3202012,-0.19547613
1,-0.33028728,0.1876759
1,-0.011570562,-0.03383933
0,-0.2458027,0.088332914
0,-0.09298046,-0.093434826
1,-0.03092036,-0.08953965
1,0.17046021,0.0015446842
0,-0.034283217,-0.27489418
0,0.015769374,0.005647093
1,-0.084751815,-0.49109256
1,0.19739959,0.009418368
1,0.06899847,0.10607135
1,-0.2522501,-0.18254699
1,-0.18956785,0.16576147
1,-0.11479196,-0.014223129
0,-0.07193571,0.09199124
0,-0.12532613,-0.028958514
0,-0.15460645,0.029737785
1,-0.02837361,-0.058139905
0,0.31997502,-0.018779844
1,-0.12576742,-0.3860792
0,-0.12867418,-0.007252112
0,-0.08369233,0.07104823
0,-0.073717535,-0.10356937
0,-0.11531055,-0.0016432405
0,-0.103198424,0.14940156
1,0.04932795,-0.66109705
0,-0.2937187,0.091567345
0,0.0427418,-0.03137575
1,-0.08008276,-0.20053126
1,0.059132043,-0.07705788
0,0.19110453,0.07073273
0,-0.074645594,0.012043774
1,0.10474627,-0.063583076
0,0.02811296,-0.04116945
1,0.41026208,-0.23256253
0,-0.024135217,0.20274131
0,0.07667218,-0.0040320307
0,-0.11153738,0.024311192
0,0.23815128,0.12417809
0,-0.042162955,-0.13431089
1,-0.08533561,-0.2260259
1,0.13959052,0.17764774
1,-0.17804727,0.23437887
1,-0.13030805,-0.19477971
0,0.29665625,-0.15716387
0,0.008422967,0.10131478
0,-0.18279067,-0.013885096
0,-0.022441836,-0.17892052
0,0.08858414,-0.02223979
0,0.108940825,0.09181483
1,0.24116498,0.18569675
0,-0.07566622,-0.14043434
0,0.3817715,0.13661025
0,0.06140292,0.049652815
1,-0.33103675,0.1642859
0,-0.18210381,0.1431851
1,0.15878734,-0.16476245
0,-0.35700396,0.4426316
1,-0.52658874,0.06535195
0,0.07269071,-0.03680341
1,0.33785072,0.13218664
0,0.4081521,-0.07684557
1,-0.16430217,-0.17088224
1,0.23867446,-0.10375719
0,-0.20031765,0.058641046
1,-0.11023393,-0.03912635
0,-0.04533803,-0.07757069
0,0.02570108,0.087401345
1,0.086827666,-0.4568262
0,0.12786116,0.024988785
0,0.08988343,0.0018743724
1,0.12025148,0.18654084
0,-0.11306012,0.060203657
1,0.10638514,0.16444004
0,-0.14933954,0.0017323345
0,-0.013370391,0.102495685
0,-0.19805096,-0.20159741
0,-0.3442841,0.15619753
1,0.35198718,-0.102284044
1,-0.17348248,0.27573746
0,0.06288011,-0.15361403
0,-0.34803334,0.059128754
1,0.19551584,0.15288597
1,-0.11159974,0.028349109
0,0.1800605,0.1501639
1,-0.23535791,-0.054816127
0,-0.12533218,0.11499662
0,0.17161375,-0.33459526
0,-0.16170949,0.10627277
1,0.3732079,0.057568662
0,-0.085871875,-0.02971737
1,-0.043175034,0.06994343
1,0.13323829,0.18947084
1,0.23746556,-0.0024130195
1,0.35263747,-0.2898057
1,0.07994175,-0.21491148
0,0.06710543,0.046316057
0,-0.19823062,0.21490884
0,0.30551258,0.020585023
0,0.16701376,-0.024152085
0,0.0007494651,0.06724683
1,-0.30538148,0.08838172
1,0.25833172,0.113510266
0,0.3477749,-0.19233938
0,-0.24571083,-0.08354862
1,0.008248854,-0.12557898
0,0.1417878,-0.042875186
1,-0.11409858,0.28483933
1,0.36093476,0.14348114
1,-0.13688752,0.22070575
0,-0.08013527,0.04850799
0,-0.057432614,-0.18220006
1,0.06832433,-0.03974764
0,-0.26569346,0.11942748
1,0.2183167,-0.005094275
0,0.26480108,0.04908213
0,0.19626561,0.14153552
1,0.2028276,-0.19211324
1,0.115226954,0.63266516
1,0.15981051,0.0028989166
1,-0.0410425,0.00072163343
1,-0.20596507,0.1541042
0,0.19414315,-0.051125124
1,0.33723015,-0.10485424
0,-0.21950552,-0.012884915
0,-0.19455226,-0.10143414
1,0.07707924,0.032098614
0,0.043313388,-0.06334983
0,0.32175356,-0.07146157
1,-0.0920779,0.26151097
1,-0.24036716,0.40726155
1,0.26757318,0.09738517
1,-0.08110374,-0.1229042
0,0.02442009,0.28483188
1,0.29712123,-0.42799652
0,-0.24399546,0.10064553
1,-0.18676627,0.31478667
0,0.16591677,-0.044485286
0,0.02675939,-0.027664796
0,-0.13310541,-0.10650052
0,-0.03829843,0.10283254
0,-0.051108964,0.13829707
0,-0.019386787,0.085212454
0,-0.092398204,0.025375292
0,0.10265525,0.030149728
0,0.07256916,-0.06262444
0,-0.08803648,-0.1318733
1,-0.022803217,-0.015571311
0,0.22630459,-0.0051517636
1,-0.1812925,0.4467861
0,0.2274971,0.08331121
0,0.15381445,-0.11377652
0,-0.040457718,0.029803544
0,0.039024893,-0.08393161
0,0.006512858,0.25241494
0,0.038142357,0.10128174
1,0.17446008,-0.15230827
1,-0.02886774,0.3213508
0,-0.019332934,-0.057672545
0,-0.08060913,0.2006559
0,-0.12765357,0.077630565
1,-0.57535994,-0.023784935
0,-0.09787522,-0.1104815
0,-0.116369426,-0.29044235
0,-0.056827486,-0.005577162
0,0.06198786,-0.037160233
0,0.18297046,0.029684722
0,-0.079915166,-0.039458618
1,-0.110624105,-0.25859785
1,-0.35466337,-0.15671672
0,-0.05012492,0.0369903
1,0.06522985,-0.011192039
1,0.028544132,0.24559233
0,0.30142638,-0.25547302
1,0.5199077,-0.09265517
0,-0.1782288,-0.016423717
1,-0.48028916,-0.08365211
0,-0.08702454,-0.033243045
0,-0.07275105,0.16511098
0,-0.027050953,-0.048103437
0,-0.25719544,0.05646792
1,0.07248552,-0.1627102
0,0.28045765,-0.13098998
0,0.21152699,-0.07557158
1,0.21961528,-0.18334861
1,-0.15277068,0.16765602
1,-0.11152068,-0.023205742
1,-0.055790506,0.13995183
1,0.14060965,0.01167471
0,-0.1014515,0.05677011
1,0.08423558,-0.38606948
0,0.3909325,0.059969403
1,-0.26138976,0.12453234
1,0.2559879,0.2579884
0,-0.040098965,0.0003992468
1,0.26624796,0.44688433
0,0.11399558,-0.00063182414
1,-0.17950758,0.15425369
0,0.14964677,0.1488318
0,-0.16201057,0.030987464
0,0.124058396,-0.17149623
0,-0.027234707,0.020786837
0,-0.32748958,0.037395813
1,0.11667892,0.21504854
0,-0.17095093,0.036734782
0,-0.19477487,-0.0053670853
0,-0.14330561,-0.10284555
1,-0.031048652,-0.22902878
0,0.21886942,0.020025387
1,0.0871131,0.28047353
0,-0.1786051,0.17022201
0,0.0025450513,0.059716918
1,0.28417307,0.044860497
1,0.26505882,-0.036305204
0,-0.09901306,0.083196476
0,0.14060691,0.106393814
0,0.16317426,-0.03148015
1,0.010411311,-0.17615952
1,0.18121195,0.14295296
0,0.39615592,-0.02325894
0,0.2083055,-0.07396872
0,-0.36763835,0.106496006
1,-0.049457055,0.09941932
0,-0.04961202,0.15106979
1,-0.3000992,-0.22690322
0,0.06548034,-0.09228332
1,0.020595767,0.3932637
1,-0.11796075,-0.06572096
1,0.43941134,0.24640283
0,0.08996208,-0.097412765
1,0.052245636,-0.3334641
1,-0.17276126,0.1773843
1,-0.21792322,0.31757253
0,-0.0509417,-0.17506541
1,0.15102941,-0.44337112
1,0.29642546,0.11220877
0,-0.2872571,0.11905989
1,0.027340908,-0.018128887
0,-0.28765428,0.0941375
1,0.41823393,-0.22629668
0,-0.057273567,0.23308979
0,-0.1559187,-0.095442936
0,0.4540172,-0.004574552
1,-0.093479,-0.28144795
0,0.13265087,-0.114887014
0,0.1949699,0.029013544
1,-0.19315025,0.09906195
0,-0.09026614,-0.00389342
1,0.07945573,-0.08548106
1,-0.25059715,-0.025042668
1,-0.23066069,-0.17555098
0,0.12839603,-0.084300905
0,0.20253995,0.07526683
0,-0.16282198,-0.12052633
1,0.34987253,0.01464355
1,0.23292404,-0.18847586
0,-0.10187152,0.0134657025
1,-0.031521883,-0.10473229
1,0.15883645,-0.18469892
0,0.018100753,-0.12381829
1,-0.13973927,-0.18641286
0,-0.02477381,-0.08193497
1,0.07841574,-0.03811674
1,-0.06840898,0.034954265
0,-0.09893642,-0.009481356
0,-0.29281232,0.13502492
0,0.05236567,-0.042217806
1,0.112935215,0.32393312
0,-0.046544865,-0.025032833
1,-0.18441504,0.08518584
0,0.39730135,-0.07801853
1,-0.2529595,-0.15863024
1,0.05642895,-0.038774177
1,0.17257312,-0.080271944
1,0.007854179,-0.19021674
1,-0.014988149,0.03793817
1,0.2940629,0.38109493
0,0.33619368,0.061152473
1,-0.06386396,0.11028681
1,0.013067342,-0.02741623
0,-0.10572986,0.09579621
1,-0.025436051,0.120218664
0,0.21581072,0.07237832
0,-0.074959055,-0.12652119
0,0.11268711,-0.14338072
1,-0.13449734,-0.06675178
0,-0.20837237,0.06964686
1,0.09207058,-0.40017205
0,-0.08447755,-0.047717437
0,-0.08350481,0.006756857
0,0.25814536,0.086648285
0,0.11649138,0.04824447
0,-0.18606213,0.057141863
0,0.3253584,0.12892409
0,0.18156123,0.0040439814
0,-0.14292288,0.15898338
1,-0.14771599,-0.26928282
1,0.3890828,0.15061066
1,-0.058285333,-0.052855745
1,0.08907068,-0.32618403
1,0.34042192,0.08408421
1,0.058256354,-0.11374715
1,0.2527036,-0.037866056
0,0.0035496838,0.10468562
1,0.4968772,0.17245117
0,-0.076659724,0.06407565
0,0.13176124,-0.021892235
1,0.24111485,-0.21186046
1,-0.027552016,0.18842496
1,0.32664463,0.031048305
0,0.19846193,-0.17611553
1,-0.15741526,-0.23556526
0,-0.2659782,-0.1555896
1,-0.007228762,-0.11130671
0,-0.038594443,0.036772013
0,-0.13599847,0.15634741
1,-0.30397907,-0.21090509
0,-0.04102109,-0.21663056
0,-0.032884646,0.05727391
1,-0.14214647,0.0726383
0,0.103121564,0.019547813
0,-0.15616876,-0.11798827
1,-0.17284608,0.17468125
0,-0.14980565,-0.07317145
1,-0.32558382,-0.16744287
0,-0.022532841,0.07313895
0,0.07937528,0.14586039
1,0.3759026,0.057310626
1,0.077307135,-0.41497105
1,0.15673032,-0.24590744
0,-0.017119192,0.13458802
0,-0.21670628,-0.058050334
0,-0.07727747,-0.011928514
0,-0.13216347,-0.084787115
0,0.15866452,-0.021652967
0,0.23338267,0.016924426
1,-0.079100475,0.19501507
0,-0.23562725,0.0392583
1,0.28403598,0.07165882
1,-0.008520996,0.03171757
0,-0.09060231,0.091572315
0,-0.058948904,0.017088845
0,-0.106218174,0.13203965
1,0.1699873,-0.17378812
1,-0.17946124,0.04016301
1,-0.09927839,-0.2680123
0,-0.1299867,-0.07172342
0,0.22598672,0.018497676
0,-0.08058003,-0.040009633
0,0.1988399,0.10366462
1,0.10915825,0.14451402
0,0.01171609,0.19153547
1,0.37299573,0.23014325
1,0.26004207,0.1531871
1,-0.055169426,-0.06085509
1,0.117402226,-0.07077737
1,0.014199309,0.104449086
1,0.012409978,-0.14554168
1,-0.09176999,-0.44568717
1,0.012574885,-0.11433114
0,0.08680518,0.013854012
1,0.23429304,-0.2164597
0,0.06418666,-0.1479028
1,0.0861277,0.1798814
0,0.18696502,0.11726166
0,0.14229806,0.07332367
1,0.024929855,-0.019571528
1,-0.109467015,0.1283796
1,0.2255269,-0.027495101
0,0.20296177,0.057389706
0,-0.10147931,0.11447032
1,-0.20125042,-0.16277166
0,-0.15243445,-0.033933684
0,0.17307886,0.05875966
0,0.03978448,0.006436184
1,-0.44557327,0.05432406
0,0.031372014,0.12323649
1,0.12908083,-0.11181964
0,-0.15986952,-0.0820816
0,0.19182472,-0.25221604
1,0.3669997,0.17083582
1,-0.1821446,-0.21810625
1,-0.05325516,0.41743445
1,-0.21184957,-0.22122242
1,0.26292446,-0.34554112
1,-0.2652585,-0.073362425
0,-0.14611293,0.12619084
1,-0.02402716,-0.47261268
0,-0.20162174,-0.26143903
1,0.03633556,-0.035727635
1,0.11892405,-0.0625678
0,-0.1170561,0.08720219
0,-0.009492695,0.25262266
0,0.2286306,-0.14378442
0,-0.23991904,-0.007938713
1,-0.099878654,0.16257928
1,0.11419976,-0.32249713
0,-0.110961914,0.11393448
0,0.056204777,0.06686694
1,-0.1094484,-0.07042548
1,0.123310134,-0.23494746
0,-0.001989983,-0.12840022
1,0.110223144,0.049406268
0,-0.0728897,-0.14119013
1,-0.08902654,-0.2826587
0,-0.22832593,0.16233224
1,-0.24252096,-0.12005003
0,0.025632072,-0.038280472
1,0.061122615,-0.1133879
1,-0.30381748,0.1260021
1,-0.03678345,-0.056548923
1,-0.018982615,0.10229632
1,0.43637252,0.044689886
1,-0.14176038,0.39741504
0,0.07519275,0.023524001
0,-0.22551316,0.043021463
0,-0.120876744,0.065998144
0,-0.070511416,0.067755625
0,-0.15902169,-0.047232345
1,0.06477323,-0.22552867
1,-0.060302466,0.19885437
0,0.03630187,0.0028981268
0,0.2491138,0.02011536
1,0.0772368,-0.046613052
1,-0.16398446,-0.033663377
0,-0.20665523,-0.03209895
0,0.007312849,-0.03757614
1,0.04865506,-0.23004122
1,0.07788187,-0.052692235
1,-0.40424263,-0.2424195
0,0.14337718,-0.038669094
1,0.17208463,-0.15419148
1,0.18400395,0.18360445
1,-0.26833686,-0.0042182654
1,0.4636255,0.23220885
1,-0.06916872,0.21151537
1,-0.09717147,0.09912756
0,-0.23006019,0.19392417
1,-0.3529867,-0.19017018
0,-0.34624934,-0.11255531
1,0.19229451,-0.36886948
1,-0.112903744,0.14468816
0,0.2781837,0.016487718
0,-0.22792476,-0.09283669
1,-0.03603509,0.16546908
0,0.009204883,-0.13741095
0,-0.1944387,-0.17714198
0,0.042194042,0.0074530393
1,-0.106423795,0.12864845
0,-0.042714566,-0.24311252
0,-0.06302115,-0.03581734
0,0.1037001,-0.21804698
1,-0.16970588,-0.41631216
0,-0.0791409,-0.11833514
0,0.1347985,-0.0318214
1,0.119594395,-0.11777215
1,-0.3219614,0.24610472
0,-0.020811412,-0.08782925
0,0.14759344,-0.09358129
1,-0.0998991,-0.073544145
1,0.09125525,-0.27222633
1,-0.35929385,-0.13122107
0,-0.034812957,0.13917439
0,-0.11490181,-0.06339659
0,0.23119551,0.06140299
1,-0.041111868,-0.03754501
0,0.3161636,0.14345649
0,-0.07738584,0.017667063
1,-0.32472083,-0.04276876
0,-0.015670607,0.06194993
0,-0.36855602,-0.19808187
0,-0.050724916,0.03774947
1,0.29845944,0.13463268
0,-0.22673586,0.011553489
0,0.22387531,0.043863863
0,0.25736177,0.0430796
0,-0.012105916,0.063521154
1,0.12629208,0.20339453
0,0.20442565,-0.06448203
0,-0.14839767,0.011246882
1,0.09787589,-0.20558377
1,-0.15221578,0.06595592
0,-0.091130555,-0.008677751
0,-0.06928411,-0.0073896796
0,0.4082471,-0.048256263
1,0.085420355,0.375584
1,0.028303597,-0.017818764
0,0.06947084,0.14565535
1,-0.14455931,0.30520535
1,-0.30829543,-0.03255105
0,-0.018665334,0.061471827
1,-0.056763884,-0.07829325
1,-0.3344409,0.2820714
0,-0.36976963,0.096917436
1,0.045197923,0.27548316
0,-0.28303337,-0.0066979676
0,0.11101149,-0.024330407
1,-0.4161061,0.08550414
0,0.08297391,-0.08192475
1,0.093605205,-0.06842239
1,0.40175915,-0.14145349
0,0.024699867,-0.025767103
1,0.2521788,-0.30421668
1,-0.026031485,0.08123214
0,0.11494315,0.09500893
1,-0.06387846,-0.12937821
1,0.10698205,0.23849095
1,0.15031996,-0.12684931
0,-0.28378436,0.05769348
0,-0.47415027,-0.054551423
0,0.014464974,0.23061824
0,-0.14821172,0.10391553
0,0.09835638,-0.15512712
0,-0.11901733,0.020968579
0,0.050513696,-0.093061134
1,-0.29536363,-0.08951172
1,0.23383999,0.10270026
1,0.1630283,0.14209926
1,-0.27500567,-0.0010357052
1,0.022697244,-0.31736058
0,-0.097709596,0.026550457
0,-0.11856504,0.12006072
0,-0.12443207,-0.16363867
1,-0.060116727,0.44297284
1,-0.13852496,-0.18758662
1,0.18428877,-0.214211
1,0.082837164,0.059942245
0,0.18014914,-0.13057776
1,-0.20917374,0.09109281
1,-0.1381788,0.08961409
1,0.0023925863,0.09809775
0,-0.34414372,0.15729496
0,-0.07267268,0.11542477
1,-0.26581517,-0.35748106
0,0.39351827,-0.003877014
1,0.033769738,-0.43202686
0,-0.1633392,-0.024476603
1,-0.022230662,0.23592126
0,-0.01565845,0.1701209
0,0.0061000027,-0.009400547
0,-0.017183604,0.026780218
1,-0.21942621,0.011082448
1,-0.046828635,0.06835423
0,0.21665782,0.19620587
0,0.24403355,-0.042343423
1,-0.097416386,0.21794598
0,-0.11869955,-0.013899952
1,0.08899847,0.56276834
0,-0.11102153,-0.06469947
1,0.17578676,0.22165735
0,-0.08133346,0.18975182
0,0.26074463,0.030561954
0,0.0054371357,0.099595845
1,-0.2687526,-0.10047388
0,-0.013579819,0.266052
1,0.3956492,0.16388716
1,0.11982609,-0.019773915
1,0.051680434,0.1226851
1,0.16057658,0.26223326
1,0.11930412,-0.08077122
1,-0.04928308,-0.024520248
1,0.022882234,-0.013707176
0,-0.08156586,0.070970446
1,0.23793742,0.040589355
0,-0.15676661,0.10955471
0,0.24493939,-0.15650953
0,-0.2865549,0.066967435
1,0.15909113,0.16327676
1,0.1374168,0.26984107
0,-0.0779513,-0.034494087
1,0.2866791,-0.15896676
1,-0.14107312,0.28369826
0,0.09323354,-0.19386609
0,0.32368302,0.099900484
0,0.45982563,0.014455274
1,-0.10989246,-0.15063672
1,-0.17475888,-0.15703626
0,0.017782342,0.19315444
1,0.30967698,-0.085359216
1,0.1723131,-0.33903152
0,0.21714777,0.28109378
1,-0.094914526,0.019012317
1,-0.07637824,-0.13800184
0,0.15267557,-0.046212748
0,0.26758838,0.07642412
0,-0.033128973,-0.08662307
1,-0.0313165,-0.070181146
1,-0.014298748,-0.24588482
0,0.12828366,0.033109903
1,0.30160862,0.01339373
0,-0.11285058,0.082855485
0,-0.2340627,-0.121084824
0,-0.03535024,-0.12879331
0,0.14622161,-0.13296707
1,0.13821752,-0.023711905
0,-0.022662645,0.31339318
0,-0.23169988,-0.011800632
1,-0.07252064,-0.16920011
0,-0.11325258,0.05627887
0,0.12544549,-0.20410533
1,-0.16456121,0.1672493
1,0.008491579,-0.069608495
0,0.087032914,-0.17844017
1,0.016322691,0.06334303
1,0.0567473,0.2592934
0,-0.019695241,-0.031145468
1,-0.35068327,0.11025664
1,0.047309827,0.52380353
1,-0.026762234,-0.117607325
1,-0.23701231,-0.02626419
0,-0.09806223,-0.07442491
0,-0.16379307,-0.18127336
0,-0.022041736,0.07910017
0,0.11370945,0.100623265
1,0.108814076,0.33731955
0,0.09443423,0.054175377
0,0.4434298,0.05874768
0,-0.25214574,-0.0696896
1,0.036984164,-0.15011714
0,0.041055832,-0.017917514
1,0.39337632,-0.07253416
0,0.029671181,-0.111177415
0,-0.26307318,0.061882667
1,0.44103974,0.06006299
1,-0.4064153,0.1768916
1,-0.2621527,0.12762536
0,-0.26722708,0.18135592
0,0.26182607,-0.050869346
0,0.05569427,-0.018986717
0,-0.2466309,0.20617461
1,-0.14088482,0.18345337
0,-0.09812245,0.043790445
0,-0.14308517,-0.12695916
0,0.21924481,-0.21843724
0,0.14569718,-0.009058759
1,-0.34679133,-0.29555494
1,-0.103318825,-0.07686745
1,-0.024361474,-0.32066202
0,-0.0114643015,-0.02066286
0,0.17550185,0.016589671
0,0.0056257136,0.23998067
1,0.29552194,-0.14985786
1,-0.048461378,0.12734365
0,0.021685999,0.21329069
1,0.024997808,0.061240695
0,-0.319834,-0.47949636
1,-0.03662561,-0.14971139
0,-0.20214432,-0.029583946
1,-0.116357505,0.044215754
1,0.18514475,0.10089819
0,0.043950763,0.020263135
0,0.21904844,0.028681397
1,0.31669778,0.09447692
0,-0.061752863,-0.034671172
0,-0.07994287,0.044923723
0,-0.3932885,-0.12420638
0,0.458799,-0.037910745
0,0.10992661,0.07041046
0,-0.24374561,-0.3039449
1,0.070780784,-0.04326187
0,0.030442555,-0.025538042
0,-0.17386264,0.009597346
1,0.029007021,-0.00061659515
0,-0.06677979,0.12013346
0,0.15692222,0.18753646
0,0.08562465,0.15714136
1,0.08500342,0.26612574
0,-0.07027437,-0.01950486
1,-0.10412729,0.08343163
1,-0.4275169,-0.28304422
0,-0.25672832,0.074632734
1,-0.13019691,-0.033265874
1,0.024928443,-0.1780412
1,0.015013751,0.09750033
1,-0.029664785,0.15718721
1,0.19003038,0.10209626
1,0.07520084,0.26150358
0,-0.13819213,0.0054009855
0,-0.071185395,0.16278568
1,-0.046371326,0.066032745
1,0.09585038,-0.087436706
1,0.0675146,-0.22712009
1,0.33731002,0.43455273
0,-0.08130689,-0.009228885
0,-0.3396566,0.12955114
1,-0.26875788,0.21636876
1,-0.34284073,0.34282893
1,0.31070787,0.07791771
1,-0.03286701,-0.39300352
0,-0.1551127,0.14943251
1,0.08308202,-0.22280999
0,-0.17457974,0.071295395
1,0.36144167,0.35024214
0,-0.059866264,-0.078277215
1,-0.12508638,-0.09807171
1,0.0864429,-0.117535934
1,-0.29993993,0.24422732
0,0.07035892,-0.092503116
0,-0.23298356,0.25514674
0,-0.108811826,0.18989015
0,-0.11269593,0.10274185
0,0.29209715,-0.06964718
0,-0.26317284,0.06779324
1,-0.07395077,-0.15350299
0,-0.02953561,0.051661342
0,0.13112688,0.11767501
1,0.18251643,-0.22881864
1,-0.44922486,0.18451864
1,0.10191974,0.09037711
0,0.13851553,-0.25741428
1,0.2077942,0.016427524
0,-0.054530695,-0.21110211
1,-0.0837513,-0.1940812
1,-0.05787525,0.1365052
0,-0.31157804,-0.24385466
1,0.3455519,0.40535367
1,0.056506243,0.085383706
0,0.035969976,0.012632862
0,-0.14783943,-0.06250489
0,0.37052616,0.0049030483
1,-0.40607655,-0.035931185
1,0.27049157,0.19549191
1,0.5413575,0.011273384
1,-0.15772276,-0.42583358
1,-0.038688555,-0.117909506
0,-0.0914208,0.021852434
0,0.40739882,-0.072656974
1,0.045500416,-0.31215894
0,-0.18046245,-0.19133843
1,0.17235503,-0.03510587
0,-0.10917722,0.09516035
0,0.18410459,-0.014593378
0,0.28913727,-0.28684956
0,-0.050805807,-0.017889887
0,-0.0055505075,0.0046571046
1,-0.077106416,0.0647155
1,-0.071265504,-0.12780268
1,0.17303184,0.2079768
0,0.033254195,0.18885376
0,-0.17622282,0.09845363
1,-0.10474731,-0.052957848
0,-0.09263447,-0.0645798
0,-0.060104415,-0.1737162
0,0.085586056,-0.14184262
1,0.26815957,0.06992716
1,0.2493501,-0.005962953
0,0.17241248,0.036015734
0,-0.03720261,-0.046677038
1,-0.12996419,0.04765919
1,0.3438393,-0.21673448
0,0.08423106,-0.123076454
1,0.1278257,0.05485823
0,0.33087337,0.08080461
1,-0.13147254,-0.18393843
0,-0.19402924,0.08398158
0,0.2980463,0.00067166984
1,0.10506113,-0.3924458
0,-0.125507,-0.16878451
1,-0.022894077,0.009221688
0,-0.15476102,-0.06633218
1,-0.0446623,-0.11347194
0,0.3471312,-0.081150606
1,0.18712156,-0.17631622
0,0.10394052,0.027741268
1,0.1359971,0.25273424
1,0.33559203,-0.0037331134
1,-0.32813153,-0.27630264
0,0.020493459,0.020734668
0,-0.18897992,0.0066478997
0,0.009760588,-0.07911262
1,0.21954781,0.3608774
0,-0.017403744,0.07088168
1,0.005504094,0.016793206
1,0.061295982,-0.14090063
0,0.13897572,-0.105663195
0,0.07957624,0.036737964
1,-0.012797885,-0.5445136
1,-0.030222569,0.08745819
1,0.27635616,0.16746742
1,0.3540563,-0.27276844
1,0.36075175,0.07278812
0,-0.33843112,0.02623342
0,0.08627452,0.06788705
0,-0.31063172,-0.05096288
1,-0.013114721,-0.10857467
0,-0.1368042,0.2639792
1,-0.08900902,0.50261164
1,-0.43024004,0.085978806
1,-0.15755582,-0.16869764
0,-0.08489473,-0.11349037
1,0.09270327,-0.41364014
1,-0.04390758,-0.103151426
0,-0.120932594,0.06287982
1,-0.08435238,0.21244642
0,0.06029803,-0.047152206
0,-0.072690174,0.0050975233
0,-0.1728413,0.2146585
0,0.15430625,0.053880513
1,0.076823786,0.13831119
0,0.14375353,0.13405249
0,-0.16903391,0.07760103
0,0.09455678,-0.05808553
0,0.01621164,0.20506755
0,-0.16172743,0.15016282
0,-0.11351535,-0.0104791075
0,0.04597942,0.101362586
1,0.29114905,0.05591373
1,0.24915665,-0.14436673
1,-0.16046213,-0.27250504
1,-0.6186173,0.3029281
1,0.13344926,0.3433516
1,0.32315847,-0.43959403
0,-0.06763296,-0.03553401
1,0.041264955,0.25376633
0,0.09153128,-0.12694888
0,0.33406043,-0.115096405
0,-0.3020665,-0.019101247
0,0.14070398,0.085150555
1,0.11742659,0.18262723
1,-0.26233128,0.1357564
0,0.02254263,0.012366667
0,-0.1290333,-0.20258357
1,0.0018304214,0.045294277
1,-0.2930378,0.06619529
0,-0.3591672,-0.20062621
0,-0.044837717,0.18050624
0,-0.09463273,0.01509276
1,-0.39702785,0.421472
1,0.037251595,-0.43934774
1,-0.2660961,-0.28139538
1,-0.049750537,-0.03483574
1,-0.17956617,0.45443857
0,-0.06888989,0.029938191
1,-0.2721368,0.11459714
0,0.034830067,0.09129972
1,-0.34649128,0.32477295
0,-0.05448404,0.037121825
1,-0.124481454,0.1671135
0,-0.05832109,0.08978625
0,0.12796172,-0.15477799
1,-0.0764053,0.21069048
1,-0.02263718,0.0058014244
1,0.2617861,0.16858035
0,-0.09891002,0.16836594
0,-0.103079766,0.12168905
1,0.22495362,0.052391008
0,-0.031480156,-0.0036106706
1,0.3339209,-0.42582023
1,-0.095246375,0.06435864
1,0.023165066,-0.016769797
1,-0.28576338,-0.13738675
1,-0.44902766,0.06935272
1,0.077041015,-0.38926506
1,0.2630766,-0.007852972
0,-0.14891891,0.16485149
0,-0.06629717,-0.06681529
1,-0.010063812,0.026063256
0,-0.13102911,0.14494176
1,-0.14320849,-0.13205345
0,-0.07882469,-0.10169682
0,-0.23899092,-0.3162802
1,-0.23810807,0.5184377
1,-0.37037936,-0.31703955
1,-0.35544324,0.11833591
1,0.2932854,-0.027372628
0,-0.07060157,0.021042362
1,0.19776182,-0.07294138
0,-0.40014035,-0.048288897
0,-0.13329513,0.10696916
0,0.023113072,-0.04145214
1,-0.03247544,-0.049847096
0,-0.23123848,-0.2774124
1,0.30026868,-0.54166913
1,0.052380357,0.344728
1,-0.16070215,0.17100309
1,0.22364628,-0.4487874
0,0.006637711,-0.00074486434
1,0.115332454,-0.5032805
0,0.007016238,-0.08684051
0,0.2479893,0.13385367
1,0.21001886,0.4289208
1,0.007873468,-0.36555153
1,-0.024723155,-0.16227205
1,-0.13922474,0.07204169
0,-0.16218361,0.15398087
0,-0.19995558,0.058148086
0,0.11741868,0.10555225
1,-0.11650628,-0.08996235
0,-0.035213336,-0.35696304
0,-0.03466346,0.14979787
0,-0.18094435,0.020080745
0,0.1618703,-0.23977585
1,-0.1971451,0.33648992
1,-0.102942124,-0.08398016
0,-0.020147614,0.1657028
1,-0.25098574,0.067492686
0,0.17189892,-0.022470295
0,0.10787381,0.04351704
1,0.16675739,-0.026441708
1,0.08550389,0.39298862
1,0.011679556,0.16454573
1,-0.20641187,-0.037731066
1,-0.03910305,0.33475417
1,-0.41288543,0.35676926
0,0.13439648,-0.07215205
0,-0.34482247,0.061277375
0,-0.2160719,-0.28415275
1,-0.19640593,0.08196893
1,-0.25749868,-0.0514583
0,0.31987846,0.115898125
1,-0.015331101,0.26248765
0,0.08956738,-0.061602727
1,-0.43924087,0.25130773
0,-0.07643385,0.12889779
0,0.3229202,-0.07128194
0,0.09910464,-0.030967802
0,-0.04363317,0.084213294
0,-0.055672333,0.042788476
1,-0.14840838,-0.03606449
1,0.18592304,0.06778852
1,0.29007334,-0.0432778
0,0.20849462,-0.03991784
0,-0.18151024,-0.04019101
0,-0.10605593,-0.135065
0,-0.17646775,0.025519498
1,0.08501129,0.10276075
0,0.2163234,-0.093520954
0,-0.15487076,-0.016397044
0,0.21608567,0.038391203
0,0.11296341,0.1466098
0,-0.14086196,-0.11602956
1,-0.10780914,-0.18257262
0,-0.12462227,0.069764204
1,0.008480046,-0.38469356
0,-0.14867969,0.034274407
0,0.08244561,-0.066804156
0,0.11867158,0.05935958
0,0.26048326,0.13766293
0,0.1237126,-0.22605743
1,0.13620616,-0.43523997
0,0.23293343,-0.054729387
0,0.22986016,0.19352975
1,-0.15733232,-0.0016977638
0,0.040489543,-0.067759275
1,0.021141905,-0.31698143
0,-0.17658053,-0.05391614
1,-0.01985271,0.08070582
0,0.11630583,0.0160352
0,-0.35481283,-0.026756272
0,-0.26807117,0.0557779
1,-0.26203662,-0.31527162
1,0.39037675,-0.03214264
0,0.09456374,0.011151776
0,-0.035797443,0.018223435
0,-0.42506936,0.15573294
0,-0.16673347,0.0007774234
1,-0.23549367,-0.019323573
0,-0.14033921,-0.06021695
0,-0.24224369,0.105432615
0,-0.1036385,0.14233188
0,0.10946469,0.085772604
0,0.24368954,0.058179297
1,-0.35548452,0.05914153
1,0.049202096,-0.5156755
1,-0.22081563,0.54417044
1,0.07451372,-0.04428351
0,0.082839474,0.002388075
0,-0.093152896,-0.16148008
1,-0.12805286,0.028267384
0,-0.1569487,0.22594765
1,-0.12738022,0.16816807
1,-0.046452727,-0.26876575
0,0.028609518,0.052051984
0,0.12591517,0.29929638
1,0.03186794,0.37810013
1,-0.1314413,0.067998804
1,0.14497203,0.18187533
1,0.18684056,0.15548383
1,0.032829132,0.078825146
1,0.009919193,-0.13365497
0,0.16221368,-0.09385125
1,0.0084214695,-0.0013130754
0,-0.119290456,-0.16010813
0,0.25598252,0.007329814
0,0.12015608,0.03294708
1,0.09243043,-0.5623628
1,0.012562022,-0.19668312
1,-0.045064002,0.05314733
0,-0.19926749,-0.04925847
0,-0.05968385,-0.066462845
1,0.15811875,-0.14335637
0,0.015193995,0.071262434
1,0.19059294,-0.09683873
1,0.20881711,-0.09795469
1,0.37847573,0.45799768
0,0.0048712417,0.06939077
1,0.019842412,0.2661131
0,0.06638013,0.004079476
0,0.18242592,0.11714743
0,0.05320101,0.074030094
1,0.101180434,0.09809612
1,0.16508695,0.028835528
1,-0.15549117,-0.013332203
0,-0.06361685,-0.09534587
1,-0.14435938,0.25309587
1,0.113020375,0.24609804
1,-0.40505922,-0.23262735
1,0.2043145,-0.31625253
1,0.12735127,0.091027945
1,-0.13635738,0.053007953
0,0.058883365,-0.086737916
0,-0.048131336,0.14488246
0,0.04429811,-0.031569377
1,-0.20300981,0.03565687
1,0.15912887,0.14102781
0,-0.017399147,0.17901555
0,-0.081178695,0.04789979
1,-0.09274396,0.20945248
0,-0.2621525,-0.0022099018
1,0.13686457,0.14164019
0,0.14521115,0.15630831
1,-0.4633031,0.20025544
1,0.26975107,0.41203326
0,-0.15309203,0.09126726
1,-0.17010318,-0.17835833
1,-0.09494625,-0.013279617
1,0.026339944,0.05018153
1,-0.16334894,0.025383733
1,-0.15083484,0.034462124
0,-0.10653722,0.016127571
1,-0.03656914,-0.03136471
0,-0.3509134,-0.16982542
0,-0.07613328,0.17308927
0,-0.11725803,0.15572073
0,-0.12256503,0.16454068
1,0.16641372,0.3026095
1,-0.18897647,-0.07597466
1,-0.09985773,0.19469911
0,0.4337892,-0.017358825
1,-0.050226305,0.31387278
1,-0.0060848836,-0.14945914
0,0.29963857,0.013698533
1,0.39667803,0.006029308
0,0.08314809,0.09357803
0,-0.111958474,0.06818508
0,-0.14506482,0.05627343
0,-0.1718297,0.13182393
1,-0.26191327,0.012311831
1,0.17332518,-0.08946569
1,-0.21175134,0.13892433
1,-0.08545834,-0.11679451
1,-0.1930605,-0.05614318
1,0.15577847,-0.16776647
1,-0.00797184,0.09177556
1,0.12915029,-0.15849899
0,-0.027087223,-0.03519599
0,0.043995056,-0.034976482
1,0.008085873,0.22261195
0,0.032664258,-0.051109925
0,0.0980936,-0.12173702
0,0.20547715,0.014278695
1,0.22617415,-0.013981864
1,-0.026408307,-0.044535503
0,0.0073218606,0.118407376
0,0.18022248,-0.1249585
1,0.14133291,0.025871292
0,0.08029862,-0.017849877
1,0.010779873,0.14812501
0,0.11295745,-0.11419855
0,-0.06264334,0.09545221
0,0.32665992,0.1537206
0,-0.123284504,0.018144913
1,-0.034012474,0.011944637
1,-0.18002169,-0.12441577
0,0.24688625,0.07556552
1,0.124610096,0.102066115
1,-0.10149388,0.06668612
1,0.34448153,0.029379606
0,0.3482688,-0.0529712
0,0.1811483,-0.18710841
0,-0.35066187,0.023068905
0,0.007943865,-0.081257746
1,-0.14643003,-0.07839678
1,-0.24886551,0.12720595
0,0.04339346,0.0033438355
1,-0.049754936,-0.50129855
0,0.2517505,0.090185486
1,-0.046574168,-0.14425178
0,-0.022034045,-0.08826248
0,-0.08854998,-0.18717615
1,0.1278701,-0.11647822
0,-0.19638571,0.07908085
1,-0.15499984,0.10038474
1,-0.052360963,-0.09707229
1,-0.3435204,-0.092775226
0,-0.14229149,-0.19478698
0,-0.42042917,-0.08160843
1,-0.14294907,-0.15830655
0,0.28335333,0.11598329
0,0.16254106,-0.11200394
0,-0.3989844,0.016253091
1,0.029401328,0.25487584
0,0.098630056,0.15778336
0,-0.053648792,0.056037597
0,-0.22074565,0.013966486
0,0.08789551,-0.015979886
0,-0.14865093,0.12962541
1,0.16030145,0.25967506
1,0.3901319,-0.061420694
0,0.24911782,0.030859903
0,0.25092497,0.09385553
1,-0.010269953,0.04040411
0,-0.011993824,-0.22821195
0,0.07157551,0.073320165
0,0.23103964,-0.11961271
1,-0.1421429,0.35540426
0,-0.029991295,-0.060576186
0,-0.11563538,0.05363951
1,-0.3193167,-0.1848584
0,-0.23501933,0.031420022
1,0.0026514009,0.031592727
1,-0.1457618,-0.22697712
0,-0.09311625,-0.07024576
1,-0.14201616,-0.35405868
0,-0.19837889,0.096575156
1,0.48074567,-0.23974206
1,-0.06217124,-0.2933042
0,-0.08383466,0.011102349
0,0.08220573,0.022385873
1,-0.3082158,-0.30302578
1,0.2632444,-0.14784463
0,-0.0832149,0.09686626
1,-0.13443424,0.21234958
1,-0.027412772,0.083523035
1,-0.06368473,0.02915749
0,-0.11228171,0.088852905
0,-0.13207243,0.014810786
1,-0.15908104,-0.18537708
1,0.1093564,0.2610265
1,0.17205304,0.047343776
0,-0.11086492,0.08416766
1,-0.2315181,0.12765338
0,0.06137647,0.13379237
1,-0.04336632,0.0682673
0,0.09825477,-0.025465026
1,0.041582275,0.4492427
1,0.3071733,-0.4494539
1,-0.17669527,0.27015185
0,0.3075269,-0.0028169304
0,-0.3822117,-0.24791707
1,-0.07604205,-0.03370382
0,0.053555775,-0.032432318
0,0.30051523,-0.069753036
1,-0.12292887,-0.43336213
0,0.15119389,-0.13467087
0,0.0829249,0.25316757
0,-0.08442451,-0.0065591186
0,-0.020091344,0.090328686
0,-0.41880518,0.05001775
0,-0.121531025,-0.0024668127
1,-0.28972116,-0.5515955
1,0.04220363,0.063938044
0,-0.022387685,-0.028229728
1,0.07614377,0.30666512
1,-0.25570202,0.13130277
0,0.3227679,0.2519584
0,-0.09788659,0.24285096
1,0.14608328,-0.087608084
0,0.22102755,0.14248045
1,0.040163856,-0.12734272
0,0.036594246,-0.07907389
1,0.3100741,0.58901614
0,-0.09937382,0.12269679
0,-0.04071747,0.0752597
0,0.002151344,0.19129671
1,-0.14954787,0.5647858
1,0.40959054,0.2920829
1,-0.29987198,0.5307115
0,0.21808249,0.036499172
1,-0.015670802,-0.37159717
0,0.2879504,0.12775844
1,0.06041212,-0.099898234
1,-0.31807432,0.26224256
0,0.0792786,0.08947174
0,-0.4771222,-0.3005166
1,-0.0677891,0.2972024
0,-0.08262275,-0.10837731
0,-0.13322346,0.080379464
1,0.19637442,0.116622865
0,0.010080893,-0.040921107
0,-0.15208387,0.15580449
1,0.04072388,0.51650065
0,-0.19110492,0.02998878
1,0.029482167,0.21761209
0,0.037038337,0.042473152
0,0.25254536,-0.15908916
1,0.07800433,-0.09401046
1,0.08696364,-0.13505419
1,0.011336822,0.2921391
0,-0.042769104,-0.10443415
1,-0.0022903718,-0.10191409
1,0.011001006,-0.019139841
0,0.22508675,0.24235511
1,0.1925125,-0.10785471
1,0.20690027,-0.09673871
1,-0.103794634,-0.44151968
1,-0.0955746,0.018820561
0,0.28553945,-0.0662121
1,0.24590096,-0.0074001104
0,-0.17696913,-0.009721741
0,0.14438553,0.04593017
0,0.15182719,-0.123620495
1,0.23088443,-0.43922317
0,-0.21302906,-0.14651357
1,0.13758604,0.1779847
1,-0.100144595,0.4580754
1,0.10948393,-0.43403727
0,0.14040883,0.08219132
0,-0.015744966,-0.03128332
1,-0.14043674,0.120463565
1,-0.14481989,-0.49633622
0,0.12364152,-0.008706838
1,-0.053516872,-0.3821572
0,-0.016030706,0.077377476
0,-0.20710067,-0.03931701
1,0.30889767,0.52087295
1,-0.07850692,-0.13474996
1,0.17294525,-0.074966
1,0.1876034,-0.05945778
0,-0.0531439,0.031599894
0,0.030622486,-0.08636302
1,-0.19305989,-0.41738212
1,0.099027544,0.27518088
0,0.14947653,0.13059887
1,0.04130925,-0.4659357
0,-0.040981174,0.102187105
0,-0.1433355,0.020458259
0,-0.48676234,-0.039134994
1,-0.10838933,0.008940384
1,0.059262957,0.029405862
0,-0.06889562,0.032362312
0,-0.18273658,0.022635467
0,0.02357154,-0.041434556
1,-0.22875181,0.058593616
1,-0.23989075,-0.31484658
0,-0.043767344,0.15181985
1,-0.3686908,0.013991743
0,-0.04512544,-0.22712947
0,0.1139767,0.13985316
1,0.3956895,0.09366056
1,0.19015816,-0.047626078
0,0.37470463,-0.042791918
1,-0.053336315,-0.04939249
0,-0.06068431,0.043589555
0,-0.27883387,-0.01832749
0,-0.32443246,-0.08940975
0,0.27254474,-0.2128096
0,0.15412647,-0.11322819
0,0.08763318,-0.016001284
1,-0.22019175,-0.19254483
1,-0.025180798,-0.4207642
1,0.23961264,-0.19791682
0,-0.18532602,0.020416975
1,-0.085281126,0.021835469
0,0.28308603,-0.026901886
1,0.31336617,-0.059742793
0,-0.04121117,0.18807945
0,-0.33193314,-0.09768115
1,-0.34373635,-0.029220775
0,-0.008783907,-0.04714109
1,-0.0716257,-0.29611403
1,-0.28498262,-0.09256804
1,0.0013646446,0.22902158
1,0.48975098,-0.13700886
0,0.20556068,0.26768187
0,-0.05612458,-0.06985088
0,0.44672698,0.116772726
1,0.2900657,0.11251013
1,0.07422805,0.057363324
0,0.29884255,-0.08091803
0,-0.33220303,0.059987277
0,-0.13580123,0.0904931
1,0.12878287,-0.2035739
0,0.07075751,-0.31161863
0,0.07892217,-0.02807483
1,-0.19443208,0.26047403
1,-0.003235247,0.094103396
1,-0.2074902,0.05627139
0,-0.14378403,-0.041085124
0,-0.12668535,0.016977355
1,-0.30640316,-0.17415224
0,0.0890871,0.00086672604
1,0.33868358,-0.09785852
1,0.12194353,0.19690014
1,0.5092062,0.013476379
1,0.13625003,-0.13599877
1,0.07912253,-0.04256469
0,0.2569098,-0.0611894
1,0.22608057,0.015794292
1,-0.00863236,-0.58167577
0,0.067781046,0.09671169
0,-0.47426128,0.37638783
1,0.13187817,-0.16940497
1,-0.41400003,0.07658845
1,0.14297396,-0.028268233
1,-0.18920875,0.43889987
0,0.04967491,0.018904887
1,-0.15371555,0.3611853
1,-0.023914844,0.27300984
1,0.09226318,0.7682897
0,-0.10510096,-0.023546949
0,-0.14346896,0.07887348
1,0.33645535,-0.058730915
0,-0.13842215,-0.051384434
0,0.21181022,0.040561207
0,0.13983254,0.05083827
1,-0.5316166,-0.3342073
0,0.4904247,0.09128539
0,0.36190003,-0.07605314
0,-0.23703893,0.04721944
1,0.23893169,-0.028468683
0,0.17270087,-0.19417967
0,0.26104644,0.05875405
1,0.14226069,-0.50072086
1,0.15252605,-0.3302099
0,0.18866242,-0.06430827
1,-0.22703496,0.14886631
0,-0.08568825,-0.0057649612
0,0.052267093,0.12742202
1,0.029599566,0.01957696
1,-0.024314042,0.19465242
1,-0.1494313,-0.19999336
0,0.03684968,0.071133584
0,-0.1397898,0.00024726987
1,-0.089393586,-0.28926617
1,-0.12754333,-0.2599746
1,-0.470405,0.14461833
0,-0.048443615,0.032697923
0,0.053019013,0.002984047
1,-0.28025207,0.06359057
0,-0.10833871,-0.0029066503
0,0.18318376,0.048637196
0,-0.16944197,-0.024335906
1,0.14936617,-0.114344105
1,-0.3050542,0.3170573
1,0.0037787966,-0.47750288
1,-0.06522241,0.05644197
1,-0.025025524,0.32867473
1,-6.1098486e-05,-0.037947536
0,0.0017119646,0.073396906
1,0.20237847,-0.09239583
1,0.121282876,0.28642285
1,-0.085706726,-0.46091074
0,-0.026993763,0.03276889
0,0.14981791,0.043851078
1,0.15257351,0.2660553
0,-0.30372152,0.071005404
1,-0.42922324,-0.26751685
1,0.5091921,0.2551539
0,-0.13847429,0.19904213
1,0.3451872,-0.24290408
1,0.09198426,0.092457086
0,-0.18833175,-0.025603607
1,0.21243721,0.13636355
0,0.005299639,0.01895304
0,0.39333764,0.07313026
0,-0.0027124248,-0.03797646
1,-0.20654748,0.007733837
0,-0.16765168,0.13256091
0,-0.15925159,0.027380168
1,0.18420038,0.27259612
0,-0.16217256,-0.2808177
1,-0.2672155,-0.17546175
1,-0.42526513,-0.16476227
0,0.025021892,-0.01083307
0,-0.1440979,-0.059628487
1,-0.2085327,-0.03576526
1,0.17752445,0.40145916
0,0.055362392,-0.03153394
0,-0.08448712,0.235446
1,0.12489459,-0.060252756
0,-0.1956664,-0.053083107
0,-0.18444958,0.1984007
1,-0.09577286,-0.07640034
1,0.23184681,0.081873335
1,0.2374455,0.12443004
1,0.2674749,0.087956384
1,0.4058959,-0.102449015
0,0.024601888,-0.23324801
0,-0.26166287,-0.25193167
1,-0.09079236,0.22164391
1,-0.20795959,-0.056249812
1,-0.09801601,-0.08897267
0,0.2694385,-0.09146552
0,-0.13283181,-0.2324488
1,-0.22882748,-0.21790107
1,0.06760013,0.19243163
0,0.06827676,0.2253662
1,-0.047156982,0.051199995
0,0.12545592,0.1387938
1,-0.010411229,-0.37649065
1,-0.36330742,0.11277716
1,0.12581226,-0.19573076
1,-0.36829376,0.34083647
1,0.12620153,-0.35996974
1,-0.03976938,-0.07068996
0,-0.38115758,0.0030525178
1,0.0066070594,-0.24572484
0,-0.32176244,0.056792818
0,-0.23953523,0.029620662
0,-0.12952423,-0.094989
1,0.034740772,-0.055908844
0,-0.04194783,0.0017253608
0,-0.070392594,-0.009399325
0,0.15517291,0.020470753
0,0.08371578,-0.12339248
0,0.08324972,0.13798203
1,0.028425027,-0.035898566
1,-0.43049422,0.2101487
0,-0.2536316,-0.019378543
1,-0.13298939,-0.13591357
1,0.1251733,-0.31827158
1,-0.25486857,-0.43983698
0,-0.11163059,0.22127786
0,-0.08127059,-0.047971904
1,0.0011921935,0.05227945
0,0.14429562,0.078174554
0,-0.16893251,-0.2231415
1,0.3131083,-0.12772994
1,-0.17219037,-0.11664857
1,-0.13715628,0.015123136
0,-0.033021674,-0.0004877299
1,0.0034358576,-0.16917636
1,-0.11694856,-0.24543066
1,-0.057972375,0.27707204
1,-0.03568507,-0.20039995
0,-0.08589582,0.13864256
0,-0.23100783,-0.21593083
0,-0.013646625,-0.05357626
0,-0.2673133,0.011174679
0,0.069347814,0.0032926798
1,0.10736407,-0.2634964
0,0.10185738,-0.12916322
0,0.09752117,0.024363615
0,-0.079875454,-0.057403162
1,0.028758075,-0.19699223
0,-0.20238385,0.008002467
1,0.07032934,-0.0324931
0,-0.08852841,0.05762478
1,-0.1739222,-0.25259447
0,0.22738001,-0.08642618
1,-0.08441995,0.1350745
1,-0.17098364,0.19825807
0,0.1599409,0.2014778
1,0.25810134,-0.045789286
0,-0.20622084,-0.1800213
0,0.21846053,0.14481571
1,-0.21762131,-0.046126857
1,-0.17734309,0.20155686
0,-0.0913474,-0.018975466
1,-0.07133454,0.1918483
1,0.20174623,0.006770268
0,-0.0656981,0.10610136
1,-0.04249587,-0.23742564
1,0.2210342,-0.12125416
1,-0.024264846,0.08172348
1,-0.06525876,0.06856399
0,0.13938272,0.028758556
0,0.25514582,0.11458797
0,-0.18276095,0.025690936
1,0.04463998,-0.07076351
1,-0.0037078,-0.12990694
0,0.060642917,-0.119331345
0,0.22870994,0.027565464
1,-0.16255891,-0.061697707
1,-0.0084025245,-0.23955418
0,0.12925676,0.088532895
1,-0.18166125,0.04907281
1,-0.0970943,-0.26019657
0,0.28106016,0.027603194
1,0.05714542,-0.14063184
1,0.16194656,0.010344714
0,0.08962913,0.09547573
0,0.06935468,-0.05781603
1,0.123744935,-0.23761608
1,-0.06695057,0.09039292
1,-0.046012852,-0.029582798
0,0.18960914,0.1358211
1,-0.19145463,0.0008921474
0,-0.34339714,0.08141577
1,0.038132753,0.10664641
1,-0.15711217,0.28923196
1,-0.16958472,0.0030412078
0,0.15151753,0.0319324
1,0.17133957,-0.42504275
0,0.19662133,-0.058578834
0,-0.25506234,0.16975683
1,-0.00201156,-0.20090981
0,-0.33261982,0.23259021
0,-0.23420353,0.020294286
0,0.08721082,0.10380463
0,-0.047821205,0.0073082596
0,0.40468937,0.039528668
1,0.039769802,0.37437588
0,0.1338749,0.18213366
0,0.44368532,0.14450973
1,-0.03961266,-0.23600425
1,-0.13188134,-0.06293093
0,0.0065871477,-0.06364368
0,-0.0026873685,0.06222458
1,-0.12522301,-0.045534015
1,0.16571553,-0.19089411
0,-0.04218683,0.04651019
1,0.05285955,-0.2819392
1,-0.3101579,0.15054226
0,-0.05029896,0.19452739
0,-0.10148679,-0.10429172
0,-0.08187276,0.07890989
0,-0.12197623,-0.018557891
1,-0.2731538,-0.21585844
1,-0.07945761,-0.22566123
1,-0.11889708,0.124073595
0,-0.04328558,-0.20572735
0,0.18327129,0.11448929
1,-0.08702783,-0.4511751
1,0.13538912,0.26811063
0,0.12815908,-0.22069384
1,-0.1297744,-0.031251326
1,0.2575286,-0.032898113
0,-0.10373612,-0.15557434
1,0.15308923,-0.0581028
1,-0.2006731,0.010781139
1,-0.16966613,-0.041965038
0,-0.04592079,-0.026082411
1,0.37129486,0.16424836
1,-0.08419956,0.07680679
0,0.081324205,0.072525464
1,-0.2291745,-0.21032147
0,-0.38317823,0.088831306
0,0.19901994,-0.012339294
1,0.268362,-0.1766981
1,-0.26071718,0.20924716
1,-0.2986764,0.112271704
0,0.094500884,0.23475617
0,0.11384654,0.0459809
0,0.25013995,-0.035487354
1,-0.36213833,-0.36989832
0,-0.35411662,0.042656064
0,0.02130771,-0.12136005
1,-0.1552104,-0.148172
1,0.03235663,-0.033045933
0,-0.067464605,0.10175544
0,-0.19099233,0.11406471
0,0.2917092,0.3015045
1,0.21253955,0.26455158
1,0.14910373,0.096629135
1,-0.12785624,-0.20242159
1,0.19312865,0.11032445
0,0.25941262,6.186962e-05
0,0.104832724,0.07474229
1,-0.29834375,0.78604543
0,0.26288188,0.017657794
0,0.37071514,-0.054741815
0,0.09837596,0.08140054
0,0.094023794,0.02216684
0,-0.084444605,-0.12712325
0,0.09746626,-0.13270919
0,-0.36932623,0.042419992
0,0.04674946,0.018964298
1,-0.21146902,-0.25770897
1,-0.20545942,0.3180362
0,-0.22326434,-0.0018823445
1,-0.39447457,-0.17886464
1,0.17090759,0.10073266
0,0.04492632,0.011526071
0,0.46150237,-0.045968845
1,-0.12999344,0.4136508
0,-0.0761825,0.041022986
0,0.269443,-0.022913381
0,-0.35924333,-0.23354764
0,-0.0362568,0.17089352
1,-0.08604788,0.31530616
1,0.041847702,-0.21713229
0,-0.113973975,0.06773548
1,0.09360273,0.4982326
0,0.16474828,0.084701076
0,-0.21070066,0.027513579
0,-0.0015644021,0.044037998
0,0.08425984,0.07049374
1,0.13802788,0.05512709
0,0.049063463,-0.061639145
1,-0.16863136,-0.058831766
1,-0.076030634,-0.01002489
0,-0.11534263,-0.20917203
1,-0.15479411,-0.12594153
0,0.10637295,0.10751855
1,0.26662925,-0.19637264
0,0.19857049,0.064076304
0,0.007701982,0.018434435
1,0.05322406,0.2698328
0,-0.15849213,0.19202286
1,-0.26516622,0.06657172
1,0.0790088,0.20722058
1,0.25773767,-0.046752587
1,0.00024079531,0.02112326
1,-0.039907075,0.11763554
1,0.2893375,-0.058687747
1,-0.012369964,-0.021603122
1,-0.029754791,0.31595308
0,0.07751404,0.0068923086
1,0.590381,0.055074982
1,0.088311434,0.11298853
1,-0.052808896,0.11914239
1,0.060734484,-0.24417092
1,-0.16496189,0.09614532
1,-0.2216593,0.32116786
0,-0.05255381,0.058820315
1,0.37497747,0.024476632
1,0.0025741495,0.1352368
0,0.116160035,-0.17512222
0,-0.071093306,0.033291817
1,-0.5018388,0.1978607
1,0.4662273,0.09630558
1,0.13976552,-0.42102605
1,-0.3481411,-0.24724533
0,-0.32589638,0.0175661
0,-0.060876086,-0.039125606
0,-0.03519751,-0.10852677
0,-0.034443393,0.17208812
1,0.09929991,-0.2533108
1,-0.26988694,-0.20431246
1,0.40873337,0.012717769
0,0.055740315,-0.020080373
0,-0.022834709,-0.1675099
0,0.032975253,0.06961082
0,0.1555573,-0.02446255
0,-0.15471977,0.03593503
1,-0.073224306,-0.0850607
0,0.026880093,0.034464225
0,0.1321483,-0.22957237
0,0.15555474,0.041052543
0,-0.35052818,0.0008466691
1,-0.025316078,0.047167674
0,-0.25564954,-0.0021537691
1,-0.09240967,-0.44355989
0,-0.04890563,0.059764303
1,0.1622591,0.012246005
0,0.25191975,-0.0058656335
1,0.0060253777,-0.29767704
1,-0.12409176,0.039685234
0,0.11318654,-0.18660296
0,-0.14310707,0.054464832
1,-0.20342849,-0.15856908
0,-0.16438976,-0.07251012
1,0.21350837,0.025319934
1,0.04582091,0.062745154
1,0.18111512,0.1831844
1,0.49249423,0.20258397
0,0.05122419,-0.0692057
1,-0.5751214,0.25326782
0,0.024582166,0.14642027
1,-0.21505702,0.09940948
0,0.07981105,0.068269484
1,0.08793546,-0.2219583
0,0.2036962,-0.15783747
0,-0.020250607,-0.008450851
0,0.14873286,-0.03706102
0,-0.027409257,0.0529776
1,0.17170353,0.14762951
0,0.012904715,0.2213391
0,-0.094858445,0.10062727
0,0.07155913,-0.06969468
0,0.20401032,-0.084437445
1,-0.257971,0.007443577
0,0.05273625,-0.10924107
0,-0.040999494,0.10732706
0,0.058040705,-0.2523917
1,0.13247016,0.096069306
1,-0.41797623,0.21163034
1,-0.011185646,-0.027118444
1,-0.02912343,-0.09137367
1,0.05857453,-0.13074918
0,-0.14890729,0.057916082
1,0.2667774,-0.21234353
0,-0.029738273,-0.08081901
1,-0.08904812,0.21807389
1,0.028234068,-0.02298607
1,0.14520358,0.11818798
0,0.2872687,-0.14109932
1,0.031985093,0.43515217
0,0.11586115,-0.08018963
1,-0.097356945,-0.49961567
1,-0.08997692,-0.024883553
0,-0.16407222,0.114573374
0,-0.06378183,-0.02495797
1,0.44053954,0.17234397
0,-0.18964246,-0.061251834
1,0.40085125,0.16672575
1,0.15810242,-0.31161016
1,-0.013530536,0.1298661
0,0.04376467,0.070991874
0,-0.3829996,-0.07627788
0,0.01988956,0.104375854
0,-0.04823482,0.015355602
1,0.0480677,0.3407265
1,0.010587085,0.16301131
1,0.13530907,0.52917224
0,-0.07496072,0.2186184
0,0.10324383,-0.0887727
1,-0.06574288,0.19992884
0,0.0106387995,0.19888335
0,-0.052234754,0.12997821
0,0.21768126,0.10591617
0,-0.08380009,0.19515143
1,0.17748675,0.2371443
0,-0.036233403,0.0640607
1,0.11046596,-0.08808239
0,-0.094680294,0.087414026
1,0.14888372,-0.3399217
0,0.0044547804,0.13323763
1,0.20276931,-0.48014235
0,0.07088302,-0.08420348
0,-0.012511069,0.29528442
1,-0.060141496,-0.011215866
1,-0.27257082,0.015847169
0,0.08339624,0.07340226
1,-0.29914415,0.26813698
1,-0.114683226,-0.3945793
0,-0.14875369,-0.12864591
0,-0.21762967,0.24968818
1,0.063522965,0.25452858
0,-0.26013204,0.035544246
0,0.050019328,-0.1220371
1,0.16357768,0.22562985
0,0.14431475,0.005050972
0,0.01312587,-0.16451119
1,0.37871045,0.0041627437
0,-0.25113097,-0.15087582
0,0.25901416,-0.015007809
1,0.015784767,-0.06952788
0,0.23480171,-0.54077923
1,-0.107579544,0.073295884
0,-0.017491672,-0.05363688
0,-0.0075917225,0.10504394
0,0.20045017,0.059883922
0,0.1060964,-0.010901943
0,0.10359222,0.19905818
0,0.16444156,0.15748173
1,0.23602319,0.26169303
0,0.057065118,0.15316752
0,-0.13137643,-0.040790483
1,-0.12274504,-0.057642296
0,-0.11150846,-0.0033670962
1,0.034800295,-0.3437571
1,0.003953226,0.096301906
0,0.23810634,0.015505835
0,0.12213227,0.050276116
1,0.04143105,0.022935368
1,0.12998615,-0.123418555
0,0.02814718,-0.04340291
0,-0.085316464,-0.13153912
1,0.2920529,0.2745009
0,-0.00947804,0.036905564
0,0.16389062,-0.00256975
1,0.07225013,-0.04140845
1,0.056222234,0.18594332
1,0.09070954,-0.39992142
0,0.3134872,0.06698388
1,0.14175408,-0.38154924
0,0.17428611,0.0192101
1,-0.054486632,0.25402468
1,0.05013291,0.4750648
1,-0.19810358,0.011669368
0,0.002331026,-0.014031097
0,-0.18472579,-0.024251133
0,0.46850288,-0.03262262
1,-0.09480564,0.13190262
1,0.0073944107,-0.102999374
1,-0.061690483,-0.16740026
0,-0.024510855,0.024272703
0,-0.13443638,0.06682409
1,0.17706421,-0.19606127
1,-0.4247825,0.23373672
0,-0.16103543,-0.18925585
1,-0.15245543,-0.09620018
0,0.17109291,0.098614305
0,0.34645537,0.053185612
0,0.2745911,0.1702363
1,-0.17125079,-0.007822216
1,0.31227466,-0.27097416
1,0.22264075,-0.050048873
0,0.0052368976,0.115917206
1,0.1743823,0.10931235
0,-0.009845624,0.07636234
1,0.26981866,0.33527547
0,-0.1798737,0.032758728
1,0.10343379,0.093497194
0,-0.17284869,0.048380278
1,0.2943914,0.11580968
1,0.35356393,0.008135192
1,-0.2896341,0.14644149
0,0.2631604,0.078165844
1,-0.15271504,-0.36697567
0,0.1142852,0.083270036
1,0.28545636,-0.10411744
0,-0.026858255,0.108299
0,0.24516904,0.035887666
0,-0.32145032,0.10218966
1,-0.13643067,-0.23034741
1,0.25958484,-0.15828659
1,-0.3646357,-0.07040258
1,-0.13980123,-0.07790102
0,-0.08608496,-0.059855163
0,0.102176785,-0.23168989
1,0.3070693,-0.23499714
0,0.27725893,-0.21216281
0,0.049476434,0.06946567
0,-0.25075424,0.06566138
0,-0.4102378,0.18518342
0,0.07458933,0.033539355
0,-0.021428265,-0.11235987
1,-0.22938332,-0.19446613
0,-0.18191828,-0.09785311
0,-0.17010887,0.036464453
0,-0.09170495,0.10345258
1,0.14670962,-0.37173343
0,0.16154803,0.05381862
1,-0.42106435,-0.07239683
0,0.021999024,0.09772526
1,0.0716857,0.07058763
0,-0.115257725,0.22286846
1,0.028626394,-0.47584605
1,-0.06011268,0.41453338
0,0.3733614,-0.27134246
1,-0.36901495,-0.39276403
1,-0.19392222,-0.08260217
0,-0.188948,0.118292
0,0.20627646,0.08054195
0,-0.02738,-0.075078264
0,-0.12351182,0.082577355
1,-0.21528226,-0.2702368
1,0.12150164,-0.5832771
1,0.103161365,-0.07279898
1,-0.21340458,-0.09922819
1,0.051418733,-0.086983666
1,-0.17028984,0.5362568
1,-0.024789503,-0.44757724
1,0.09032254,-0.1570939
0,0.019529082,0.08091691
0,-0.021705829,0.025457233
0,0.07570116,0.094812825
1,0.24491018,-0.3097201
1,-0.16906652,-0.037016526
0,-0.19837034,-0.04538481
1,-0.51794034,-0.05393739
0,-0.05684662,0.0014422685
0,-0.021249339,0.066698864
0,-0.09955999,0.03291157
0,-0.031608317,-0.24419577
1,-0.32763422,-0.2977845
1,0.31535357,0.4669248
0,0.07368733,-0.10294737
1,0.22304922,-0.23275323
1,0.059842277,-0.34486437
0,0.11823624,0.03956893
1,0.34299922,-0.16608383
1,0.46646595,0.07196583
1,-0.1785008,0.18968995
1,-0.0749338,0.10200641
0,0.13849306,0.087968975
0,-0.03905069,-0.073030055
1,-0.07738215,0.15822574
1,-0.013714734,0.1581091
1,-0.23069498,-0.61220896
1,0.078055084,-0.001296863
0,0.009240136,-0.29824758
1,0.19325802,-0.21898325
1,-0.05576714,-0.043995783
1,0.30025458,0.06695785
1,0.26355013,-0.42068756
1,-0.1445415,0.113815084
1,-0.07165328,-0.033383474
1,0.00985647,0.048070475
0,0.061285455,0.031072192
0,-0.126897,-0.032982334
0,0.24676362,0.039132744
1,0.30793196,0.120215245
1,-0.24503404,0.3925469
0,-0.1404935,0.104393005
0,0.11370315,-0.02974917
1,0.40085593,0.1408
1,-0.2930315,0.15218894
0,0.123564124,0.10017069
0,-0.06008961,-0.0838408
1,-0.36081415,-0.36917055
1,0.18912882,0.20137537
0,0.19417141,-0.08592172
0,-0.17135657,0.07147348
1,-0.05577738,0.33986908
0,-0.13131046,-0.09566267
0,0.09827438,0.119286165
0,-0.17786175,0.15277457
1,-0.3909747,0.018373579
1,-0.16985829,-0.18853535
1,-0.224523,-0.30467683
1,0.04341803,-0.3458858
0,-0.15539859,0.09057869
1,0.41383195,-0.24425451
1,0.18616109,-0.16696174
0,0.15861377,-0.103443995
1,-0.004658848,-0.04076469
1,0.1008044,-0.023406088
1,0.13226357,-0.05329694
1,0.040538963,0.046042465
0,0.2429902,0.037517145
0,-0.02099279,0.07444883
1,-0.26541862,-0.018877521
1,-0.20189734,-0.22235747
0,-0.3010844,-0.19972505
0,0.14835185,-0.060580894
0,-0.060417734,0.07514295
1,0.2733558,0.40352923
1,-0.17159641,-0.0003504306
0,0.043420028,-0.017265394
0,0.080886096,0.030833557
1,0.0036479905,-0.08580212
0,-0.028317688,-0.022908568
0,0.19039564,0.033134714
1,0.40971613,-0.019946128
0,0.012591746,0.039698087
1,0.11377436,0.35763338
0,0.094269544,0.09275847
1,0.4125346,0.09054276
0,0.21252751,0.016485333
1,-0.06148225,-0.12435813
1,0.16309816,0.063880235
0,0.050521243,0.16038229
0,0.15753433,0.17045675
0,-0.0135258995,-0.23545553
0,-0.19515117,0.07765129
0,-0.06770283,0.1123192
1,-0.023795748,0.2671431
0,0.061004836,0.0048173517
1,-0.2788123,-0.35178208
1,0.35452873,0.32700443
0,0.18709037,-0.027775526
1,0.10431774,0.14697388
0,0.2897169,0.012319408
0,0.0070066154,0.18898046
1,-0.106569886,-0.3914346
0,-0.34566852,0.020821482
1,-0.0034820996,0.17917937
0,-0.09167721,0.14683636
1,-0.19323242,0.19261199
0,-0.24844542,-0.15442254
1,0.20085326,-0.23859318
1,0.22550732,-0.08475347
1,0.09015907,-0.48940814
1,0.08143805,-0.020964995
1,0.17429227,0.50665957
0,-0.010966938,0.033191763
0,0.058291603,-0.03656149
1,-0.2807539,-0.28083348
1,0.2771922,0.14921427
1,-0.029848553,-0.18113996
0,-0.025993261,0.076342195
1,-0.13423929,0.09098228
1,0.24699026,-0.23926611
0,0.10085146,0.015482783
0,-0.055658355,0.02840855
0,-0.100549564,-0.022770688
1,-0.2106037,-0.1258231
1,-0.13516523,0.07087272
1,-0.30880156,0.1241602
0,-0.09506414,0.099638164
1,-0.34923828,-0.13179238
1,-0.062223684,-0.118202075
0,0.014794212,-0.05252619
1,0.27290666,-0.21157597
0,0.05748486,0.14291605
0,-0.17802906,0.009128891
0,-0.025318552,-0.014432713
0,-0.023031132,0.28985888
1,0.0071417056,-0.53523326
0,-0.29604363,-0.21940486
0,0.07801287,0.08930595
1,-0.19930708,-0.002853334
0,0.15970929,-0.043433562
1,0.27481297,-0.14359863
1,0.31009308,-0.3100649
1,-0.34470177,0.15276243
0,-0.1381579,0.07698516
0,-0.40259695,0.026043251
1,0.051311065,-0.061878473
1,0.2082806,-0.38466805
1,-0.13602069,0.09095004
0,0.52470315,0.15473412
0,0.22063148,0.10963063
1,0.2683699,0.45657998
0,0.21465245,0.019343778
1,-0.21871838,0.1278892
0,0.19649924,-0.09306909
1,-0.25754368,0.18408209
0,-0.5422031,-0.008334219
0,-0.17916931,0.11897307
0,0.06175718,0.028974928
0,-0.18131107,-0.09489012
0,-0.13259815,0.1744555
0,0.12938175,-0.15949543
1,0.0020172335,-0.23046724
1,0.07618265,-0.039593086
1,0.116763055,-0.14259522
0,0.065497115,0.063513234
0,-0.10643342,0.07271785
1,0.08663666,0.19477035
0,0.006758429,0.033288807
0,0.2583034,-0.0029154867
1,-0.22403881,0.06474734
1,0.2684523,0.095177986
0,-0.0055548176,0.13139227
1,0.35885167,-0.21353455
0,0.053998727,0.026101656
1,-0.31313437,0.50527763
1,-0.19164406,-0.17212857
1,-0.19910885,0.009630725
1,0.14582029,-0.14776395
0,-0.028247593,-0.05733362
1,-0.05857516,-0.27833015
0,0.046214867,-0.037309557
0,0.22384611,0.077822946
0,-0.036958016,0.08707394
0,0.011600073,-0.036913693
0,0.14590502,-0.058338717
0,0.14720124,-0.20848443
0,-0.0126640685,-0.0030187964
0,0.085290045,-0.1682551
0,0.21440202,0.15470643
1,0.050524775,-0.11092569
1,0.08522695,0.041426398
1,0.5118214,0.1515465
0,0.20715052,-0.0095402
1,0.49456263,-0.25512844
1,0.09272337,-0.042548075
0,-0.3261032,0.18412125
0,0.19004041,0.031981543
1,0.07855554,-0.22975488
1,0.2694285,-0.11121377
0,-0.15949786,0.16508114
0,0.11741017,-0.22845526
0,-0.08072852,-0.019750163
0,-0.22714388,-0.26969516
1,0.22032562,0.20247896
0,0.19917679,0.0038949102
1,0.09606801,-0.15078087
1,-0.036498554,0.19909577
0,0.13187943,-0.084230214
1,0.09772378,-0.18618156
1,-0.21600392,0.21641749
0,-0.012335284,0.05928532
0,-0.18075147,-0.051159963
1,-0.046637464,-0.1618086
0,0.23608863,0.10013184
1,0.004412964,0.15477736
1,0.20571497,-0.020238057
1,0.096674025,-0.021948367
0,-0.101128474,-0.17957468
1,0.20955886,-0.14581247
0,-0.06851705,0.013081998
0,0.29575673,0.07129784
1,-0.123895735,0.13904431
0,-0.039728772,-0.102218
0,0.13217455,-0.037000954
1,0.049178306,-0.0925934
1,-0.054932866,-0.23128213
1,-0.050008498,-0.08760403
0,-0.02973476,0.062258124
0,0.04948764,0.21659663
0,0.2642905,-0.1748419
1,-0.13685115,0.1177665
1,0.104827195,0.24645226
1,0.04095306,0.3391077
1,-0.21001731,0.34721375
1,-0.44907144,0.47614402
1,-0.1910429,-0.29227394
1,-0.06825861,0.18549529
0,0.015177295,0.107096985
1,-0.12785202,0.0012352169
0,-0.008705951,0.182193
1,-0.21409972,0.40404695
1,-0.13536806,0.18174267
1,-0.015460707,0.24068296
0,0.19539517,-0.11977236
0,-0.34087598,0.094217435
1,0.38038358,0.2923274
1,-0.12997136,-0.5100205
0,-0.3911652,-0.10104279
1,-0.054512154,0.20264657
0,-0.047376387,0.038618773
1,0.4761092,0.18250237
1,0.16881536,0.0017012805
1,0.009250734,0.15420608
1,0.029592615,-0.31208986
0,0.20753238,0.11940868
1,0.09464985,0.25469875
0,0.121361315,-0.11075483
1,-0.37611812,-0.0027392656
1,-0.08344026,0.19271094
0,0.0023073852,0.012305014
1,0.13430095,-0.07801716
0,0.005476456,0.11333396
0,-0.018767582,0.016994357
1,0.53838694,-0.044370383
1,0.42047548,0.03864199
0,-0.06488711,0.038733408
0,0.26068002,0.1359198
0,-0.13472475,0.07426588
0,0.05336688,0.095633045
0,-0.032225166,-0.0072428733
1,-0.1299878,0.44568735
0,-0.24721056,-0.18329217
0,-0.0924587,-0.2822429
0,-0.20400137,-0.04185839
1,-0.2055182,0.20149148
1,0.00022238493,-0.007818878
1,-0.024033085,-0.044859514
0,-0.21157959,-0.05316849
1,0.23856217,-0.38513428
0,0.112430334,-0.3923527
0,0.083364636,0.031543143
0,-0.15063488,0.15739992
0,0.25851947,0.14510421
1,-0.12293266,0.1418927
1,-0.21168755,-0.36599702
0,-0.15550192,0.04397647
0,-0.34434468,0.049307413
0,0.0016260408,-0.00787501
1,0.19416055,0.10740966
0,-0.1365992,-0.043444186
0,0.15172502,-0.062459514
1,-0.29340035,-0.037099972
0,-0.2884957,-0.0020868182
1,-0.00038111582,0.2358326
1,0.05230612,-0.1506779
0,0.093718976,-0.053870395
1,0.10853997,-0.24558423
0,-0.30182794,0.11793627
1,0.41971722,0.06369753
0,0.053733524,-0.11307366
0,0.11514284,0.1347158
1,0.49347663,0.09535737
1,-0.12670676,-0.06686188
0,-0.078317136,-0.12767659
1,-0.37486356,-0.0789976
1,-0.28185,0.32216048
1,-0.16398436,0.18994515
1,-0.16972968,0.2723726
0,0.2615311,0.12004165
0,0.18523483,-0.040178463
1,-0.31077752,0.14234143
0,-0.19381794,-0.10239269
0,-0.072325595,0.010419354
1,0.3113359,0.23226635
0,-0.33970982,0.3077585
1,-0.016403928,-0.18534996
0,-0.06301355,0.17377143
1,-0.3454088,-0.25617135
0,-0.09077227,0.025827453
0,0.01979712,-0.26170665
1,0.11327158,0.10881566
0,0.010134067,-0.323956
1,-0.23021576,0.11737189
1,-0.24191651,0.11035236
1,0.22078562,0.074371286
1,-0.22157511,-0.18504955
1,0.32273898,0.22625853
0,0.06474136,0.007009104
1,0.15533379,0.3689797
1,-0.13866627,-0.32861727
1,-0.14985459,-0.17414154
1,-0.08259397,-0.28390765
1,-0.16120079,0.24398708
0,-0.16046272,0.14479288
0,0.11753695,0.1146568
0,0.32146448,-0.081460506
0,-0.15142906,-0.19801809
1,0.19641042,0.0073768497
1,-0.099344954,-0.12386145
1,-0.08575921,0.5145299
1,0.02248494,-0.04996197
1,-0.25152266,0.0088264495
1,-0.045286756,-0.25315332
1,0.049663823,0.09209086
1,-0.23951396,0.32063785
0,0.13704982,0.007286474
1,-0.11072074,-0.14054896
0,0.29920802,-0.31448722
0,0.14904653,-0.12377502
1,0.40689635,0.044959255
0,0.29591686,-0.0986387
1,0.038631063,0.012723178
1,-0.27507207,0.38065076
0,0.21187049,-0.3010077
1,0.5349189,-0.059145972
0,0.16367385,-0.21579053
1,-0.37828296,-0.102222234
1,0.06769012,0.26081836
1,-0.006786417,-0.36321712
0,-0.08515313,0.06514287
0,-0.10196693,-0.1402571
1,0.056180794,0.08050062
1,-0.17613915,-0.052502736
0,-0.06569332,0.012442216
0,0.035930064,-0.0030234158
1,0.2768829,0.19945672
1,-0.10167906,-0.17736785
1,-0.05328602,-0.46175122
1,0.13253517,0.0834057
1,0.44713455,-0.022745818
0,-0.20742469,-0.015807316
0,0.008630663,-0.14112933
1,-0.4419815,0.06858892
1,0.17715731,0.26022232
0,0.05913541,0.17193805
0,0.10510251,0.012096204
1,-0.21357979,-0.2448925
0,-0.09840244,-0.03607364
0,0.026688803,0.06271432
1,-0.06639605,0.3435791
1,-0.056608647,-0.07475512
1,-0.14560334,-0.25356203
0,-0.2310098,0.0613973
1,-0.16116661,-0.08988647
0,0.19287014,-0.12904878
0,-0.28240845,-0.15021767
0,-0.29499882,-0.07057409
1,0.009543341,-0.07967262
0,-0.13757455,-0.060671404
0,-0.04388811,0.15504721
1,0.01375312,-0.2073663
1,0.3318429,0.057731435
0,0.3130047,-0.10260166
0,0.2122637,-0.039705783
0,0.08767566,0.029388398
0,-0.40866125,-0.10476394
1,-0.38539717,-0.20978005
0,-0.27304524,-0.16270097
1,-0.30558494,-0.096637115
0,-0.07122624,0.095819235
1,0.11978625,0.0158045
1,0.22016701,0.28489384
0,-0.012763092,0.061225675
1,0.36535272,0.111203045
0,-0.19510065,0.2114855
1,-0.1409871,0.17001306
0,-0.2352214,-0.009139344
1,0.37797895,0.017428964
1,0.18982396,0.1438444
0,0.041424934,0.01146251
0,-0.16413896,0.2094131
1,-0.2409831,-0.10809548
1,0.06593393,0.4365216
1,0.265508,-0.059897825
1,0.4397319,0.10845867
0,0.13985854,0.025937729
0,0.16659385,-0.13020758
1,-0.18626428,-0.081753805
0,0.005995415,0.05263918
1,-0.2346552,0.5462699
1,0.035351966,-0.24531998
0,0.076176345,0.006832719
0,-0.20099422,0.016472198
0,-0.27664703,0.02743426
1,-0.22318995,-0.37133557
1,0.20930871,-0.0031034946
1,0.061446067,-0.2289312
1,-0.123376325,-0.24072094
1,0.26656854,0.45303684
0,0.13393818,0.065683655
0,0.19285111,0.019700557
0,-0.14771827,-0.025091723
0,-0.033208825,-0.23138972
0,-0.03646137,-0.10035707
1,0.077261746,-0.054175273
0,0.11756587,-0.01917237
0,-0.15485571,-0.15917279
1,0.19516751,0.30058128
1,0.17005396,-0.10458945
0,0.20173573,-0.05054736
1,0.011742543,0.047646083
0,0.2432349,0.010602027
0,-0.3018394,0.1131968
0,0.13102368,0.122509725
1,-0.0012243837,-0.034475595
1,0.0191616,-0.3391446
1,-0.09360169,-0.063211456
0,-0.19341284,0.061154194
1,-0.20946664,0.19855805
0,-0.053737935,-0.044856384
0,0.24381,-0.045967415
1,-0.0883945,0.1868597
0,0.02496102,0.04063727
0,-0.020717066,-0.15017082
0,-0.04774777,-0.04946731
1,-0.15108255,0.28156513
0,-0.013114408,-0.058351576
1,-0.120698825,0.17792554
0,0.028026711,0.18881318
1,0.27047634,0.38775885
0,0.11997703,0.011062764
0,-0.050869085,-0.011429474
1,0.080119565,-0.021682128
0,0.29430485,0.1526406
1,0.030109454,-0.34825915
1,0.2260117,-0.12053366
1,-0.2767928,0.15659776
0,-0.0900846,0.17521515
0,-0.61048615,0.017461278
0,0.19065064,0.16823077
1,-0.07275568,-0.22515197
1,-0.2377607,0.10540362
0,-0.108515546,0.22070025
0,0.15096022,-0.06955697
0,-0.18984738,-0.05107674
0,-0.06361677,0.029650122
1,0.148363,0.29561067
0,0.052228544,-0.045831397
1,0.01746102,0.35936904
1,-0.03417759,-0.070896596
1,-0.024111643,0.02448684
1,0.21355708,-0.25622016
1,-0.033186734,-0.2288775
0,0.12588745,0.24381275
0,0.22920075,0.041959397
1,-0.22839102,-0.1134855
0,0.09865138,-0.11851753
1,-0.059017748,0.19491686
1,-0.115098506,0.22983381
1,0.082933635,-0.3953445
0,0.22069165,0.03643047
1,0.203788,-0.03860818
1,-0.16364105,-0.401748
1,0.044082064,-0.18330248
1,-0.14854328,0.26821536
1,-0.14691629,0.016984597
0,-0.03552698,0.11796963
1,-0.238838,0.039567888
0,0.3110376,-0.031981274
1,-0.041143976,-0.07093692
0,-0.14206676,0.19691427
0,0.08157517,0.07642104
1,0.17966719,-0.12318237
0,0.04639877,0.036678642
0,0.102230325,0.046646208
0,-0.014824372,0.12065585
1,0.15815857,-0.21278127
1,-0.39520872,-0.0340015
0,0.061627325,0.18040279
1,-0.35548764,-0.12558924
1,0.08203475,0.09004816
1,0.41655234,-0.08098914
0,-0.16212095,0.20538616
0,-0.21381238,-0.15350105
1,-0.05453826,0.02283021
0,0.1315518,-0.047812536
1,-0.33343253,-0.02844502
1,-0.3242775,-0.14697166
0,-0.38372362,0.186926
1,0.35367665,0.16057637
0,0.014822196,-0.18984313
1,-0.06538447,0.21369527
1,-0.0019864999,0.100645214
0,-0.121552065,-0.08359738
1,-0.18009995,0.09232502
1,0.11854012,0.009802327
0,-0.2555315,-0.24084325
0,0.306233,0.07131046
1,-0.08515912,0.33350217
1,-0.31365865,-0.1240256
1,-0.05224118,0.040584713
0,0.10901573,0.14635372
0,-0.17925248,0.07098725
0,0.12384513,-0.008289978
0,-0.5879269,-0.04664795
1,0.037865225,-0.19293185
0,-0.26230147,0.039938346
1,-0.09823057,-0.10577424
1,0.2658672,-0.043818727
0,-0.1578151,0.11829577
0,0.105539754,-0.004193723
1,-0.12093811,-0.10408601
1,0.15711686,0.11371998
0,-0.06658659,-0.1416709
1,-0.10651475,0.1534656
1,-0.03780778,-0.22279228
1,-0.17546603,-0.44970345
1,-0.44652703,0.3517058
0,-0.04512185,0.02918537
1,-0.22910179,-0.0306703
1,0.060153607,-0.1660885
0,-0.090985015,0.14755261
1,-0.42557412,0.07634078
0,0.0074415617,0.1566152
0,-0.0439666,0.054728612
1,0.10171056,-0.050804824
1,-0.28663492,0.02625671
0,0.1253798,-0.104849264
1,-0.14392905,-0.056530192
1,0.0710517,0.053370997
0,-0.08168368,-0.03563443
0,-0.023223843,0.0012491494
1,-0.2668679,-0.1454931
0,-0.21435444,-0.017184779
1,-0.13749069,-0.087974384
1,0.07984376,0.16861695
0,-0.162391,-0.13716312
0,-0.09822129,-0.08620317
1,0.13951871,-0.3966831
1,-0.12160979,-0.08172555
0,0.2539713,-0.10705069
0,-0.034275886,-0.06409283
1,0.13401008,-0.32811052
0,-0.052966036,0.093814015
1,0.28954726,-0.18765767
0,-0.009282596,0.18604107
0,0.08426286,-0.08177011
0,0.18821624,-0.0047691613
0,0.10705787,0.081988424
0,0.048832256,-0.018513173
0,0.14641088,0.1237596
1,0.28131026,-0.057060465
0,-0.43416768,0.09883905
0,-0.3605377,-0.11533128
1,0.104743734,-0.23888795
0,-0.2852253,-0.017041877
0,-0.016834117,-0.40647316
0,0.08135885,-0.09586777
0,0.23830819,0.17504793
0,0.06815942,0.11609866
0,0.31514442,0.124617144
0,-0.32640606,-0.2624454
0,-0.050515678,0.030463517
0,0.2025056,-0.109621
0,-0.1198948,0.08127364
0,0.18972763,-0.065326825
1,-0.29695445,0.004950911
0,0.017400254,0.15180682
0,-0.120753706,-0.12145133
0,0.07662837,0.008729808
1,0.23152843,0.21637778
1,0.26382303,0.11198093
0,-0.0873469,-0.055098817
0,-0.19220006,-0.060532346
1,-0.43879223,-0.020196214
0,0.10850683,-0.13267429
1,0.06008031,-0.048046082
0,-0.3094235,0.07057641
0,0.02722932,0.17901269
0,0.16109481,-0.03302923
1,0.0990136,-0.21047424
1,0.015402012,-0.40613127
1,-0.28308037,0.08432381
0,-0.14186442,0.01374317
1,0.29995304,-0.15592672
0,0.14026323,-0.3243562
1,0.41873038,0.20623873
1,0.5405668,-0.17372344
0,-0.31848398,-0.08342859
1,-0.13169852,0.1913481
1,0.023973778,-0.11428875
1,-0.060938794,-0.15524365
0,-0.006119609,0.0013497323
1,0.06677359,-0.23232032
1,0.047772285,-0.08512473
1,-0.27435136,-0.30122995
1,-0.34927642,0.17523468
1,0.52105254,0.051210083
1,-0.1687176,-0.5158145
1,-0.002760604,-0.26538944
0,-0.2373368,-0.047046497
1,-0.074856564,0.30601656
1,0.11047307,-0.26713443
0,-0.075215355,-0.025778845
1,-0.0393559,-0.13748206
1,-0.22836392,0.16352542
0,-0.085990906,-0.16971041
1,0.04737896,-0.09038438
1,0.34740084,-0.3392161
1,-0.236451,-0.09076984
1,-0.11983517,-0.27119565
0,0.010337312,0.22318071
0,0.33253452,-0.039078623
1,-0.29586464,0.0954885
1,-0.34107405,-0.029664457
1,0.0847843,-0.00962466
0,-0.08247362,-0.1984651
1,0.15871428,-0.0016118437
1,0.06713192,-0.03260514
0,0.09376395,0.0753808
0,-0.24676488,0.11660423
0,0.20440438,0.09832855
0,0.31118464,0.14382496
1,-0.30276045,0.20693365
1,0.25010973,0.033142954
0,-0.04576008,0.11763161
0,0.15075697,0.077675655
1,0.54814196,0.2923701
1,-0.28038213,-0.17219059
1,-0.35371435,-0.17197464
1,0.10106541,-0.017465726
1,-0.025964556,-0.18255754
1,0.15121928,0.55151343
1,-0.07371788,0.23167953
1,0.363989,-0.22402804
1,-0.048570618,-0.24059536
1,-0.00045330077,0.1323625
1,0.38257986,-0.29448223
1,-0.48143953,-0.046750918
0,-0.3127371,-0.07869224
1,-0.03980188,0.027505629
1,0.121463105,-0.03395237
1,-0.07483108,-0.170177
1,0.55189824,-0.093176946
0,0.35281938,0.010874853
0,-0.014700603,0.070948586
0,0.2131905,0.1357579
1,0.030267198,0.10133567
0,-0.19694683,0.046029404
0,0.04842626,0.19024543
1,0.12106082,0.108008154
1,-0.23105466,-0.23934932
0,-0.19038306,-0.14547946
0,-0.11307457,0.012213036
1,0.20733215,0.38190603
0,-0.19332291,0.03794881
1,-0.037922494,0.20716852
1,-0.02824735,-0.07707538
1,-0.07513994,-0.15221088
0,-0.20170878,-0.09316446
1,-0.030562373,0.09364854
1,0.33920747,0.09338488
1,0.28426632,0.284963
0,-0.18572971,0.16326664
1,0.32947415,-0.09874602
0,0.08774997,0.15689075
1,0.10351056,0.008825526
0,-0.061796445,0.034918584
1,0.52989686,0.26483846
0,-0.26655164,0.08125667
1,-0.18742561,-0.2262909
1,-0.15423293,-0.054768965
1,0.05150536,-0.048018247
0,0.014394887,-0.28512484
1,-0.116828784,0.30363172
0,0.017422844,0.031186655
0,0.053846147,-0.1842147
1,-0.08205247,0.19818078
0,0.3881811,-0.18088557
0,0.12692955,-0.0036820173
1,0.025852647,0.080642566
0,0.21289763,-0.18415897
0,0.053857017,-0.16722168
1,-0.3018613,0.26055938
1,0.26648414,0.19685844
0,0.34248918,0.114181034
1,-0.042038195,0.0006067306
0,0.222686,0.07666005
1,0.22102606,0.082989275
0,0.23901463,0.20839953
0,0.106342316,-0.059389398
0,-0.046839405,-0.0537858
1,-0.06853275,-0.17393534
1,-0.41659734,0.124966055
0,-0.06798179,-0.21278365
1,-0.11328474,-0.048592255
1,0.16073914,-0.17639945
0,-0.319288,-0.23726381
1,-0.06322833,-0.17305551
0,-0.39190298,-0.006276205
1,-0.38403153,0.15256262
0,-0.30136716,-0.20681252
1,0.48921448,-0.024051845
1,-0.002873391,0.07260096
0,-0.016590878,-0.04843816
0,-0.08125999,0.096454084
1,0.14977369,0.6741125
1,-0.14362246,-0.17045273
1,0.01997782,0.26286834
0,-0.039871506,0.0684894
1,-0.010426458,-0.5666188
0,0.12702386,0.06536183
1,0.06877488,-0.35243613
0,-0.33878726,0.07384211
0,0.07030477,-0.019868359
1,-0.18802208,0.1270648
0,-0.2297512,-0.21063282
0,0.04250883,0.10262119
1,-0.09086871,-0.09046134
1,0.32050043,-0.2132143
1,-0.20400852,-0.4598441
1,0.15746261,-0.07548635
0,0.22190931,-0.069910064
0,0.067746446,0.10610473
1,-0.07751766,0.38081717
1,0.10365489,0.018382758
0,-0.14086102,-0.051236138
1,-0.035673797,-0.4005322
1,-0.24773756,-0.3821532
0,0.15431796,-0.20891161
1,0.12518121,-0.10733612
1,-0.09781884,0.6212955
0,0.15541336,0.044018194
1,-0.023593092,-0.043844655
0,-0.1526173,-0.09098436
0,0.43770677,0.11633242
0,0.09499937,0.12955032
1,-0.11565186,0.22488694
1,0.5481833,0.105868466
0,0.09484854,0.17928173
0,-0.083886966,-0.0047664642
0,0.21167481,0.019104436
0,-0.09919515,0.1960648
1,0.38377014,0.028610602
1,0.08743726,-0.17584305
1,-0.0330619,-0.28522772
0,-0.1931067,0.17292441
1,0.279099,-0.2426428
1,0.16516322,-0.25495565
0,-0.09543663,0.19380239
1,-0.12769924,-0.122281775
1,0.0025606118,0.35541934
1,-0.007149931,-0.045713127
0,-0.20386411,-0.07538901
0,0.005900383,0.1349817
1,-0.1962767,-0.3405497
1,-0.09671061,-0.12750073
0,0.14983392,0.009309486
1,-0.19447738,0.16510639
0,-0.13058993,0.07495636
1,0.07050137,-0.4863156
0,0.07069625,0.07265089
1,0.008772284,0.07548422
0,-0.08644328,0.12126368
0,0.035780963,0.03754282
0,0.3047032,-0.16678973
0,0.20628765,-0.28152168
0,0.25758198,-0.05777438
0,0.09610213,0.0048503727
1,0.103681594,-0.24043919
0,-0.34869552,-0.13487624
1,-0.31207973,-0.064450994
1,-0.19670197,0.44880974
0,-0.0077485796,0.16695265
1,0.15502687,0.16176592
1,0.06656392,0.02460178
0,0.1283558,0.1241391
1,-0.17400014,0.3320162
0,0.1389786,0.06726199
0,0.3339117,-0.092908606
1,0.2650571,0.049029164
1,-0.12478626,-0.04134454
1,0.13935661,0.30965757
0,0.15376195,0.23153552
1,0.46381575,0.057544097
1,-0.29373264,-0.3098253
0,0.21867025,-0.10687272
1,-0.20581217,-0.10505183
0,0.13873315,-0.20206605
1,0.031682212,-0.031144962
0,-0.24277087,0.045089424
0,0.15832387,0.049615636
0,0.07902104,-0.16041411
0,0.06966476,0.12984657
1,-0.09981099,0.054898024
1,0.18283376,-0.086068824
1,-0.1051871,0.0018025637
1,0.40913948,-0.037461177
1,0.07369374,0.035813123
1,0.029663343,-0.09404935
1,-0.013221901,0.1594806
1,-0.09352219,-0.06302902
1,0.13962969,0.20227742
0,0.13638633,-0.11946656
1,-0.20181029,-0.3579194
0,-0.23560092,0.10718488
0,-0.069585115,-0.0641001
0,-0.116619036,0.39919192
1,0.06686418,-0.28383058
1,0.2118063,0.041020364
0,0.12453467,-0.11932512
1,0.017499894,-0.15228559
0,0.03160936,0.11055058
0,-0.14406373,0.17323732
1,0.01060177,0.18952559
1,-0.058491908,-0.073706254
1,-0.016688108,0.16410235
1,-0.041408423,-0.04998739
1,0.49067307,0.17748134
0,0.08664821,-0.05755736
1,-0.014005009,-0.35354716
1,0.14078416,-0.03413616
0,-0.019096375,-0.27255708
1,0.1322302,-0.26391053
0,-0.030477999,0.26035058
1,-0.35700846,-0.14223124
0,0.11552912,-0.042582944
0,-0.0070967358,-0.009751305
1,-0.018945424,0.026859805
0,-0.17303382,0.19332592
1,-0.5632789,0.09510574
1,-0.28162533,-0.08748816
0,-0.05673306,-0.23333032
1,-0.26307544,-0.48458695
0,-0.11758646,-0.0058675557
0,-0.29503393,0.12211062
1,0.39836589,-0.11970644
0,-0.061574437,0.014803931
0,-0.11792195,-0.10647495
1,-0.41371992,-0.11631945
1,0.12360664,0.1019293
1,0.2069948,0.24886991
0,0.013250809,0.035879433
1,-0.34261304,-0.45500064
1,-0.102812424,-0.02685608
1,0.07785638,0.0711289
1,0.0015862584,0.31654322
0,-0.2311655,-0.23300405
1,0.10681081,0.048901357
1,-0.3181259,-0.07204972
0,0.2906406,0.051141076
1,0.104937196,0.059934847
1,-0.20130193,-0.19396494
1,0.16819401,-0.13226451
0,0.054067824,0.14643063
1,-0.15008391,0.10649289
0,0.15335402,0.10846708
0,-0.16613403,-0.14231478
0,-0.0020433478,0.044257395
0,0.015238881,0.047534913
0,0.22928345,0.1846828
0,-0.22107819,0.09019745
0,0.15274557,0.0609892
1,0.06756623,-0.15774508
1,-0.2942511,0.31509978
1,0.16557276,0.15426576
0,0.16616112,-0.031027898
0,0.2274796,-0.27211392
1,-0.29007792,-0.35744172
1,-0.059328206,0.2237485
0,0.05482362,-0.055117548
0,-0.25565472,0.076811105
1,-0.054165967,0.059655502
0,-0.15547794,0.1296936
1,0.03733312,0.012999088
0,0.039038274,0.039183557
1,0.1343205,-0.009637043
0,-0.16694474,0.08844431
1,0.21505369,-0.30651623
1,-0.12996334,0.18946886
0,-0.32745326,0.08540042
0,-0.08698489,-0.12394853
1,0.15487137,-0.0648372
1,-0.22640182,-0.020634443
1,0.03443529,-0.07952538
1,-0.0892932,-0.1957518
1,-0.13464434,0.1268027
0,0.04245509,-0.078954205
1,-0.113694385,0.22175659
1,0.20020044,-0.15494625
1,-0.09734285,0.20982295
0,0.06800103,0.10391419
0,0.09473887,0.07076774
0,0.25549924,-0.17009695
0,0.20222609,-0.05010189
0,-0.06434205,0.090573974
0,-0.043854564,-0.01673688
0,-0.12384285,0.045640163
1,-0.3287474,-0.11923398
1,-0.061198875,0.27389216
0,-0.19244105,0.17328914
1,0.18546177,-0.08269094
1,-0.16050762,0.021721154
0,-0.26301137,0.16655749
1,-0.23214754,-0.16875811
1,0.16987129,0.44471407
1,-0.18146469,-0.011870131
0,-0.006407555,-0.3361237
1,-0.22780372,0.06970961
1,0.40114748,-0.26779866
1,0.29337156,-0.036443964
1,-0.1377119,0.043502785
0,-0.27744722,0.18413186
1,0.023758069,-0.3533529
1,0.08789784,-0.37299824
0,-0.1199446,0.027723074
0,0.08901645,0.15870154
0,0.055125374,0.010573536
0,0.06424345,-0.18486427
0,0.21038274,0.21242958
1,0.18015459,-0.1636749
1,0.06582993,-0.0209281
1,-0.13978247,0.4440987
0,0.13964367,-0.11028357
1,-0.37837663,-0.19446887
1,-0.2162166,0.16908053
0,0.27192736,-0.009462491
1,0.15753359,0.22978348
1,0.15523788,0.056292452
0,0.1361283,-0.1384901
0,-0.05794416,-0.00989373
1,-0.061197132,-0.2614922
0,-0.17423233,0.062704824
0,0.060153965,0.17759177
1,-0.2140984,-0.21620293
1,-0.14979742,-0.08162196
1,0.121563256,0.109111734
1,0.21144184,-0.038691044
0,-0.30137235,-0.035411686
0,-0.05598968,0.0989597
0,-0.13656625,0.14402287
1,0.27612782,-0.09583609
1,-0.00236867,-0.4694556
0,-0.1096371,-0.03836274
0,-0.010676937,0.020085976
0,0.09561969,0.002203554
0,-0.0058220774,0.043286234
0,0.04408099,-0.101227835
0,0.044061568,-0.15722947
1,-0.08957504,0.13699529
1,0.3055651,-0.09656225
1,-0.050484695,-0.28947234
0,0.4047414,-0.11500065
0,-0.03364851,0.18115568
1,0.25994557,-0.14245225
0,0.37439027,0.087263025
1,-0.11951931,0.22101013
1,0.037477065,-0.04142137
1,0.032087836,-0.34581304
0,-0.1399306,0.021263644
0,0.3046141,0.27848172
0,-0.21978113,0.15906458
0,0.45729423,0.15950644
1,-0.2790588,-0.2253678
1,0.080999985,-0.01418893
0,-0.24418417,0.151875
1,-0.23497567,-0.021473542
1,-0.20317653,-0.058275178
0,0.01866819,0.045008495
1,-0.23272756,0.1814523
0,0.045820836,-0.05547099
1,0.014632206,-0.22328551
1,-0.16496345,0.044089712
1,0.009544425,-0.28839117
1,-0.11749856,-0.18704076
0,0.061341602,0.065368265
1,-0.10427606,-0.3050453
1,-0.2598653,-0.41916305
0,-0.007363165,0.1498867
0,-0.19494289,-0.15645973
1,0.010546621,-0.15021877
0,-0.069928125,0.055363372
0,0.14143053,0.05944182
0,0.10635629,-0.098342106
0,0.12136029,-0.038954362
0,0.17515817,-0.010961577
1,0.34854192,-0.3532499
1,0.017976053,-0.14074941
1,-0.30496544,0.08419663
1,0.17076834,0.25279632
1,0.29272115,-0.24820955
1,0.07494119,-0.3478049
1,-0.1480505,0.27741665
1,0.017946932,-0.17012997
1,-0.019113857,-0.42310625
0,0.17625937,-0.13336314
0,-0.09768796,-0.14226861
1,0.44605976,0.22299641
0,-0.39098328,-0.16665013
0,0.017580505,0.07086511
1,-0.06285162,-0.18766029
0,-0.22022279,0.06685734
1,0.34727222,-0.1390617
0,0.22616911,0.055389605
1,-0.27364993,0.04909864
0,-0.021554783,-0.105967626
1,-0.047084667,0.10566341
1,0.31060886,-0.17388077
0,-0.062753394,-0.03822121
1,-0.7937849,0.20300306
0,-0.11883025,-0.08460669
0,0.29758286,0.11610603
0,-0.04634518,-0.13996087
1,0.037051823,-0.09360726
0,-0.1860849,0.021739617
1,0.075496346,0.16638307
0,0.28292668,-0.06539719
0,0.017567065,-0.06507565
1,-0.0513652,-0.32922685
0,-0.119484276,-0.08134596
1,-0.12010974,0.104069844
0,-0.2628601,-0.1667041
0,0.015286885,0.067620516
0,0.1096921,-0.20458524
1,0.08609277,0.074833386
1,-0.46697408,-0.09853627
1,0.10581477,-0.5063063
1,-0.19076487,-0.1786788
0,-0.10995293,0.13627747
1,-0.09437413,-0.341641
0,0.11613327,0.123629265
1,0.11977737,0.019105926
0,-0.021263085,0.1076477
1,-0.105344355,0.04362175
0,-0.39920193,0.023883678
0,-0.10896233,0.051493883
0,-0.29932964,-0.19162746
1,-0.39123783,0.104000606
1,-0.052573677,0.1373241
0,0.09934366,0.122831255
0,-0.06559077,0.1686342
1,-0.04849683,-0.08065151
0,-0.29372275,0.083683096
0,0.43548197,-0.34869647
1,0.34882295,0.18349414
1,-0.22675169,0.46818084
1,0.18827716,-0.13111813
0,-0.048565023,-0.01452063
0,0.123409495,0.12066494
0,0.15968719,0.1364824
0,0.026214126,-0.0158315
1,0.012859989,-0.15746172
1,-0.21925381,0.11566846
0,-0.3832633,-0.22226264
1,0.08498861,0.27122766
0,0.099642694,0.080052525
1,-0.29469728,-0.055361897
1,-0.21745813,0.085034385
0,-0.06466904,-0.02247402
1,0.13958019,-0.42023897
1,0.12475595,-0.5580438
0,-0.018483784,-0.20024796
0,-0.30908692,0.00939472
1,-0.09664715,0.28626245
1,0.13352251,0.2162354
0,-0.098603725,0.16844803
1,-0.2644262,-0.16210137
0,0.34169763,-0.07773851
0,0.05473366,0.1155145
0,0.008995984,0.16545507
0,-0.14406082,0.04852359
0,-0.20308974,0.07572737
1,-0.21237484,0.37679803
1,-0.22208884,0.0022523254
0,0.21154782,-0.10557531
0,-0.17838496,-0.001657486
0,-0.19518776,0.16289651
1,0.17399143,-0.17247637
1,-0.17965478,0.0562886
0,-0.20476529,-0.04188852
0,0.16601163,0.03847891
1,0.3621091,0.07910782
0,-0.10013646,-0.027947918
0,-0.1356379,0.24714482
1,0.049606267,0.0070889294
0,0.033879105,0.037548102
1,0.119446665,0.034071848
0,0.13498586,0.12172852
1,0.059644613,0.43988955
0,-0.18901998,0.020706624
0,0.072091535,0.2042256
0,0.029604454,0.1770405
1,0.13911545,-0.15259667
1,-0.029554304,0.03765873
0,0.002765689,0.15963216
0,-0.14470424,0.01062949
0,0.23577762,-0.15661325
0,0.16571938,-0.0650935
1,-0.22221883,0.2659527
0,-0.08594698,0.01638037
1,0.072038084,0.103229396
1,-0.44132984,-0.3549826
1,0.25417304,0.12978667
0,-0.2483828,-0.021596447
0,0.19051489,0.034581676
1,-0.12502752,0.25883162
0,-0.20493355,-0.23454984
0,0.122933805,0.14871153
0,0.10580546,-0.19833489
0,0.09258753,-0.005642161
0,-0.26850766,-0.03874384
1,0.11634229,-0.082138225
1,0.06365277,-0.04114811
0,0.041709956,-0.25736028
0,0.19453892,0.121134296
1,0.031170476,0.18504821
1,-0.11079976,-0.0819654
1,-0.015150435,0.28269678
0,-0.18346673,0.057384565
1,-0.03275735,-0.32447082
0,-0.33501416,-0.122069195
1,-0.030122668,-0.3139754
1,-0.12250869,-0.14123799
1,-0.20477758,-0.32847136
1,-0.120232284,-0.31076628
1,0.17855832,0.18042384
0,-0.08706631,0.16368277
1,-0.123130426,-0.022044033
0,-0.16810538,-0.024395466
1,-0.063159764,-0.621568
1,0.016410824,0.12558864
1,0.38120884,-0.13895316
0,0.16242869,-0.11468138
1,0.14408234,0.30477428
1,-0.45231673,0.18699723
1,0.20046923,-0.075632915
0,-0.070851445,-0.0026566237
0,0.25450462,0.1435873
1,0.13298476,-0.12399037
1,-0.046491846,-0.28722668
0,-0.16418839,0.032493144
1,-0.13102415,0.24571449
1,-0.17757031,-0.30463547
1,-0.24921726,-0.042820275
1,0.28283787,-0.096225426
1,0.23944524,0.042476505
0,-0.07410674,-0.05335246
0,-0.16877235,-0.04043652
1,0.09279804,0.20010337
0,-0.10049735,0.06689851
1,0.39915588,-0.30680662
0,-0.11801022,0.052672528
1,0.13819462,0.33707356
0,-0.09724298,0.123865865
1,0.3800866,0.09127811
0,-0.032880727,-0.36597806
0,-0.47255033,-0.09205702
1,0.11022097,-0.24750389
1,-0.22583668,-0.17855443
0,0.017856855,0.06315625
0,0.07562484,-0.1086089
0,0.031344425,0.094097614
1,0.21952114,-0.15144186
0,-0.024651887,-0.0152293295
0,0.093964934,-0.019047424
1,0.3375698,-0.35681903
0,0.19615264,-5.5745244e-05
0,-0.19731455,-0.030594543
0,-0.024944004,-0.17395656
1,-0.0531369,0.14319071
1,-0.14840557,-0.21193077
0,-0.15470424,-0.19075157
0,-0.061171055,-0.08833589
1,-0.092435464,-0.016322687
0,0.014358189,-0.26899052
0,-0.20366326,-0.28525686
0,0.015412431,0.04333116
0,-0.18822142,-0.2132863
1,-0.08543496,0.5344408
1,0.32232165,0.047360912
1,0.3024757,0.18758984
0,0.12121384,-0.030341968
0,-0.22945303,-0.071655005
1,-0.13338101,-0.027310356
0,0.038692493,-0.123107836
1,-0.007285619,0.09598141
0,0.034187037,0.058669344
1,-0.11804341,0.06175001
0,0.282892,-0.08909243
1,0.28541967,0.26620698
0,0.07544415,0.11239236
0,-0.04004211,0.11290312
0,-0.112152964,0.096050106
1,-0.26879293,0.18707424
1,0.03339653,-0.03189905
1,-0.115914136,-0.06754525
0,0.013881322,-0.20640032
1,-0.17948273,0.000963375
0,-0.12667924,-0.16594495
1,0.24308202,-0.13702275
0,-0.16379204,0.029627413
1,-0.250099,-0.0071950406
0,0.15027115,-0.09751733
0,0.06460415,0.028206468
1,0.23168015,0.06188497
1,-0.10998027,-0.10085441
0,0.021598402,0.009631559
0,0.011037864,0.013725765
1,0.024169188,0.2502522
0,0.063475564,0.060010955
1,-0.32958722,0.2729789
1,-0.03743282,-0.00983572
1,0.24513918,-0.26424164
0,0.32947147,-0.065980956
1,-0.2392441,0.18949115
0,-0.22854668,-0.075050935
1,-0.20776412,-0.03443761
0,-0.028646775,0.03690791
1,0.0054561794,-0.085049555
1,-0.42414975,0.053485937
1,0.02916972,-0.44554508
1,-0.31956872,-0.3509878
1,-0.115860075,0.013943478
1,-0.4859743,0.4303543
0,-0.035966367,0.08708154
1,-0.17360093,-0.2047791
1,0.18133232,-0.30109137
0,0.3791319,-0.23176186
1,0.05306324,-0.17607944
0,-0.03366247,0.08886357
0,0.20604953,-0.08705184
1,0.28327096,0.38957006
1,0.22453097,-0.0777383
1,-0.0563322,-0.25769186
0,0.32398158,0.16433921
0,-0.03448457,0.09911482
1,-0.36583173,-0.059992835
0,0.5229588,-0.010620445
1,0.22418752,0.25020438
0,0.056041185,0.06295061
0,0.19703832,-0.17049332
1,-0.10553835,0.011804506
1,0.33090314,-0.022995815
0,0.11320174,-0.03646852
1,-0.033330724,0.24055138
0,0.050102454,-0.012253761
1,-0.25842008,-0.2941593
0,0.116154894,0.021046564
0,0.1046972,0.1557068
1,-0.31406015,-0.020346299
0,-0.021055726,-0.07515831
0,-0.103573576,-0.27252626
0,0.17855561,-0.16260047
0,0.03634948,-0.060220197
0,0.23625737,-0.15469141
0,-0.087595284,0.14818121
1,-0.18632068,-0.4682659
1,0.22988504,0.017412871
1,0.03555383,-0.040755004
0,0.045876842,0.038493335
0,-0.07776435,0.042401217
0,0.1765199,0.05822418
0,0.29180938,-0.10429028
0,-0.07312724,-0.19890462
0,-0.2972768,0.15375964
0,0.118061095,-0.10340276
1,-0.46136642,-0.099522725
1,0.3244915,0.06155616
0,-0.13244583,-0.022504583
0,-0.06683281,0.16452648
1,-0.2166516,-0.3079555
1,0.1694537,-0.24605648
0,0.11744249,-0.02008167
1,0.014204882,0.1818391
0,0.10520926,0.087337084
1,-0.22634262,0.29308426
1,0.13177043,0.071679056
1,0.08655195,-0.2552454
1,0.11426748,0.2681605
1,0.31010747,-0.046792686
1,-0.43836266,0.46383476
1,0.08491422,0.49975294
1,0.26102975,-0.15735017
1,0.082018346,-0.13146715
0,-0.1139185,-0.13487248
1,-0.22304519,-0.2019233
0,0.103600025,0.042581834
0,-0.10102512,0.11470618
0,0.041824836,0.027143568
1,-0.17090718,-0.22712688
1,0.26810429,0.099170625
1,0.13444117,0.7391763
0,-0.14551899,0.07653351
1,0.23977733,0.06965423
0,-0.09735462,-0.107403696
0,-0.05082783,0.079879746
0,0.025866453,0.075054675
1,-0.29095262,-0.25335318
0,-0.16274296,-0.024489745
1,0.23440096,0.081177875
1,-0.36697954,-0.35815066
1,-0.2506544,-0.47594607
1,0.24690336,-0.017373636
0,-0.016997105,0.098425865
0,-0.1011333,0.02911292
0,-0.040462974,0.11097221
0,0.062794626,0.071228616
0,-0.21646193,-0.12219228
0,-0.07467987,0.11323307
1,0.4851991,-0.3082294
1,0.0025997907,0.11025087
1,0.12888494,-0.16346298
1,0.040805753,0.071118444
0,-0.07552408,0.00024153292
1,-0.14261882,-0.27818507
0,0.06855425,0.0070551634
1,0.007277254,-0.011236027
1,-0.03639998,0.45476252
1,0.061860863,0.07028508
1,-0.038491983,0.289132
0,0.024128247,0.14938295
1,0.15998311,0.40448517
1,-0.09450978,0.23615123
1,-0.22757974,0.109423056
1,-0.12301138,0.041497514
0,-0.024070662,0.011701375
1,0.15636598,-0.050515786
0,0.034211252,0.08647668
1,0.19011945,-0.47883815
1,-0.18537042,0.022828326
1,0.0731947,-0.19338126
1,-0.030571824,0.05838886
1,-0.35549614,0.40050185
0,-0.21669579,0.054757655
1,0.28975874,0.46269637
1,0.00054101273,-0.30308068
0,0.08499344,-0.086492345
0,-0.3680721,-0.021551564
1,0.2953241,0.08706069
0,0.004085876,-0.016414344
1,0.21051458,-0.071127966
1,-0.0775519,-0.16466819
0,-0.29966843,-0.19123723
1,-0.12896617,0.086919576
1,0.17943126,-0.40877825
1,-0.09899253,0.058802098
1,-0.40790766,0.2986437
1,-0.12271643,0.11077723
0,-0.3859015,0.16683261
0,0.0576053,0.036283
1,0.15369073,-0.047653407
1,-0.41271108,-0.027707532
0,-0.13630038,-0.033099353
0,0.1940729,-0.012269348
0,-0.16056955,-0.06565718
0,0.0768314,0.040492058
0,-0.08655083,-0.0075429827
1,0.0021370165,-0.24487378
1,-0.20396402,-0.1167247
0,0.037093226,0.077680424
1,0.09993395,0.07227887
1,0.2233221,-0.18077911
1,-0.17678699,-0.46711457
1,0.23061776,-0.0038313419
1,-0.05467167,0.009067975
1,0.05426925,-0.39590514
0,0.006494537,0.19767281
1,-0.02706657,0.09598868
1,-0.17776912,-0.18969198
0,-0.012866747,-0.30858314
0,-0.025157664,-0.051555425
0,-0.04481748,0.15723088
1,-0.0705537,0.2499567
0,0.106099784,-0.1435269
0,0.09327738,0.14039758
0,0.12098774,0.0893857
0,-0.100030094,0.15334027
1,0.26787692,0.112522714
0,0.15728064,-0.07265045
1,0.083698004,0.01143574
0,0.0008036159,0.021046385
0,0.28690368,0.05996292
1,0.27254006,-0.08518289
1,0.20383716,0.30273673
0,-0.17950991,0.0242486
0,-0.2426145,0.07514937
1,0.4716136,0.13883044
0,-0.35206825,-0.13239796
0,0.22901729,-0.071207345
1,-0.36661625,-0.033213317
1,-0.046383806,-0.2111228
0,-0.05089903,-0.28157097
1,0.029452909,-0.11874606
0,0.033451576,0.075130336
1,0.25047857,-0.040805444
0,-0.058949713,-0.2804888
0,0.08707063,0.022741154
0,-0.1013764,-0.10281901
1,0.10647708,0.1510204
0,0.07965492,0.08707659
1,0.039884854,0.23265749
1,0.41303474,-0.001102075
0,0.027983014,0.20951062
0,0.25722837,-0.08866502
0,-0.03680581,0.024714865
1,0.112610295,-0.31586254
0,0.17912254,0.14513403
0,0.004357729,0.22235619
1,0.41218874,-0.21073379
1,-0.20765492,-0.49654007
1,0.106840104,-0.27896094
1,-0.19023995,-0.25580877
1,-0.04633041,-0.077273265
1,-0.21103933,-0.6450056
0,-0.106780216,-0.033175126
1,-0.022291254,0.36301607
0,-0.23048295,0.0062333196
1,0.33918887,0.07115865
1,-0.17648911,0.083322264
1,0.09134111,-0.52641165
0,-0.082343526,-0.13252874
0,-0.21861815,-0.20377348
1,-0.029754143,-0.23245819
1,0.15845752,0.12375575
1,0.025196023,-0.045129567
1,-0.34967345,0.038940832
0,0.0960926,0.123812884
0,-0.103184536,0.06889843
1,-0.039706837,-0.14246602
0,-0.06595294,0.068607554
1,-0.09171876,0.14031753
1,-0.019928403,0.10260473
1,-0.20234552,0.3773774
0,-0.11403495,0.040097855
1,-0.18458268,-0.5712749
1,-0.08246401,-0.3099965
0,0.22421947,-0.021192089
0,-0.089432284,-0.115520194
1,0.040485587,-0.4056325
0,-0.22526857,-0.10136485
0,0.054682743,0.08813556
1,-0.21841845,0.04933045
1,0.24904215,-0.17002134
0,-0.17797525,0.060308106
1,0.30906263,-0.0863329
0,0.022820894,-0.0927306
0,-0.06327112,0.13042663
0,0.07550451,0.12853865
1,-0.20074862,-0.2080089
0,-0.016162185,0.013176963
0,0.03030296,0.1586848
1,-0.002469357,0.2776546
1,0.034641627,-0.45946044
0,-0.055323355,0.04170288
1,0.15499401,-0.3980478
1,0.15517765,-0.13305159
0,-0.30537957,-0.23967971
1,0.29622796,0.00927531
1,-0.14742441,0.44416332
0,0.14109921,-0.022478893
0,0.17133471,0.15145202
0,-0.1027063,0.10379867
0,0.10270907,-0.046309322
1,0.21581885,-0.15294795
1,0.18221745,0.061246425
0,0.25519025,0.052626908
1,0.067062184,-0.18862332
0,0.043807406,0.20568389
0,-0.03508452,-0.10723306
0,0.09892914,0.039485037
0,0.00025293976,0.05598239
1,-0.0029826723,0.12844509
1,0.23648465,0.3229186
0,0.028212551,0.063133016
1,-0.18616776,0.071465515
1,0.01202587,0.7354169
1,0.061647777,-0.24928321
1,0.15287907,0.04214497
0,0.087679416,0.13286777
0,0.32319963,0.019924924
1,-0.3078563,-0.06791301
0,0.34865737,-0.15195017
1,-0.04353065,-0.13553007
1,-0.048231117,-0.57533723
0,0.009179212,-0.20166291
0,-0.01496266,-0.052323505
1,0.038322005,-0.04781492
0,0.07775706,-0.05077535
0,0.05473317,-0.035253093
1,-0.45253426,0.062471144
1,-0.055786774,-0.11555271
0,0.011755522,-0.025403783
1,0.086523846,-0.61019766
1,0.1364287,0.18334314
0,0.22688267,0.16515088
1,0.34694475,-0.14609672
1,-0.14520286,-0.55494094
0,-0.1100034,0.06188713
0,0.17245755,-0.07972802
0,-0.09062989,-0.09637755
1,0.04597013,0.22273758
1,0.13359916,-0.32403904
1,0.3828729,-0.0848594
0,0.24160081,-0.1259941
0,0.13335003,-0.0857525
1,0.17818582,0.073399425
1,0.15846027,-0.06701146
1,0.27925315,0.694919
1,-0.12207079,0.083029136
0,0.40989906,0.15103379
1,0.08357656,0.25781232
1,-0.024617221,-0.2717651
0,-0.43431294,0.040508807
1,-0.21792284,0.35238135
1,-0.026084967,-0.23173423
1,-0.057641033,-0.04426296
0,0.1218538,-0.20411481
0,-0.09307065,0.022745162
0,0.27353132,0.09256466
0,0.19124451,0.016554922
1,-0.38986647,0.15380871
0,0.016127262,0.066147536
1,-0.12908255,0.05389581
0,-0.03221429,-0.1513191
0,0.09309673,0.0020476729
1,-0.1032221,-0.044776604
1,0.036868397,-0.14355727
1,0.19631353,-0.15274195
0,-0.011146456,-0.09562917
0,0.22211519,-0.023071423
1,0.5692908,0.35150492
1,0.34551603,0.19098106
1,-0.19000956,-0.031517193
1,-0.42316884,0.057024404
1,0.19986816,-0.4725893
0,0.11623816,0.11317842
1,-0.14787611,0.11575203
0,-0.08707338,-0.19059695
1,-0.09780422,-0.32481074
0,-0.1860922,-0.09456095
1,-0.27308673,-0.21653308
1,-0.12104854,0.16937704
1,0.29450515,-0.13723563
1,0.02850834,-0.20689936
1,0.30903763,0.018908903
1,-0.12133297,0.31811202
1,0.02288581,-0.1461338
1,0.15881279,-0.13835968
1,-0.12633131,-0.095463246
0,-0.12678471,-0.029961929
0,0.0963555,0.057626486
0,0.00436892,0.12460779
1,-0.027355717,-0.1489663
0,-0.039990477,0.069681756
0,0.16739652,-0.11412375
0,-0.21743836,0.021494403
0,-0.14563622,0.07656625
1,0.10397485,0.0056773275
1,-0.36175507,0.17534012
0,-0.037477605,0.056498922
0,0.0010163449,-0.16722728
0,0.19124055,0.067084014
0,0.2429235,0.19589162
1,-0.2064056,-0.17899378
0,-0.1517923,-0.048124477
0,-0.1298332,-0.14689018
0,-0.0043508597,0.19444162
0,-0.26328427,-0.15028267
1,-0.076487705,0.21222007
1,0.09652197,-0.10374485
1,0.25789753,0.2908138
1,-0.15193336,0.44290906
0,0.12614283,-0.16105999
0,0.12965664,-0.11697692
0,0.21009542,-0.20310868
0,0.20775852,-0.23343499
1,0.42604345,0.121690884
1,0.013227034,0.05925934
1,0.4022986,-0.17056645
1,0.08099449,0.16568327
1,0.17230988,-0.32124043
0,0.09583615,-0.016958967
0,0.14146298,0.054250203
1,-0.28975135,-0.06703468
1,-0.16219771,-0.19254236
1,-0.0011920296,-0.17110567
1,-0.2687344,-0.0643775
1,0.11691746,0.08636542
0,0.030592036,-0.103549406
1,0.5015869,0.19211307
0,0.00585299,0.055985697
1,-0.13198902,-0.08814947
0,0.2650668,-0.14173259
0,-0.075135946,0.080543086
0,-0.20624813,0.011178419
1,-0.19090287,-0.15848668
1,0.3730544,0.08399834
1,0.0040622614,-0.06311853
0,-0.08037782,-0.005672887
0,0.10418397,0.03082908
0,-0.17110682,0.22201964
0,0.0996536,0.10082221
1,0.12266484,0.15683393
1,0.014602236,0.01704453
1,-0.022398949,-0.23220535
0,-0.11343299,-0.07012819
1,0.38859332,0.012247726
0,-0.15415291,0.0024493188
1,0.1316347,-0.08891204
1,0.044923235,-0.3973298
1,0.12537001,-0.0892847
0,-0.0352372,0.11205748
1,-0.0138819255,-0.07939075
1,-0.08740696,-0.4319631
0,0.17853394,-0.057862744
1,-0.024516271,0.07760969
0,-0.20614049,-0.015083179
0,-0.3128937,-0.067946956
0,-0.029955182,-0.010783955
1,-0.08616163,0.3148868
0,-0.14610669,-0.011964455
0,0.18667468,-0.19321753
1,-0.16733205,-0.22974695
1,0.009264912,-0.1355666
1,0.19065523,0.35486776
1,-0.32417095,0.10563844
1,0.427286,0.16338024
1,0.21595478,-0.32343465
0,-0.10964453,0.1098607
0,0.2531508,-0.20646979
0,0.048682433,-0.22488548
1,0.25355393,-0.16217716
1,-0.0996259,-0.07997458
1,0.008523662,-0.101566866
0,0.12527111,-0.16733985
1,0.07541087,0.6293636
1,0.089228034,-0.25805855
1,0.031126376,-0.05115831
1,-0.066001385,0.13999619
1,0.44385296,0.08859669
1,-0.09690291,-0.16138585
1,-0.16275753,0.27866954
1,0.056187082,0.10816382
0,-0.09661493,-0.096736565
0,-0.30118972,-0.058815226
1,0.13160062,-0.22668873
1,-0.21681547,-0.35402298
0,-0.04532716,0.09249894
1,-0.17850487,-0.09808549
0,-0.10112207,-0.13198434
1,-0.23891616,0.303504
1,0.14443518,-0.2080337
0,-0.07818837,0.20235601
0,-0.09368323,0.1065407
0,-0.08561617,-0.074753806
1,-0.09106214,-0.2165853
0,-0.100955114,0.06835675
1,0.5740402,0.113066785
1,-0.4069476,0.27180803
0,0.116049886,0.030797906
1,-0.013527917,-0.46799928
1,-0.19683598,0.34088597
0,0.18153399,0.019283533
1,0.1490216,0.004051909
0,-0.06433438,0.1697296
0,-0.11180429,-0.05090384
0,0.009430889,0.026635006
0,-0.34192342,-0.2492267
1,-0.22713993,0.16537571
1,0.005488679,-0.068972334
1,-0.17318806,-0.049087778
0,0.1257369,0.20259322
0,-0.01985674,0.111649625
1,0.4909829,-0.040164903
1,0.075364366,0.02349493
0,0.17288315,-0.27680606
1,0.08529508,0.5139776
1,0.08983755,0.048914254
1,-0.123185456,0.027990893
1,-0.11813541,-0.25943136
1,-0.11828874,0.25092286
1,-0.10071014,0.033056334
0,0.008242369,0.087759644
0,0.24355698,0.2125893
1,0.20627534,0.28735626
1,0.20370615,0.123134196
1,-0.05384317,-0.03308226
0,0.12067479,0.042483054
0,0.3212606,-0.029874995
0,-0.07316437,0.010083154
0,-0.16307673,0.14124002
0,-0.28013176,0.02565527
1,0.49218088,0.040944315
1,-0.14227922,0.093270116
1,-0.18653949,0.059981614
0,0.30802,0.08798021
1,0.2504037,0.4518178
1,0.0019259788,-0.19844426
0,-0.051875606,0.12780717
0,-0.1289296,-0.0064964443
1,-0.14489035,0.1489656
0,-0.045765128,-0.009171113
0,-0.40837157,-0.05224186
0,0.021048542,-0.058683768
1,-0.09268272,0.24717659
0,0.35255045,-0.24555565
0,0.33148026,-0.06661691
0,0.21806768,-0.010686144
0,-0.023966223,0.017793864
0,-0.30854353,-0.060626432
1,0.17045908,-0.1481281
1,0.024628624,-0.49802768
0,0.29028964,-0.038087428
1,0.2199322,-0.23308589
1,-0.12201117,0.2252308
1,-0.18477228,0.047313638
1,0.027008358,-0.09065755
1,-0.13170798,0.14355426
1,0.03055701,0.08176108
0,-0.03552609,-0.10132934
1,0.11685756,0.4437706
1,-0.2836692,-0.024583176
1,-0.043410175,-0.09541762
1,-0.38928795,0.22897904
1,0.043781262,0.032083675
0,-0.019047007,0.0936401
1,0.26575857,0.08932369
1,-0.1454566,0.109376825
1,-0.5589342,0.30894935
0,0.17286724,0.10296655
1,0.39895666,0.119341515
1,-0.25128645,-0.13158797
1,0.24222144,-0.048443735
1,-0.15073355,-0.038924947
0,-0.056953393,-0.015510768
1,-0.073566735,0.056276605
1,-0.09903377,0.0960048
1,-0.24882062,-0.111428246
0,-0.1043444,-0.101785764
1,0.28298327,0.11219054
1,-0.17091088,0.11876788
0,-0.23861122,-0.0044644773
1,0.17837507,-0.01057975
0,-0.07946129,-0.165044
0,0.1250276,-0.20190127
1,0.1856801,0.16610108
1,0.3623237,0.091774866
1,-0.1396121,0.39477462
1,-0.14197752,0.43582034
0,0.10047892,-0.08699408
1,0.08410096,-0.38501036
0,-0.1694166,0.15221237
0,-0.1296981,-0.092604324
0,-0.020915486,-0.33229965
1,0.088198915,-0.24897541
0,0.095832884,-0.15718187
0,0.06415437,0.028867513
1,0.17468464,0.13729912
1,-0.3073165,-0.41496426
1,-0.18380809,-0.22904877
0,0.0003808029,0.11590778
0,-0.053839922,0.011074312
1,0.123625845,-0.047527358
0,0.117875665,-0.05213873
1,-0.07965472,0.1352787
1,0.2745031,-0.06473248
0,0.051511284,-0.17602395
1,-0.058092173,0.019023798
1,-0.17088738,0.31636083
1,0.50117844,-0.10123819
0,0.1767267,0.102738656
1,-0.15303682,-0.39727032
0,0.18948351,0.028791279
0,0.04775702,0.113715924
0,-0.22965196,-0.031145692
0,0.028605971,-0.0015747696
1,-0.12127678,0.50131905
0,0.0029316656,0.15203439
0,0.22366571,-0.010536447
1,-0.24617378,-0.4175868
1,0.2792921,-0.021943957
1,-0.2813614,-0.2138796
1,-0.14559148,-0.10292916
1,0.16191901,0.1414732
1,-0.16407892,-0.025118306
1,-0.025157025,0.04115399
0,-0.08765304,-0.18856753
0,0.050515268,0.1058788
0,0.18256699,-0.060492396
0,0.10065122,-0.03560354
1,0.24493897,0.16383491
1,0.20761809,-0.12281485
0,-0.022790615,-0.09090443
0,-0.11368844,0.15675308
1,0.39171484,-0.016382784
1,0.20796835,0.003526941
1,-0.013013896,0.21027423
0,-0.016941477,-0.088198125
0,-0.2656338,0.12668356
0,-0.122127414,-0.26058608
1,-0.49631047,-0.31268007
0,0.23962402,0.0066142976
0,-0.061480086,-0.2346809
0,-0.02591457,0.116966724
0,0.11427754,-0.01408048
1,-0.38806248,0.21533062
1,0.23204884,0.15013488
0,-0.3171615,-0.14558245
0,0.31546828,0.2000806
0,0.031935345,0.07392126
0,-0.05217224,0.2821625
1,-0.38275242,0.104311034
0,-0.32949883,0.053904533
1,0.055273283,0.022286028
0,0.16076156,0.14197665
1,-0.3850782,0.09938553
0,0.2166065,-0.12240587
0,-0.36739147,0.030775048
0,-0.26283842,0.047927596
1,0.23305815,-0.07145429
1,-0.046410736,-0.22078897
1,0.33529767,-0.43702358
1,0.09322703,-0.111306295
0,0.047857594,0.0033453554
0,0.1487149,-0.11954667
1,0.06524615,-0.03855242
0,0.19354595,0.019508116
0,-0.08583811,0.0037245005
0,0.18867843,0.12342108
0,-0.1573571,-0.30597055
0,0.25144216,-0.11741336
1,-0.21923985,0.26433665
0,-0.2929185,0.18152271
0,0.067176744,-0.035046875
0,0.010802854,0.10220824
1,-0.18768403,0.20007843
0,-0.13000464,0.057819933
0,-0.18664518,0.1718177
0,0.08330664,0.16294877
1,-0.5365329,0.12062089
0,-0.10679002,-0.126826
1,-0.22230166,0.06286125
1,0.27268794,0.27922112
1,0.117108464,-0.12803741
0,0.11109756,-0.09259029
0,0.042960297,-0.083027646
0,-0.3718602,-0.18651904
0,0.38274595,-0.139421
1,0.10140431,0.07027176
0,-0.027959678,-0.16338988
1,-0.22816083,-0.47163874
0,0.30417007,-0.21161194
0,0.012517177,0.013638169
0,-0.0820365,0.040072143
1,0.15413901,-0.13035922
0,0.3987917,0.062695295
1,0.21564305,0.22014901
0,-0.19802386,0.1179385
1,0.14199407,-0.3917271
1,0.23868671,-0.42239434
0,-0.039071083,0.0885967
0,-0.11798312,0.06751236
1,-0.47808382,0.04587821
1,-0.032211088,0.26282132
0,-0.14403321,-0.091338396
1,0.103637084,0.086150214
0,-0.03507253,0.08090856
0,0.12535165,0.031264544
1,0.077508196,-0.060687274
1,-0.07979725,-0.035756245
0,-0.015900742,0.17057487
0,-0.09168343,0.15433905
0,-0.1365237,-0.1079994
1,0.09061921,-0.24407281
1,0.69841146,0.19394892
1,-0.22738943,-0.038974196
0,-0.2880357,0.07137303
0,-0.047106415,0.2799414
1,0.035996925,0.14119314
1,-0.15188526,0.27601373
1,0.16508558,0.077368654
0,-0.067128554,0.048434883
0,-0.16883843,0.029981658
1,-0.3722558,0.38154897
1,-0.15319486,0.4122103
0,0.1296428,0.06909028
1,-0.17049214,0.0659212
0,-0.17723447,0.03789013
1,-0.062580675,-0.33084244
1,-0.15401211,-0.20988788
1,-0.19556384,-0.22522195
0,0.07564893,0.19907847
0,0.06562501,0.07581511
0,-0.108846545,0.02172947
0,-0.053508706,-0.2314787
1,-0.22562188,0.09511997
0,0.042863492,-0.13149054
1,-0.5773164,0.03486246
0,-0.44953167,-0.004867539
0,0.060005736,0.08233842
0,-0.055722207,0.23278677
1,0.3191408,-0.1722597
1,-0.36773932,0.19353344
0,-0.07537562,0.043008916
0,-0.020255962,-0.00032548606
0,0.10902208,-0.07465665
1,-0.14488092,0.07396834
1,-0.06669389,0.2658891
1,-0.23277943,-0.2528184
0,-0.06598151,0.060017124
1,-0.03204875,-0.027875617
0,-0.25141573,-0.11422911
0,0.26084602,-0.14183654
0,0.034425076,0.093750164
0,0.00618631,0.20865409
1,0.41533244,0.019222736
1,-0.2725162,-0.19545077
0,-0.25663844,0.15121847
1,0.093650684,-0.6550325
1,-0.16100137,-0.38128746
0,-0.07436764,-0.1637819
1,0.112832144,-0.09472972
1,-0.061020575,-0.31987768
0,0.33273274,0.06765054
1,0.27449366,0.031351484
0,0.10270049,-0.33334553
1,-0.3088076,-0.13817947
0,-0.13598438,-0.19906153
1,0.12482607,0.08031207
1,0.01683639,-0.17566346
1,0.058155682,0.13919836
0,-0.12990919,-0.031219631
1,-0.08487113,0.12665042
0,-0.012440279,-0.20774187
1,-0.0146266185,0.31902063
0,0.07040867,-0.032919556
1,-0.12790397,-0.087115824
0,-0.05209377,-0.00039462745
0,-0.34067324,0.12846698
0,0.10117313,-0.10267301
1,-0.30992615,0.026237532
1,0.13001303,-0.29301882
1,0.35259444,-0.060108855
0,0.08454752,-0.028159574
1,0.32180804,0.24405342
1,-0.03579168,-0.028467372
0,-0.09713956,0.04866933
0,-0.24413517,0.20335434
0,-0.01316449,0.11153714
1,0.09184447,-0.13638042
1,0.060448457,-0.11313833
1,0.0093885735,0.01651755
1,0.0019390807,0.038733013
1,-0.20908779,-0.04367265
1,0.293001,0.35178268
1,-0.37495518,-0.22080667
1,-0.052301988,0.3021394
1,-0.15953365,-0.027354032
0,0.42555052,0.09625377
0,-0.11138229,-0.06291215
0,0.05331776,0.10158275
0,-0.067662165,-0.049423918
1,0.039381262,0.016814455
1,-0.14372432,0.061469264
0,0.22901618,-0.006516814
1,0.101230025,-0.32603604
0,-0.03843494,0.06375951
1,0.053572875,0.16541648
0,-0.07321207,-0.00084491074
1,-0.16264656,0.05846089
0,0.1445402,-0.14387812
1,-0.02842402,-0.21457924
1,-0.20053092,0.105765
0,-0.22719863,0.14274019
0,0.1650117,0.18302011
1,0.22401178,0.3776636
1,-0.34990466,-0.04940413
0,0.20962553,0.24969926
1,-0.0044598244,0.17591609
1,-0.21268994,-0.35632944
1,-0.4880405,0.42648667
0,0.23950288,-0.27687287
1,-0.07272939,-0.1234134
1,-0.24527499,0.07104583
1,-0.1119657,-0.011072278
1,0.36722803,-0.34670484
0,-0.06581642,-0.33205378
1,0.32003248,-0.021507815
0,-0.11110097,-0.14441891
1,0.21136531,-0.21666123
1,-0.45771298,0.28409457
1,0.18620777,-0.39552903
0,0.21171544,-0.0038040131
1,-0.07636662,-0.3539043
1,-0.022980142,-0.33431232
1,0.10916972,-0.11830051
0,0.19097215,-0.03217919
0,-0.21769542,0.134869
1,-0.35801205,0.5416833
0,0.16494966,-0.040931568
0,0.10184629,-0.022271127
0,-0.21370663,-0.038315818
1,-0.2693218,-0.08143614
0,0.093589306,0.10350364
1,-0.19110003,0.10702472
0,-0.1388236,0.08409652
1,0.22136393,-0.06710206
1,0.045532662,-0.24359871
1,0.063432515,0.11717611
1,-0.050115053,-0.0015532076
1,0.00232419,0.1747235
0,0.14605823,0.15449645
0,-0.08224411,0.0013358593
1,0.11101693,0.108094014
0,-0.021868382,0.20619358
1,0.049736563,-0.32249165
0,0.15245551,0.07068078
0,0.2139374,0.045039132
0,0.32073975,-0.026276216
0,-0.15565744,0.096328914
1,-0.2307301,-0.17331596
0,-0.07711969,0.16144374
0,0.15339506,-0.020097032
1,0.025309976,-0.44486105
1,0.018403355,-0.2544577
0,-0.14529325,-0.2511767
0,0.030860912,-0.06115058
1,-0.18308035,-0.06818016
1,-0.06951088,0.096110955
0,0.16020086,0.091983646
1,0.21501985,0.14542437
0,-0.03672062,0.050760284
1,-0.0058289208,0.499844
1,-0.034647737,0.1292406
1,-0.20105597,-0.29281843
0,0.104947105,-0.0907736
0,0.0014707111,-0.07878165
0,-0.025407383,-0.048843935
0,-0.22436021,0.10835563
1,0.16599686,0.1835303
0,-0.12675829,0.068624824
0,-0.36324948,-0.03831245
0,0.20557746,-0.10738824
1,0.26599944,-0.13638885
0,0.12740397,0.105224125
0,-0.10824497,-0.27759308
1,0.40131956,0.0546273
1,0.46061593,0.08244868
1,0.36450842,-0.2569136
0,0.20462438,-0.0074644536
0,0.105957806,0.0023697019
1,-0.47586238,-0.2291284
1,0.30963647,0.2498125
1,-0.090507984,0.019793928
0,-0.1859554,-0.04418145
1,0.073494434,-0.55779964
1,-0.3558149,-0.13612275
0,-0.12524228,0.13118514
0,-0.054250374,0.011618957
0,-0.058035515,-0.06471865
0,-0.05018519,0.025701903
1,0.20940417,0.41573316
0,0.0921046,-0.1880426
1,-0.011710413,-0.10279317
1,0.24003467,0.23701558
0,0.11076814,-0.08589402
1,0.018687487,-0.12320508
1,0.32040593,0.39463758
1,0.20922318,-0.13459249
1,0.19215032,-0.15666793
0,0.015419312,0.07319656
0,-0.022188611,0.013942026
0,0.044969913,-0.06933582
0,-0.11392285,-0.1864341
1,-0.37317237,-0.036718473
0,-0.06919655,0.023843922
1,-0.16329925,0.0014348477
1,0.22463006,-0.2731986
1,-0.09260553,-0.6112439
0,-0.11017376,0.010245606
1,-0.21644391,0.15707359
1,0.29327932,0.25939214
1,0.039665285,0.22652286
1,0.055545267,0.18792225
1,0.31677625,-0.079602554
0,-0.051941395,0.09773557
0,0.007357903,-0.18758316
0,-0.10207775,-0.1114838
1,0.041801218,-0.1436737
0,0.20700833,-0.19572414
0,0.29090726,0.12284186
0,-0.13867332,0.092112236
1,-0.050961968,0.14143921
0,0.0050939657,0.23613346
1,-0.13382763,-0.6757779
0,0.04820853,-0.07081349
1,-0.105602816,-0.4002185
1,-0.024211835,0.042624637
0,0.23929563,-0.01542367
1,-0.11538537,-0.13309552
1,-0.08051439,0.042853087
1,0.06312774,-0.06688537
0,-0.058325253,0.07614805
1,-0.16889758,-0.3096046
0,0.20102064,-0.026709586
0,0.20689878,0.06667518
1,0.060171906,0.11563797
0,-0.058884338,0.18522084
1,0.17645827,0.44220114
0,0.086386696,0.020318791
0,-0.06729904,0.04040817
0,-0.042576365,0.05025266
0,0.1384824,0.1501371
0,-0.0009116344,-0.042570338
1,-0.4323802,0.30727416
1,-0.105247244,0.17215171
0,0.077127606,-0.059563115
0,-0.005365465,-0.00977321
0,0.2456671,-0.22263767
0,0.011840116,-0.056928366
0,0.2424447,-0.07554971
0,0.017133635,-0.1438411
1,0.4627974,0.2058847
1,0.29372945,0.07707335
0,-0.19973506,-0.19240423
1,0.03348497,-0.12900265
1,0.15700325,0.09100887
0,-0.101222426,0.22715753
0,-0.28903687,-0.04995784
1,-0.030532,-0.22965176
0,-0.03271981,-0.19280867
1,0.061635,-0.34732467
0,-0.082019426,0.03152086
1,0.14381003,0.30170357
0,-0.04416037,0.18263057
0,0.09088248,0.07734696
1,-0.2357973,-0.45774168
1,0.5398002,0.08385156
0,0.14468752,-0.06677356
1,-0.15495086,-0.20167895
1,-0.09203541,0.36644804
1,0.011190195,0.11716879
1,-0.1405945,0.13226765
0,-0.04836701,0.008165091
1,0.14320984,-0.11679767
1,0.073080435,0.15680592
1,0.063179255,-0.08301447
1,-0.3463903,0.1477143
1,0.15898034,0.25283203
1,-0.17422634,0.0020881295
1,-0.19945258,0.19764301
0,-0.0053377524,0.14502467
1,0.11186805,0.057363972
1,0.013593107,0.17491584
1,0.10301624,-0.21075727
1,-0.12533495,-0.314236
1,0.13020238,0.14071645
1,0.04367004,0.1322331
0,-0.33969378,0.060513504
0,-0.13683413,0.094657004
0,-0.3288193,0.031301163
0,-0.011794522,-0.110832766
1,0.40757275,-0.37796897
0,-0.1454025,-0.1431774
1,-0.30577898,-0.26641327
1,0.35448104,-0.28500885
0,0.28823125,0.1827812
1,0.14581646,0.10280334
0,0.25413382,-0.19655599
0,0.23412642,0.05361095
1,0.18986715,-0.031195208
1,0.11674313,-0.005133465
0,-0.0048366003,0.18997398
0,0.019031506,0.030239306
0,0.15107813,0.11419896
0,-0.13706094,-0.03268878
0,-0.060557943,-0.017622307
1,-0.17607547,0.15265694
1,0.15751131,0.09873413
0,-0.31044462,0.024794377
1,-0.05956685,0.20985824
0,-0.069989055,0.059075147
0,0.038042713,0.16274968
0,0.13501719,-0.13438831
0,0.07019855,-0.35990512
0,0.1294424,0.10035059
0,-0.0014509074,0.061926357
0,-0.10894829,0.005410075
0,-0.16374496,-0.079112306
1,0.36500728,0.48854417
0,0.09029925,0.09703082
0,0.032360014,-0.13983108
1,0.32078856,0.07055485
0,0.20567773,-0.09352298
1,-0.13395981,0.025192335
0,-0.06153258,-0.21954088
1,-0.07173823,-0.049371257
0,0.04931103,0.1314242
1,0.12800446,0.22840053
1,-0.1413914,-0.42794812
0,-0.09477619,-0.11885859
1,0.28484648,0.43210834
0,0.38748097,0.046120927
1,0.59593856,0.26121897
1,0.13010469,-0.030733198
0,-0.5621931,-0.12569825
0,0.21698225,-0.011438295
1,0.33211935,-0.40125453
0,-0.26129386,0.06992364
0,0.052397434,-0.06657232
0,0.04440513,0.06125994
0,0.19345951,0.08471086
1,0.37103757,0.13570213
1,-0.1233051,-0.0240307
1,0.01022381,-0.27625692
1,-0.07005177,0.11208019
1,0.050464418,-0.054537028
0,0.07684882,0.13659634
0,0.19249496,-0.017264709
1,0.0014598556,-0.4446044
1,-0.24334767,-0.24471761
0,0.011022922,-0.012178257
1,0.3017337,0.046188958
1,0.035615128,-0.3154853
0,0.18873765,-0.059318975
1,-0.04772639,-0.03990823
0,-0.21032846,0.08102603
0,0.21922883,0.014397085
1,-0.12548953,0.30067885
1,0.10314968,-0.017434463
1,0.03862967,-0.38679183
0,0.37688977,0.053314812
0,-0.12776701,-0.069059595
1,-0.14988694,0.02106896
0,-0.00019320473,-0.02870436
0,0.15864636,-0.04051234
0,-0.034268875,-0.10177557
1,-0.22294903,-0.36071616
0,-0.11374223,0.2510944
0,-0.07117818,0.072936825
0,-0.026772425,-0.104297325
0,-0.16266394,-0.35813463
1,0.008486483,-0.018208116
0,0.19502905,0.14800386
0,-0.0063935257,0.05047433
1,0.046989445,-0.2238393
0,0.4268493,-0.035566315
1,-0.25340283,0.17941399
0,-0.033866774,0.10765709
0,-0.029640187,-0.0098359585
1,0.023513492,0.02266924
1,-0.2819276,-0.1042227
1,-0.019860486,-0.16028951
0,-0.041194476,0.05095616
1,-0.3222167,-0.23511447
0,0.051252615,-0.00734438
1,-0.04435309,0.13743572
1,-0.19785333,-0.29222894
1,0.1339976,-0.3985545
1,0.015415918,0.005598381
1,-0.2739932,0.24881321
1,-0.32436508,0.197275
1,0.4316693,0.11587751
0,-0.1417126,-0.032424107
0,-0.04449669,0.20084092
1,-0.12691744,0.14683168
1,-0.13977993,0.20924398
1,0.042585973,0.01557304
1,0.0069900416,0.33274084
0,0.0152351,0.029018082
0,0.13549668,0.09544563
0,-0.11755146,-0.043646857
1,-0.20212083,0.30247313
1,-0.0067173503,0.285608
0,-0.0686584,0.12929647
0,-0.18183973,0.041308478
0,0.25644678,-0.06379585
1,0.17473388,-0.1461357
1,-0.34275055,-0.01863803
0,-0.2240669,-0.051295802
0,0.1788067,0.053158298
1,0.25209105,-0.3190179
1,0.09022981,-0.36433893
0,0.2874526,-0.12478323
1,0.23420429,-0.3101952
0,0.2061036,-0.16775848
1,0.41072986,-0.008287907
1,-0.4707659,-0.080418095
0,0.055430602,-0.11475365
1,0.09035236,-0.17262526
0,-0.14466305,0.06492769
0,0.17932509,-0.10559484
1,-0.19564982,0.151277
0,-0.13416275,-0.17612632
1,-0.27212876,-0.2701766
1,0.18132865,-0.296556
0,-0.05507519,0.04423687
0,0.018946063,-0.01592575
1,0.2846575,-0.04027821
1,0.36055645,0.18572831
1,-0.09626219,-0.026391879
1,0.028112698,-0.2814321
1,0.016626019,0.5165344
0,-0.07418613,0.03083916
1,-0.3538253,0.20363846
1,0.025424577,-0.1289071
0,-0.07737298,-0.07015784
1,-0.25137135,-0.23337348
1,-0.44799963,0.20037523
1,-0.09908199,-0.14749964
0,-0.065892205,-0.063784555
0,-0.04567221,-0.012955219
0,-0.061360165,-0.0016143173
0,0.038717035,0.19960181
1,-0.15349436,0.024476908
1,-0.31371206,0.10969435
0,0.19785455,0.050216183
0,-0.32397437,0.05915092
1,0.06961241,-0.06766616
0,-0.19059308,-0.0787999
0,0.017177504,0.22001389
1,0.1477612,0.24772398
0,0.17738923,-0.18200357
0,0.11058153,0.021367267
0,0.19202748,0.094791204
0,0.15016073,0.020042703
1,0.25944215,-0.061746523
0,0.0054939464,0.025186613
1,0.13735813,0.26447588
0,-0.14662255,0.11822753
1,0.0008992553,-0.029213935
1,0.16121665,0.26106906
1,-0.148697,-0.14646979
0,0.58642614,0.05951578
0,-0.26791564,-0.082334444
1,0.19184461,-0.08986294
1,0.51698256,0.074084185
1,-0.20998415,0.21733661
0,-0.17271334,0.046149008
1,-0.17536461,0.18077666
1,-0.14303713,0.05105596
1,-0.027241897,0.13956535
1,0.05345096,-0.010240674
1,0.009336956,-0.17995538
1,0.12878811,-0.12052281
1,0.10143748,0.0038424134
0,-0.16248971,-0.11499438
1,-0.10197535,0.7469839
0,0.026456926,0.029110536
0,-0.13788193,-0.15584056
0,0.25760198,-0.08693761
1,-0.29661632,0.21268977
1,-0.39362907,-0.23431559
0,-0.0428482,0.1578143
1,-0.20758007,-0.0755084
1,0.037816834,-0.0057724416
1,0.06975554,-0.15489908
1,-0.055445917,0.13564606
0,0.047453854,0.14410642
1,0.62194276,0.098768055
0,-0.13313647,0.01618296
0,-0.06978603,0.012238979
1,-0.051011913,0.016437873
1,0.11540912,-0.12366395
0,-0.033310905,-0.15206693
0,0.08957422,0.009264782
0,0.094996154,-0.047465965
1,0.22008899,0.42361677
0,-0.036998287,0.025654241
1,0.047750164,0.14351125
1,0.15154415,-0.12256791
1,-0.08030011,-0.27894813
0,0.013851274,0.07807501
1,0.26814902,0.06535669
1,-0.10102959,0.01948613
0,-0.21701914,0.05535295
0,0.067386135,0.16583025
1,-0.08711074,-0.40568352
1,-0.1991475,0.3682996
1,0.17264755,0.013385482
1,0.20988458,-0.23027672
0,-0.08095738,0.0449619
0,-0.02544348,-0.062182546
1,-0.09813894,-0.003985256
1,-0.21416754,0.15290132
0,-0.10458386,-0.16452207
0,0.41336545,-0.29074895
0,0.3136899,0.03023392
1,0.008130241,0.15811613
0,-0.15154335,-0.09246428
1,-0.014069421,0.37029573
1,0.03852948,0.5043823
0,-0.18861261,-0.05274214
0,-0.14715987,0.036566302
0,0.031232756,0.02587989
0,-0.123751104,0.12735203
0,0.022746034,0.022326767
1,-0.11310698,-0.20012285
0,0.15190876,0.014985293
0,-0.083041325,0.0951197
1,0.1010533,0.21741658
1,0.20519584,-0.04286483
1,0.122463256,0.210129
0,0.06024753,-0.13610338
1,-0.03329496,-0.34276485
0,-0.12448177,-0.17315494
1,0.12548584,0.07262991
1,-0.15793167,-0.27140284
1,-0.012781996,0.2562356
1,-0.29340783,-0.22750367
0,0.14361,0.117942564
0,-0.3601179,-0.14720254
0,-0.19650814,0.09412648
1,-0.28371492,0.18444112
1,0.047584016,-0.06456004
0,0.028078023,0.10803222
0,-0.0007851273,0.16256955
1,0.07945326,-0.055546284
1,-0.00042233616,0.15249228
1,0.5000499,0.05364129
0,-0.16825119,0.15493964
1,0.017933559,-0.24902107
1,-0.13145375,-0.13561915
1,-0.1651366,0.3297686
1,-0.07132782,0.052450165
1,0.0599106,-0.036444843
0,-0.1557612,-0.06354478
0,0.06423885,0.13791588
0,-0.18085279,0.15228003
1,0.1452377,-0.26399064
0,0.06350225,-0.114663005
1,0.5669719,-0.027327582
0,0.12351088,0.10498719
1,0.11352508,-0.02362524
1,-0.21722646,-0.3416193
1,0.2939843,0.021312676
1,-0.0329952,-0.2901072
0,0.4266763,-0.1310782
1,0.234002,-0.21802627
0,-0.15681748,0.0593594
1,-0.24443641,-0.05548577
1,-0.16105066,-0.17311205
0,-0.12700236,0.0007354021
0,0.056092937,0.23865083
1,-0.16307886,-0.20669578
1,0.49300355,0.018493012
0,0.06834574,-0.21948026
0,-0.30709866,0.23693283
1,-0.15051575,0.114265844
1,-0.058650434,0.35741496
1,-0.31616005,0.3423416
0,-0.14264165,0.11598401
1,-0.07352093,0.0065069944
1,-0.36093032,0.45206612
1,0.045004446,-0.14800538
0,-0.111750126,-0.037799194
1,0.31501883,0.32456136
1,-0.111480564,0.41860056
0,0.2237292,-0.061840937
0,0.016463995,-0.0015155226
0,-0.106001794,0.053050548
0,-0.14934658,0.05275491
1,-0.511985,-0.1277361
0,-0.46134818,-0.23189022
1,-0.050578997,-0.076593205
1,0.15144962,0.21436177
1,0.21556991,-0.08498572
0,-0.07833721,0.030011363
0,0.1459049,0.010164291
0,-0.07094842,-0.046512708
1,0.30787945,-0.13778694
0,-0.27103245,-0.040785357
0,0.005130086,-0.009031385
0,0.17023338,-0.18035801
0,-0.118438154,0.21979076
1,0.11918546,0.098524675
0,0.33727714,-0.013378531
1,-0.25953087,0.2579617
0,-0.021382254,-0.1945381
0,0.20473352,-0.012163714
0,0.45771995,-0.12352945
1,-0.17175272,0.16508824
0,-0.42603898,0.056268565
1,-0.14025378,-0.003945142
1,0.24765462,0.21956336
1,0.34140944,-0.1505541
1,0.041589458,-0.1045122
0,0.2875101,0.1015291
0,-0.12843618,0.047873437
1,-0.05423725,-0.19666068
1,0.052331377,-0.013600633
0,0.21707395,0.13061242
0,0.08726078,-0.07308315
1,-0.01917522,0.08986819
0,-0.13090684,0.048901908
0,-0.094478324,0.019090518
1,0.008557007,0.16614953
1,-0.37647718,0.44853544
0,-0.0103547275,-0.013308391
0,-0.27633488,0.23127012
0,0.00042923912,0.13202073
0,0.38242817,-0.16486882
1,-0.29303887,-0.12831105
0,-0.02774993,-0.11940931
1,0.019902326,-0.09401612
0,0.09333819,0.031871498
1,-0.1108392,-0.47245657
1,-0.08367571,-0.018257305
0,0.22998059,0.024340801
0,0.07913187,0.078876086
1,-0.4512656,0.24050546
0,-0.27357328,0.010522388
0,-0.025838714,-0.16559763
0,0.21138585,-0.08985637
0,0.24084985,-0.040820524
0,0.086416304,0.034421235
1,0.22274143,0.34517664
0,-0.18397781,-0.049389154
0,-0.3396001,0.03002005
1,0.1386419,-0.2914797
0,0.07008523,-0.056188792
0,0.2170515,0.011833206
0,-0.28080574,-0.048551142
1,-0.09057179,-0.2816049
1,0.24365479,0.3641671
0,0.22557631,0.03228748
1,-0.08547989,0.39454895
0,0.19370818,0.051930264
1,-0.42731678,-0.3575101
1,-0.080765784,-0.03176315
1,0.33480608,-0.38967663
1,0.3678162,-0.009206593
1,0.010870896,-0.3814041
1,-0.2851844,-0.49427414
1,0.022354532,-0.007802233
0,0.08089548,-0.07270296
0,0.26900238,-0.0869938
1,0.20281568,0.3453766
0,-0.19974527,-0.05883418
0,0.015874777,0.13790178
0,0.04681951,-0.20891769
1,0.0138903,-0.37318814
0,-0.13044073,0.053434566
1,-0.09841944,-0.19663857
1,0.021322332,-0.05639331
1,0.28902137,-0.23366459
1,-0.15694831,0.19685245
0,0.09230529,-0.07664305
0,-0.21881726,0.07157234
0,0.03083865,-0.012267187
1,-0.058851905,0.20547909
1,0.3433239,0.1051561
1,0.07410422,-0.4394536
1,0.10795592,0.08193055
1,-0.4346195,0.3948183
1,0.09932244,-0.057780877
1,0.21278173,-0.19843067
0,-0.165951,-0.071932554
1,-0.108055174,-0.18011184
0,-0.015532032,-0.036253482
0,0.0067653954,0.06786199
0,-0.019630801,0.038466766
0,0.25209808,-0.015690714
1,0.17144924,0.03235417
1,-0.32171226,0.2188156
1,-0.0029916652,-0.31365073
1,0.101132095,-0.050505593
1,0.024652377,-0.18142189
0,-0.29429635,0.16345447
0,-0.36787045,0.17158139
0,0.11389339,-0.18889992
0,-0.29383123,0.077500984
1,0.20486724,0.25450486
1,0.114310145,0.18487088
1,0.10590905,0.12252164
1,-0.21566609,0.24926883
1,0.1308295,-0.27032542
0,-0.010585107,0.16201219
1,0.13496901,-0.18149196
0,0.25716424,0.10759628
0,0.085170224,0.016556166
1,-0.037587717,0.35699987
0,0.06020863,0.08491854
1,0.18568617,0.07730742
0,0.14676553,-0.039647445
0,0.20100519,-0.21256329
0,-0.015264461,0.16411622
1,-0.021594528,0.0824018
0,0.022531468,0.014120832
1,-0.13403818,-0.04318659
1,-0.17206489,-0.09464498
0,-0.058159105,0.19537114
1,0.22525945,-0.6345618
0,0.15467969,0.047404453
0,-0.10126521,-0.011825338
1,0.04057512,-0.21461762
1,0.24606425,-0.026258722
0,0.14865038,0.14827725
1,0.050815698,0.0024484545
0,-0.17090225,-0.40203637
1,-0.13992992,-0.38136214
1,0.13678582,-0.029158607
1,-0.15180065,-0.004142493
0,0.064459234,-0.012993783
1,0.32580218,0.014090687
0,0.036747616,-0.13064213
1,0.17963493,0.35110733
1,-0.31389537,0.009833075
0,0.015136655,0.071428165
0,-0.10014382,-0.12318297
0,0.028759968,-0.011866763
0,-0.15497522,-0.10318175
1,-0.12767549,0.036597967
1,-0.079948545,0.5620194
0,0.3320288,-0.041379854
1,-0.40506864,-0.30972022
1,0.20232913,0.07717489
0,0.35713214,0.08449413
1,0.09718728,-0.18394928
1,0.2941286,0.18842371
1,-0.16607195,0.07752881
0,0.19035622,-0.04225059
0,-0.043139346,0.013717338
1,-0.12077856,0.12792453
0,-0.04993295,-0.23368175
1,0.3897257,0.21057612
1,0.20066544,0.10538666
0,0.021125082,-0.11608164
0,-0.16064385,0.20676398
0,-0.15024598,-0.111922696
1,-0.1450079,0.055586785
0,-0.15931295,-0.016529918
0,-0.07048696,-0.0728118
0,0.120680586,-0.28708965
0,-0.052859757,-0.09598772
0,-0.0023441873,0.07941821
1,-0.27410203,0.20960525
1,-0.16340832,0.61018246
1,-0.47235283,-0.34539098
1,0.3107646,0.32862198
0,-0.3992567,-0.048763305
0,-0.041667227,-0.25635177
0,0.17755365,-0.075549915
1,-0.16206755,-0.17719363
1,0.05512363,0.18698478
1,-0.0014985241,0.24106719
0,0.030689899,0.11565927
0,0.27398717,0.079036035
1,0.14906165,-0.26320404
1,-0.12700476,-0.16283955
1,0.091765404,-0.3198384
1,-0.057284664,-0.24884327
0,0.01301584,0.005819291
0,0.011408273,-0.199165
0,-0.30404988,-0.09514211
0,-0.23435244,0.122618526
1,0.054847438,-0.04719028
1,0.075805485,-0.3434391
1,0.26676756,0.1410505
0,0.103927106,0.011571333
1,-0.14816971,0.053183287
0,-0.034779646,0.03386748
0,-0.011711974,-0.04615803
1,-0.09329404,0.032587096
0,-0.0818651,0.15096074
0,-0.18651873,-0.09285776
0,0.14834175,-0.007987589
1,0.19154847,0.043217048
1,-0.3182289,-0.058678254
0,0.51698184,0.089332476
0,-0.06891857,0.22867015
1,0.25285858,-0.12606649
1,0.24761188,-0.27262813
1,0.020043623,0.04638779
1,0.068942964,0.3040166
1,-0.38156554,0.2229639
0,-0.083305106,0.07501564
0,-0.31026033,0.17690681
0,0.031712722,-0.14403032
0,-0.05860915,0.18655959
0,-0.0082290415,0.19701856
1,0.23939365,-0.016760916
0,-0.17686331,0.018319786
0,0.104756236,-0.088316545
0,0.09008753,0.03973657
0,0.0024749152,0.1340872
1,-0.27767584,-0.053393826
0,-0.31014106,-0.13540502
0,0.021028597,0.06884348
1,0.65305376,0.25046644
1,-0.34219274,0.10451673
1,0.14446095,0.31232762
0,-0.12629996,-0.014532641
1,-0.48010743,0.09222302
1,-0.07410149,0.45168185
0,-0.06456308,0.16849217
0,-0.31700122,-0.17634381
0,0.23951092,0.06444132
0,-0.08204231,0.08250427
1,-0.17454118,0.084557936
1,-0.09220131,0.2809883
0,0.14108908,0.10688309
1,0.33668953,-0.049561888
1,0.45364082,-0.37459028
1,0.12969738,-0.12167536
0,-0.07459116,0.14346182
0,-1.7300248e-05,-0.021236107
0,-0.011139711,0.019972041
0,0.006856013,-0.1487924
0,-0.040619254,-0.027047947
1,0.2930625,0.047054008
0,-0.08801116,0.013178289
1,0.16356437,-0.16104461
1,-0.101047084,-0.0838138
0,-0.27571785,-0.025664777
1,-0.05802205,-0.2782454
1,0.30790767,0.062250346
0,0.17098057,-0.33700764
1,0.2816311,0.24440888
1,-0.31238288,-0.24708892
0,-0.09730497,0.07512617
1,0.11746667,0.3660289
0,-0.19779992,0.066119626
1,0.036898274,0.37794203
0,0.039848957,-0.065058485
0,-0.1302728,0.05073145
1,0.027815003,0.15370171
0,-0.11260626,-0.06293011
1,-0.12382673,0.032641202
0,-0.055768058,-0.026152521
1,-0.10378118,0.12895186
1,-0.29492736,0.18267155
0,0.0643214,0.03279958
0,0.23163855,0.11884218
0,0.3273571,0.15776479
0,-0.064218536,-0.061672047
1,-0.27958855,-0.09106745
0,-0.017764306,-0.04935102
0,0.008478489,0.18602175
0,0.08288722,0.11940095
1,0.38003558,-0.22534566
0,-0.060958765,0.14543667
1,-0.239612,-0.35106844
1,0.10709643,0.1333488
1,0.28245354,-0.1015095
1,0.1440584,0.010380775
0,-0.09860134,-0.10043515
1,-0.13589616,0.19077432
0,-0.6421828,-0.19099824
1,-0.16422975,0.11329468
0,0.056750823,-0.34002316
1,-0.15223323,0.04924292
1,-0.08943863,-0.07156178
1,0.13052543,-0.30483723
0,-0.046903998,0.029458672
1,-0.056054845,0.07740138
1,0.38714772,-0.20538332
0,0.14026882,0.062008232
1,0.02890164,0.41481262
0,0.345873,0.0023289472
1,-0.16831903,0.060121775
1,-0.1035808,0.13170852
0,0.0207287,-0.053179994
0,0.121984825,0.12623797
0,-0.41837263,-0.30306464
1,-0.32144427,-0.25452757
0,-0.08217734,0.12648335
0,-0.15224445,-0.06723148
1,0.01825196,0.0048050582
1,-0.23076338,0.11577436
0,-0.18980408,0.13437115
1,-0.0010245144,0.31057262
0,0.2813008,-0.067120686
1,-0.07720594,0.38394964
1,0.006443795,-0.38804436
1,-0.07389051,-0.44302034
0,0.28533953,-0.0062526613
1,0.047279004,0.47738993
1,-0.27792758,0.2851593
1,-0.04961009,-0.05732046
0,0.09658447,0.18661833
0,0.02858803,0.028391391
0,-0.16467586,0.04781626
0,-0.07241705,-0.21730305
0,-0.1877276,0.0565812
1,0.24519157,-0.4368959
1,-0.0067600235,-0.121920034
1,0.19441685,-0.16632022
1,-0.08342412,-0.17253228
1,0.29023528,0.14791194
1,0.043263208,-0.24286284
1,0.07170491,-0.11993171
1,-0.22691247,0.11424236
0,-0.17359473,-0.09638508
1,0.04740716,-0.17376672
1,-0.27824807,-0.23215596
1,0.17449462,0.2967822
0,0.0053680874,-0.2528013
0,-0.16989274,-0.034518704
1,0.07524578,-0.2264551
1,-0.20185678,0.30385387
0,-0.36047935,0.0703614
1,0.070191145,-0.23795797
0,0.397674,-0.10849181
1,-0.18874462,0.09236297
0,-0.1751007,0.049588695
0,-0.28956765,-0.2360213
1,-0.23589125,-0.4173237
0,-0.09691347,0.15828156
0,-0.059620783,-0.056806013
1,0.02306683,-0.0061450005
0,-0.11369014,-0.10205996
1,-0.39879376,-0.13292743
0,0.096625626,0.045482345
0,0.28135794,0.11248438
0,0.012569714,0.14158317
0,0.18583532,-0.15512569
0,0.06652856,0.23093191
0,0.048145402,0.013036236
0,-0.0102004,-0.00015798211
0,0.006537929,-0.1616201
0,-0.2335658,0.07762098
1,-0.54135287,0.31826735
1,-0.2035318,-0.23534317
0,-0.06859316,-0.06481956
1,0.17806326,-0.09138174
0,-0.35326076,-0.34723365
1,0.16932502,0.064183936
1,-0.0007493906,0.048083857
0,0.19535999,-0.10092901
0,-0.01132934,0.07786177
1,0.063016325,-0.16598202
1,-0.23436998,-0.31034935
0,0.099880606,-0.056310892
0,0.055766124,0.022703394
1,-0.16734087,-0.15731244
1,0.043954168,-0.1937296
1,0.1591322,-0.3193847
1,0.14269781,0.22291102
0,-0.116569236,0.005067542
1,0.012597576,-0.056003496
1,0.35422853,-0.04144235
0,0.20346636,-0.037584662
0,-0.059076056,0.045692705
1,0.0770808,0.01655928
0,0.21341196,-0.055410936
0,-0.17479713,0.095848665
0,0.27430007,0.048561066
1,-0.1791933,0.3198681
0,-0.25084645,-0.20336042
1,0.16103876,0.09562492
0,-0.222273,-0.12532811
1,0.15380076,-0.017158866
0,-0.017800512,0.38309526
0,0.016129266,0.030499235
0,0.042189028,0.0050299168
1,-0.10561104,-0.077117845
0,0.101816684,-0.024366245
0,-0.2871409,0.0055038035
0,0.116460636,-0.09600155
0,0.08304459,0.12293346
0,0.071149275,0.024050683
1,0.020647157,-0.056736976
0,0.00012261793,-0.11746399
0,0.014252048,0.039854646
0,0.28841373,0.17049243
1,0.07339156,-0.10184884
0,-0.09745918,0.07402035
1,0.018643737,0.10386871
1,0.013131607,-0.05008331
0,-0.24634236,0.06536801
0,0.31926066,0.0032137632
1,-0.025253763,0.30981016
0,0.0074029267,0.055222817
1,-0.140646,-0.07946384
0,-0.019965895,-0.041327164
0,-0.0049822107,0.04704208
0,0.45116946,0.08872886
1,-0.32942182,-0.2763189
1,-0.22248,-0.16748227
0,-0.29106227,0.20449117
0,0.20256683,0.09428391
0,-0.15089083,0.08897726
1,0.25298294,0.1532394
1,-0.04361995,0.08309414
1,-0.04009369,-0.084842846
0,-0.017112263,-0.1320699
1,-0.736066,0.40758276
1,-0.15445508,-0.026936218
0,0.020979747,0.13290584
1,-0.12271479,0.21116404
1,0.16393743,0.45396316
0,-0.36396834,-0.16045554
1,0.2704241,0.103736825
1,-0.028373756,-0.17066197
1,0.103542924,0.16385916
1,0.24555135,0.2674383
1,0.40575045,0.11097968
1,0.3090667,-0.0033686012
0,-0.02477298,0.027093723
0,0.2596079,0.06067151
0,0.04569268,-0.09273745
1,-0.14420314,0.06394178
0,-0.054759618,0.039499074
0,-0.06291103,-0.12245302
1,-0.33016974,-0.29346198
1,0.06292799,0.13662377
0,0.15572768,0.18586399
0,0.09976089,0.13384958
1,-0.08480915,-0.02955541
1,-0.37512493,-0.03490889
0,0.0555891,-0.09365712
0,-0.08131495,0.09393433
0,-0.12567498,0.044249907
1,0.0016439743,-0.3147819
1,-0.068853155,-0.029084891
1,0.18295477,-0.06112483
1,0.2243669,-0.47197133
1,-0.09758979,0.0060653538
0,-0.18085502,-0.20757706
1,0.10086569,-0.38164544
0,0.13175279,-0.048752084
0,0.2796091,-0.1134596
0,-0.19727464,0.04360877
1,-0.10320526,-0.24104227
1,0.41730997,-0.08020446
0,0.48558265,0.11324376
1,0.014302082,-0.5345291
1,-0.17368719,-0.1833898
0,0.01588516,0.10609776
0,-0.18365656,0.036286183
0,-0.11525653,0.023784727
0,0.11361417,0.16169348
0,0.15687214,0.096788526
1,0.23684415,0.28958297
1,0.14199829,-0.06041138
0,-0.04684939,0.13507551
0,-0.011020847,-0.031411484
1,-0.07329747,0.0039363205
0,-0.15009314,0.0026564747
0,-0.20914519,0.04579203
1,0.002614718,0.1540635
1,-0.30196768,0.63168603
1,0.21691173,-0.03794965
0,-0.0043157376,-0.02683109
0,-0.13457371,-0.06794803
1,-0.10847771,0.044670485
0,0.19551325,0.20563325
1,0.038088117,0.04121075
0,-0.12616175,0.20265296
0,-0.12340444,-0.34077835
0,-0.14059688,0.16204257
0,0.07122065,-0.17277499
1,-0.25540158,0.5326772
0,0.29766154,-0.027067214
0,0.19482994,-0.035626248
1,0.43986428,-0.094999775
1,0.07178265,-0.2672208
1,-0.2631909,-0.32990617
1,0.00806934,0.45662242
1,0.029195797,0.20690623
0,0.12492715,0.15011062
0,0.1821611,-0.14169444
1,0.30441257,-0.34161383
0,0.07303259,0.03070274
0,-0.12906374,-0.046779305
0,0.45459807,0.006135598
1,0.15951967,-0.12484808
0,-0.08916752,0.017960325
0,-0.020551205,-0.18537916
1,0.25169927,0.09377458
0,-0.14035863,-0.17557947
1,0.08753288,0.14036492
0,-0.051188592,-0.06388448
0,-0.24430172,-0.041438296
0,-0.11050674,-0.13940628
0,-0.12689711,0.20663281
1,-0.14715432,0.096709356
0,-0.17225406,-0.22186343
1,0.3383432,0.21869418
1,-0.015525484,0.12805559
0,-0.1202928,-0.16655363
0,-0.08400845,0.24429187
0,0.19030789,-0.11460395
1,-0.24549568,-0.033749327
1,0.24281621,0.06789497
1,-0.18102942,-0.3908391
0,-0.008351035,0.1373362
0,-0.18400231,0.13111526
0,0.06511018,-0.106908664
0,0.19480321,0.03638184
1,0.1286408,-0.10039033
0,-0.050744787,-0.20624383
0,0.12825896,-0.18252967
0,-0.23543471,0.065453656
1,-0.20002025,0.09747424
1,-0.1465796,0.01564806
1,0.1580365,0.115862474
1,0.044210162,-0.23373993
1,-0.097457334,0.00982403
0,0.30149698,0.14591494
0,-0.4380092,0.10646625
0,0.03469916,-0.08372916
0,0.08507131,-0.18635447
1,0.4523693,-0.040422305
1,0.12211414,0.17012398
0,-0.29702625,-0.19939436
1,-0.1963785,-0.03476809
0,-0.07128282,0.0053525716
0,-0.16985673,0.010907769
1,0.114665285,-0.18772592
1,-0.44582906,0.17835675
0,-0.020780632,0.06935192
0,0.0460764,-0.07937376
1,-0.06069668,-0.11347462
1,-0.33173007,-0.3577329
1,0.32117602,-0.14890386
1,0.038776066,0.23085427
0,0.18242499,0.121653944
0,0.034640703,0.0072758347
1,-0.18486962,0.35024118
1,0.10372302,-0.22655822
1,0.19644873,-0.074761674
1,-0.011938175,0.12640527
0,0.30258888,0.044928543
0,0.10276981,-0.103202924
1,-0.008080408,-0.06125775
0,0.18267314,0.06492041
1,0.087515086,-0.35668665
0,0.25188723,0.09076117
0,0.16101296,-0.01191844
1,-0.1301181,0.015064657
0,-0.116121635,0.059900805
1,-0.0058322027,-0.017611578
0,-0.05822528,0.22695678
1,0.2061449,-0.13423897
1,0.20719203,-0.21220155
1,0.1784244,-0.40493774
1,-0.047361184,-0.39494944
0,-0.09120141,0.104509495
0,-0.3019438,0.04665792
0,0.1252316,0.011411786
1,-0.12837744,0.1845442
1,0.23596078,-0.050137058
0,0.22108713,-0.036343247
1,-0.4483843,-0.27479625
1,0.035286468,-0.16693617
1,0.20255023,0.037660167
1,0.32703796,0.30648696
0,-0.1267562,0.047521725
1,0.21301287,-0.026336595
1,0.489222,0.13234398
0,-0.033822443,0.019600332
1,0.3720707,0.44659787
0,-0.23747788,0.07167444
1,0.17532164,0.34919375
1,-0.31841734,-0.0037133545
0,0.26957053,0.0577673
1,-0.2708662,0.034148484
1,-0.028352883,-0.13741489
0,-0.43636173,0.053050242
1,-0.41663402,0.35528877
0,-0.04740838,0.08190811
0,-0.29371148,-0.28861964
0,0.14070232,-0.16063131
0,0.02685922,-0.090002105
1,-0.23146167,0.024551734
0,-0.042371325,-0.030435562
0,0.053823505,0.06669455
0,0.032274555,0.09645432
1,0.10158475,-0.1443644
1,0.051347192,0.13735554
0,0.13076103,0.018170774
1,0.102177665,-0.17580529
1,0.27822345,-0.14260085
1,0.09769738,-0.18890508
1,0.20030548,-0.15064292
1,0.21040334,-0.1541005
0,0.074137285,0.14505199
0,-0.04468955,0.14449054
1,0.17562385,0.1304137
0,0.16510895,0.008821204
0,0.081428155,-0.20756666
0,-0.22231553,0.08709024
0,-0.23339587,0.041000232
0,0.003556002,0.17085718
1,0.0020826496,0.054788053
0,0.36821973,-0.055477902
1,0.024864268,-0.07757531
1,-0.08168742,0.30988806
1,-0.0019316785,0.4322542
0,-0.18456966,0.10972256
0,-0.13301106,-0.10556759
1,0.08475532,-0.07312845
1,0.03355362,0.2944857
0,0.27248138,-0.0072683096
0,0.112398446,0.15292047
1,0.15975903,-0.2867775
1,0.15911737,-0.5681939
1,0.15908647,-0.1043057
0,-0.18515903,-0.1504717
0,0.1668874,0.025304362
0,0.19210714,-0.07641411
1,0.0055551715,0.41087335
0,-0.12837805,-0.3219278
1,0.4369158,-0.016528353
0,0.24522579,0.012525521
1,0.14202975,0.07601018
1,-0.01227821,0.13574642
1,0.009896617,0.063009836
0,-0.048223563,-0.21670051
1,-0.13128214,-0.22212787
1,0.12004474,-0.025948241
1,0.05836792,0.3267526
1,-0.21200985,-0.122385755
0,0.012167141,0.12086217
1,0.05858246,-0.40527642
1,0.26262695,0.25863978
1,-0.11820656,0.3571474
1,-0.2651202,0.100441225
1,-0.12524806,-0.07517707
1,0.07755931,0.13645804
1,-0.18353227,0.035216115
0,-0.085883975,0.12326359
0,0.21704441,-0.05456665
1,-0.030553564,-0.0600273
0,0.08392553,0.09655954
1,0.07663335,0.011673242
1,0.044515837,-0.11152436
1,-0.28756556,0.38537264
1,0.152507,-0.13008411
1,0.23192513,0.01602514
0,0.1365328,0.0014021248
0,-0.07955615,0.026385143
0,-0.23695806,-0.08725394
1,-0.29425707,0.28234074
0,-0.12902877,0.16097428
0,0.03451443,0.022343442
1,-0.043896805,0.15331
1,-0.076583624,-0.32147396
0,-0.043813303,-0.06538014
0,-0.12120633,0.020078227
1,0.16048792,-0.31278795
0,0.22448996,0.014449269
1,0.031515714,-0.3340574
0,-0.17002492,0.064229995
1,0.1974448,-0.04182504
1,0.34579426,0.3005912
1,0.31785405,0.33884645
0,0.17670107,-0.0500568
0,-0.08100432,0.13634358
0,-0.06962158,-0.08471505
0,0.20123841,-0.026940808
1,-0.031021794,-0.05690971
0,0.15726505,0.027166933
0,-0.012333356,-0.073165625
1,-0.12508067,0.06930694
1,0.01246839,-0.20491488
0,0.26501337,0.024292894
0,0.00042905286,-0.33009642
1,0.18450063,-0.09604041
1,0.16143689,0.018571854
0,-0.13973631,-0.041340157
0,-0.2094196,-0.3026299
0,0.01923756,0.20009682
1,0.25214472,-0.20872594
1,-0.3377403,0.08068711
0,-0.02090561,-0.10863933
0,0.1951105,0.054286383
0,-0.06507761,0.13242558
0,-0.06140969,0.24254903
0,-0.11425951,-0.02104628
1,-0.30646732,-0.17910592
1,0.0925637,0.09156661
0,-0.11459538,-0.008431837
1,-0.2903186,0.25872988
0,-0.007909559,0.05186791
0,-0.073759794,0.0130195245
1,-0.0023810938,-0.12081005
1,-0.12678222,0.10031211
1,-0.28730154,-0.049770325
1,-0.015450448,-0.09850952
0,-0.0131165795,0.018927827
0,0.010782637,0.10386789
0,-0.09653925,-0.06983338
1,0.361826,-0.35216212
1,-0.089751,0.10729865
0,-0.2839958,-0.18773802
1,-0.24273339,0.21040648
1,0.15159385,-0.20565073
1,-0.2239312,-0.4188571
1,-0.27408803,-0.18547545
0,-0.02444195,0.010652527
1,0.30928394,0.08680985
0,-0.10275653,0.18625627
1,0.009219382,-0.33936828
1,0.16088437,-0.06371662
0,0.045650695,-0.05103816
0,0.114704445,-0.22460426
1,-0.18309703,0.057882823
1,0.0471205,-0.026662737
0,-0.11237571,0.1469083
0,0.1101906,0.100956045
1,0.10456325,0.08945061
1,-0.2611459,0.21554485
0,-0.39631295,-0.30966222
1,0.20424898,0.1721856
0,-0.01512791,0.012128048
1,0.49916756,0.18304461
1,-0.1576558,-0.22095336
0,0.22463018,0.018998742
0,0.014918927,0.013869613
1,-0.13718104,0.35850352
1,-0.12084557,0.024740756
1,0.23551011,0.017046109
0,0.0036877505,0.033521175
0,0.02706768,0.012856066
0,-0.3654768,-0.2692821
0,0.056914236,0.08316461
0,-0.109328955,0.048339725
1,0.102807626,-0.08244909
1,-0.16534498,-0.19119729
1,0.36119926,-0.2409515
0,-0.4474035,0.0041764528
0,0.16254795,-0.19072933
0,-0.38242424,-0.29176575
1,-0.2275899,0.4203208
1,0.08732785,-0.14151569
0,0.29724464,0.050610706
0,0.22801879,0.15752813
0,-0.20232803,0.2393639
0,-0.10515775,0.055620678
1,-0.12246096,0.13404927
0,-0.20806532,0.038980097
1,0.06903908,0.09477697
1,-0.06518431,-0.41323662
0,-0.26343092,0.20372373
1,0.11362268,0.06648694
0,-0.10445139,0.13935056
1,-0.071278945,-0.020892873
0,-0.116441056,0.19075167
1,0.35560548,0.13600338
0,0.16803011,0.037212186
1,0.29806772,-0.000568822
0,-0.09376656,0.10129439
0,-0.108083904,0.026087657
1,0.28326458,0.17526716
0,0.076003894,0.00962238
0,0.096268415,0.06100467
0,0.14271975,-0.05317624
0,-0.28252974,0.026916035
0,-0.06413653,0.01620397
1,0.43203896,0.050104126
0,-0.06084945,-0.20437165
1,-0.08884381,0.0843454
0,-0.047268506,0.18736555
0,0.21851051,0.149282
1,0.04446101,0.029392824
1,0.041493144,-0.08389847
0,0.05824649,-0.08985248
1,0.2298848,-0.14718299
0,-0.07207735,0.11644864
0,0.2261625,0.19881044
1,-0.35821798,-0.008582458
0,0.069407195,-0.019247398
0,0.23681074,-0.095433414
1,-0.18363996,-0.31485695
0,-0.08390634,0.026201427
0,0.022826388,0.12135649
1,-0.01675954,0.21981812
0,-0.049484458,0.09542235
1,-0.050207227,0.120704785
1,0.09026131,-0.1932147
1,-0.011115678,0.14034683
1,0.17413,-0.23408107
0,0.07270929,-0.09575637
0,-0.018074997,0.10148142
1,0.29855698,-0.12024449
1,-0.17215434,0.057212055
0,0.18451834,0.05038345
1,-0.08558677,0.32464147
1,-0.49497104,0.20949781
0,-0.06363815,-0.0030085295
1,-0.1286365,0.2527343
0,-0.04678216,-0.011911884
0,-0.0037840698,0.14634863
0,-0.057764087,0.104529545
0,0.2569349,-0.0250123
1,-0.47127217,0.0025003701
1,0.3175519,0.19881922
0,0.079705134,0.15512587
1,-0.32794288,0.09394937
1,-0.15743908,-0.19220068
0,0.07709418,-0.0019771755
1,0.029243898,-0.075269416
0,-0.017044807,0.08884619
1,0.26255894,0.29439288
0,-0.12738873,0.1287764
1,-0.3779313,0.1553811
1,-0.5668601,0.14464624
0,-0.11280087,-0.023634717
1,0.11761749,0.13958448
0,-0.05875334,0.032469742
0,-0.1927441,-0.02243638
0,-0.33910277,0.30716997
0,0.099536285,-0.25963038
0,-0.055509806,0.1920965
0,-0.353349,-0.1582516
0,0.019161936,0.013390943
1,0.52001905,-0.28290844
0,-0.21325882,0.1354681
1,-0.576498,-0.12526919
1,0.47479463,0.25730908
1,0.26765394,0.23148842
0,0.14223962,-0.14161147
1,0.15721753,-0.013992831
1,0.117014155,0.12246405
0,0.18223828,0.2207952
1,-0.2922191,-0.079591304
1,0.2219466,0.31692243
0,-0.16633204,0.21864724
0,0.03598917,-0.3775121
1,0.36708945,0.45622402
1,0.2373501,0.07853894
0,0.1276508,0.13028118
0,0.012705445,0.03611704
0,-0.06276533,0.1518037
0,-0.060924266,-0.10770546
0,-0.19684997,0.010822125
0,0.036073107,0.06093888
0,0.13210139,-0.080537006
0,-0.035125524,0.0898471
1,-0.00035783276,-0.36381423
1,0.019798856,0.011617668
0,0.2823527,-0.047411904
0,-0.1834903,0.0238844
0,0.083934754,0.13535029
1,0.31021532,0.36193028
0,0.04634184,0.16480601
0,0.2490775,-0.008302912
0,0.091506734,-0.03360878
1,-0.1268717,0.10447893
1,0.084121525,-0.04236628
0,-0.0333116,-0.25201005
0,-0.051705472,0.034361087
0,0.06726335,-0.043253288
1,0.19081542,0.32030046
1,0.018859342,0.22927636
1,0.059365224,0.33822387
1,0.098168075,-0.41569453
0,-0.0064395126,0.07508367
0,0.19263226,0.01952377
1,-0.3211925,-0.15688659
1,-0.15353644,-0.3747216
1,-0.109373346,0.025901958
0,0.02918752,-0.01981163
1,0.07673402,-0.54083186
1,-0.07778023,-0.26000726
1,0.11058913,0.008369058
0,-0.04216329,0.027557269
1,0.05490719,-0.25318468
1,-0.041426744,0.25121945
0,0.17199117,-0.042267695
0,0.009869151,-0.07455082
1,-0.23332337,-0.12226023
0,0.12906045,-0.06664397
0,0.04843052,-0.15980817
0,0.027756047,0.04914341
0,-0.0013257936,-0.004700482
1,0.13492787,-0.13643022
1,0.034132984,-0.308653
1,-0.070939824,0.16786018
1,0.16294448,0.11729312
1,-0.18815567,-0.14063208
0,0.11625022,-0.035642758
1,0.117272556,-0.10360663
0,0.05010805,-0.05434209
1,0.11117393,-0.18798445
0,-0.2544287,-0.011089653
0,-0.13964282,0.09870245
0,-0.13953927,0.10285844
0,-0.17452592,0.06667766
1,-0.21766707,0.039913222
0,0.0785075,-0.17011227
1,-0.20328046,0.2720803
0,0.34618306,0.017774418
0,0.092240244,0.034590736
0,0.10058299,0.04695397
1,0.012606654,-0.08157809
0,0.06214485,0.03167493
1,-0.22825184,-0.076259
1,0.050348382,-0.03167586
0,0.07173911,-0.1480154
1,0.23871404,-0.23527922
0,0.23626792,-0.04067114
0,-0.18319875,0.019333377
1,0.092665434,-0.18622474
1,-0.06939322,0.10033707
0,0.07136464,-0.23741283
1,-0.037155937,-0.101803705
0,-0.029920634,-0.050950095
0,0.017733838,-0.09406635
0,0.15370741,0.05945865
0,-0.10302211,0.05338467
0,-0.11934224,-0.06713481
0,0.035817202,-0.00070281327
0,-0.117167205,0.13189775
1,-0.2027442,0.33760482
0,-0.23990192,-0.04474072
1,-0.06013477,-0.16714765
0,-0.087002054,-0.009168163
1,0.069807544,-0.044645473
0,-0.1418896,-0.0793833
1,0.070841,0.41417664
0,0.20974171,-0.3706172
1,0.23201442,0.12505868
0,-0.16660097,0.040778495
0,0.2605989,-0.04257588
0,-0.020156886,0.020341888
0,-0.48893782,0.09908071
1,0.13182305,-0.021712855
0,0.1866303,0.014120966
0,0.3076722,0.044852555
1,0.04838367,0.08675711
0,-0.09133984,-0.13975118
0,-0.09962207,0.0801908
0,-0.1517922,-0.08405368
1,-0.013538927,-0.2451861
1,0.19617364,0.07509587
1,0.019504096,-0.34431785
1,0.118773,-0.25468206
1,0.25952938,-0.458216
1,0.36045998,-0.1847638
0,-0.1080624,-0.17465569
1,0.099330425,0.20589775
0,-0.0790496,-0.19155867
1,0.35960478,0.38952
0,0.1388875,-0.10532941
0,0.0756982,0.010959737
1,-0.3817601,-0.10781282
0,0.087338254,-0.047969297
1,0.2254127,-0.052480385
1,0.04327325,0.3995121
0,0.019237068,0.015980527
1,0.58651197,0.17753011
0,0.09239924,0.054067515
1,-0.0012818202,0.3087486
1,0.1403019,-0.056764767
1,-0.1259094,0.23283996
1,-0.15585798,-0.38461572
0,0.03505635,0.18847555
0,-0.032745156,0.16652326
1,0.33823833,0.18129417
1,-0.16829723,0.11546378
0,-0.0123223495,0.12304632
1,0.00813346,-0.17542262
0,0.045916688,0.04800821
0,0.13871758,-0.11309011
0,-0.35235366,0.12396762
1,-0.035684537,0.33603752
0,5.9705228e-05,-0.009273872
0,-0.17984489,0.17692442
1,-0.47746986,0.13735066
0,0.068719685,0.05717261
1,0.24830773,-0.3354287
1,-0.10974878,-0.42489374
0,0.16998652,0.055836827
1,0.28114688,-0.22764416
1,-0.15611859,0.18081173
1,0.07018684,0.37604254
0,0.0039438047,0.11737938
0,-0.12255287,-0.16423286
0,0.19825235,-0.051843777
0,-0.03404136,-0.035651654
0,0.15216154,-0.0054659694
1,0.049343962,-0.35406083
0,0.12925413,0.007669665
0,0.20055497,-0.13541575
1,0.2408489,-0.2025085
1,-0.19034058,-0.19529219
0,0.0453174,-0.0055203885
1,0.14824472,-0.13895582
1,0.23918271,-0.13704173
1,0.03960603,0.3460362
0,0.005574528,0.062678404
1,0.22415474,-0.32927465
0,0.24848282,-0.09333797
0,-0.21206728,-0.04606825
1,-0.04893056,-0.14236821
1,-0.17645514,0.10358391
0,0.07072416,0.033157878
1,0.29452544,0.09040396
1,0.08911289,0.0014084876
1,0.4274705,-0.04130982
1,0.11479959,0.52869374
0,-0.34284377,0.014019996
0,-0.4287988,-0.002981469
0,-0.13467336,0.074170135
1,-0.097746626,-0.1645415
0,-0.1644229,-0.035562113
0,0.2924747,0.06518802
1,-0.024652962,0.18116744
1,-0.11735189,-0.024038777
0,-0.05936481,0.022039719
1,0.033749986,-0.132915
1,0.17169154,-0.24060275
0,-0.24043754,0.20158434
1,-0.14202383,0.065727465
1,-0.39517537,-0.16004173
0,0.25379142,0.0046908706
0,-0.076759525,0.33019167
0,0.011724338,0.05110094
1,0.09564331,0.0027998686
0,0.028843854,-0.019283101
0,-0.044947535,-0.13427283
0,0.3426199,0.07217576
1,0.017141946,-0.06384441
0,0.042950686,0.13363834
1,0.41953617,-0.30053627
1,0.20192274,-0.050096735
0,0.11783633,-0.046611264
1,0.5043801,-0.031419232
1,-0.15494092,0.339826
0,-0.2974403,0.024336115
0,-0.08799106,-0.3700915
1,-0.46525848,0.12266222
0,-0.03723287,-0.12032081
1,-0.03662673,0.4068086
0,0.0966478,0.21187915
0,-0.095069125,-0.0122605115
0,0.245215,0.14208663
0,0.039577726,0.08630866
1,0.37898526,0.12030673
0,-0.11805302,0.103520535
0,0.48111296,0.12283309
1,0.055049736,0.098904096
1,0.054822583,-0.1814244
0,-0.021456387,0.050127625
0,0.322867,-0.22307523
1,-0.023710083,0.2321198
1,-0.06692065,0.012707189
1,0.04602236,-0.16067536
0,-0.20478126,0.24139959
0,-0.03922161,-0.03682217
1,-0.22427957,-0.08260982
0,-0.18760185,0.092887074
1,0.27050245,-0.046974167
1,0.01607823,-0.07843812
0,0.3737901,-0.2024215
1,0.02314476,0.11005522
1,0.16146223,0.06805722
1,0.12437984,-0.18475361
0,-0.04658767,-0.3056451
0,0.29500622,0.14550145
1,-0.022102103,0.13981126
0,0.04366364,-0.17108156
1,-0.09026924,0.12010051
0,0.196695,0.013122469
0,-0.14346722,-0.13663425
0,-0.23181668,-0.09640731
0,-0.08908661,-0.042308614
0,-0.013941098,0.08390528
1,0.17238721,-0.011502102
1,-0.09576395,-0.09285945
0,0.1245203,0.072742745
1,0.3032937,0.5148121
0,0.030892808,0.12195112
0,0.26029128,-0.052220568
1,-0.12502895,-0.27153003
1,-0.34140843,0.5196937
1,0.15724902,0.07407442
0,0.21338162,0.1481069
1,0.13730034,-0.1506932
1,0.096813604,-0.042825133
0,-0.0046179816,-0.24955188
0,-0.06962321,0.1747462
0,0.2636878,0.06796228
1,-0.4013368,0.30115345
0,-0.17657126,-0.17858823
0,0.22446078,0.10492426
1,-0.20417042,-0.3629548
0,0.22325209,0.1503375
0,0.27994955,0.06533523
1,0.23631066,0.038548775
1,-0.003651306,0.109700724
0,-0.20181906,-0.11180793
1,0.07600571,-0.6476022
1,-0.019355055,-0.17592712
0,0.062635526,0.25391072
1,0.13059577,0.023717605
0,0.048646715,-0.0056524426
1,-0.007043088,-0.0037565231
0,0.023279421,-0.2610445
0,-0.1353606,0.057832897
1,-0.30332783,0.3962587
0,-0.14297853,0.05647698
0,-0.094815746,0.036129877
1,-0.18853988,0.37001312
1,0.10716452,-0.05736743
1,0.07057279,0.2209442
0,-0.15750074,-0.08699943
0,0.0022199936,0.13396415
0,0.31236523,0.035417102
1,0.050465513,-0.08570652
1,0.4301207,0.26323742
0,-0.08650589,0.021823488
1,0.008305296,0.008360527
0,-0.06620796,-0.19283451
1,0.2176674,-0.12403174
0,0.10746065,-0.04940982
1,-0.038796544,0.29149204
1,0.3492347,-0.08181299
0,0.16952339,-0.17916436
0,0.11407578,0.031115055
1,0.3622995,-0.18556662
1,0.22533408,0.18869944
1,0.018763404,0.042695954
0,0.1390207,0.043845274
1,0.2607695,0.15309452
1,0.21661007,0.23515603
1,0.032407824,0.080219224
1,0.03442472,-0.27933615
0,0.09568024,-0.3758458
0,-0.088311866,0.10886738
0,0.29139054,-0.21347298
0,-0.07930427,0.027729444
0,0.18128282,0.020456582
1,-0.11104524,0.00743407
0,0.11905241,-0.03753291
0,0.52186316,-0.020418912
1,0.28703895,0.093093656
1,-0.23572025,0.41732258
0,0.0045741126,0.16035268
1,0.43959004,0.26035458
0,-0.14224303,-0.22116531
0,-0.08671447,0.13800603
1,0.16586594,0.24153543
0,-0.1427239,-0.07669555
0,-0.3697072,0.11378147
0,-0.061974615,0.10319613
1,0.38210815,-0.14941879
0,-0.062938705,0.2587821
1,0.2718085,-0.046996966
1,0.21837777,0.11187072
1,-0.21025562,0.19481868
1,-0.16512062,-0.068736985
0,0.014697585,-0.01829271
1,0.46767235,-0.2646923
1,-0.033167765,0.14077617
0,0.1574969,0.061818704
0,0.1942702,0.008623973
0,-0.09069526,0.05243641
1,-0.12140243,0.003381297
0,-0.00091742724,0.03814219
0,-0.09565584,0.063124545
0,0.038269464,-0.16216375
1,-0.05085492,0.186818
1,-0.29385555,-0.26551533
0,0.014452979,0.17233673
0,0.13289191,-0.09050481
0,-0.278579,0.15086602
1,-0.041738983,-0.14129324
1,0.055764142,0.07110575
0,-0.08376482,-0.19179435
0,0.4059089,0.0067528337
0,-0.18231158,-0.21711732
1,0.016487114,0.060230054
1,-0.50729424,0.05707837
0,-0.008740174,0.09275322
1,-0.40871805,-0.034090996
0,0.010376673,-0.009007186
1,-0.05229729,-0.21066399
1,-0.29427806,0.39300615
0,0.1504114,-0.04928267
1,-0.23345645,-0.2455331
1,0.20969602,-0.15619703
0,0.11410995,0.079519585
1,0.07763253,0.18764769
0,0.16622825,0.13447964
0,0.4679129,0.026104465
0,0.12658885,0.09071505
1,0.16529438,0.40622568
0,0.34638906,0.19311556
0,-0.40444577,0.08274599
0,-0.08354625,-0.50612235
0,-0.18647909,0.13546723
0,-0.07983564,0.001694575
0,0.3485096,-0.0021681786
1,0.13001058,0.06816852
1,0.7092401,0.29273838
1,-0.3220142,0.06876102
1,-0.1677341,0.14974149
1,0.36372247,-0.19433485
1,0.0043282136,-0.12999786
0,0.1713004,0.025594026
1,-0.11633219,0.28739727
0,0.013010524,0.042426385
1,0.27109224,-0.07817897
1,-0.13118678,-0.09519099
0,-0.22462991,-0.025269166
1,-0.42250553,0.5295654
1,-0.055967644,-0.072790354
1,0.2771027,-0.12446143
0,0.28672346,-0.024784565
1,-0.06617148,0.14918777
0,-0.42986152,-0.0030883253
1,0.056889433,0.24010661
0,0.23269022,0.07448872
0,-0.2570528,-0.23710717
0,0.008718256,0.13282652
1,0.049756896,-0.22841392
1,-0.21704492,-0.12438102
1,0.09693733,-0.21540393
0,0.19941908,0.0131390095
1,0.044260282,-0.13271056
1,-0.00052504614,-0.32526642
1,-0.15264125,-0.06265591
1,-0.033959597,-0.25574106
0,-0.21773288,0.10056873
1,0.09215447,0.21657202
0,0.18990791,-0.20500894
0,-0.040898904,0.10152563
1,-0.04689034,0.10824999
1,0.023965877,0.42459267
0,0.20654923,0.19516756
1,-0.2537517,0.23945245
0,0.2231924,0.13400076
0,0.039963145,-0.16923018
1,-0.034737945,-0.07880594
1,0.21298712,0.051990777
1,0.04545511,-0.009200484
1,-0.17619881,0.086159796
0,0.22704118,-0.642629
1,-0.18077095,0.31046057
1,-0.14621648,0.16429992
1,0.21392736,0.005654797
0,-0.044448722,-0.09425467
1,0.14694287,-0.06157066
0,0.017785117,-0.19160475
0,-0.18574649,0.19551638
0,0.100197256,-0.090223506
1,-0.018794045,-0.121200785
1,0.108012214,-0.15933375
0,0.06531118,0.02148296
0,-0.15304336,-0.05495423
0,0.09044224,0.13459216
1,-0.20186023,-0.062140003
0,0.21763662,-0.09900652
0,-0.033052865,-0.10621321
0,-0.12412724,0.09260692
0,-0.5647278,0.113657564
1,0.091667056,0.04842405
1,-0.072683156,-0.094357684
1,0.2101782,0.09665543
0,-0.21438177,0.14172716
0,0.06495619,0.3055905
0,-0.16312863,-0.36792153
0,-0.14113973,-0.13958342
1,0.33867544,-0.18149264
0,-0.056725558,0.17557028
1,0.30697203,-0.25149304
0,0.18224548,0.019791737
0,0.24523968,-0.018912926
0,0.13858056,0.16309616
1,-0.0943935,0.09590663
0,-0.09084205,-0.0025541186
0,-0.09031488,-0.024918526
0,-0.0971167,-0.04527977
0,-0.079911366,-0.11729944
0,0.120765924,0.058333628
1,0.085024804,-0.36053705
0,0.0017090626,0.13397443
0,-0.14653905,-0.080642566
1,0.07024109,-0.20244439
1,-0.048795775,0.14102764
1,0.02593838,-0.15833654
0,0.01909561,0.02386725
1,-0.055373624,-0.42315483
0,0.22006556,0.029087141
0,-0.10626131,0.025345407
0,-0.045056477,0.065194145
1,0.108221725,-0.14599587
0,-0.23211524,-0.2499062
1,0.22464162,-0.04468891
1,0.1897538,0.11877686
1,-0.07837644,-0.43637985
0,-0.1797072,0.08399535
1,-0.123832285,-0.122878596
1,-0.024608318,-0.24600066
0,0.07240684,-0.13899036
1,0.12624562,0.09282227
1,0.06916851,0.22197095
0,0.41200614,0.07895545
1,0.105737224,0.31969184
1,0.080393866,0.22560187
0,0.07018061,0.013823897
0,-0.040088598,-0.0660622
0,-0.17241356,0.03724941
1,0.18056977,0.05921936
1,0.06698306,0.097532645
0,-0.18516624,0.14776511
0,0.15421794,0.08280705
0,0.0075223856,-0.04391621
1,0.1531558,-0.009600922
0,-0.12505208,-0.13095902
0,0.12619242,0.08863035
1,0.054619614,0.32762206
1,0.36988613,0.18934509
0,0.087859705,0.014436364
0,-0.49006277,-0.13607372
1,-0.009408502,0.16086653
1,-0.021132898,-0.35982674
0,0.1222385,0.21612112
0,-0.10343486,0.07725352
0,0.009378858,0.32910872
0,-0.04448149,0.019532353
0,0.2860045,-0.04278125
0,0.120419994,-0.12332679
0,0.19809905,-0.057962313
1,-0.15548137,-0.34834063
1,0.12688583,0.14240196
1,-0.17128666,-0.123564675
0,-0.103016704,0.1580772
1,0.38624746,-0.3713776
0,0.022146154,0.024511307
1,0.008013997,0.08234301
1,-0.22624683,0.114886634
0,-0.14370023,0.03401631
0,-0.014835475,0.1041597
1,-0.06946133,0.23578697
