label,projection_score
1,0.29898927
0,0.09778424
0,0.09427195
0,0.12831526
1,-0.4404721
1,0.18836226
1,0.009214312
0,-0.09165282
1,0.2008279
0,0.051049538
0,-0.07449826
0,-0.041517768
1,0.37825856
1,-0.18464059
1,-0.09283895
0,0.053340897
1,0.2652459
1,0.10438729
0,0.030036444
0,0.051150598
0,0.11676167
0,-0.12212851
1,-0.06488141
1,-0.048107408
0,0.0052512717
1,0.07151469
1,-0.14885893
1,0.17721117
1,0.08717203
0,0.087209284
0,-0.004289495
1,0.33566535
1,-0.10094441
1,0.15561281
1,-0.26181504
1,0.21546906
1,0.28045577
0,0.037240446
1,0.009877343
1,0.114632845
1,0.11227598
1,-0.10922424
0,-0.07136415
0,0.06789899
1,0.03505891
1,0.10633222
1,0.19169863
0,0.004696927
1,-0.05777332
0,0.1085933
1,0.009906724
1,0.102722056
1,0.04284391
1,0.056765415
0,0.06540469
1,-0.030405063
0,0.043056995
1,0.06429115
1,-0.10249383
1,0.044856895
0,0.05604101
1,0.20291299
1,0.23588158
1,0.016976478
0,0.07217101
1,-0.11348736
0,-0.00646547
0,0.17562652
1,0.0039537717
1,0.03419202
0,0.08879071
0,-0.047493488
0,-0.03404408
1,0.03349302
1,0.2875294
1,0.47941387
1,0.27995622
0,-0.008636652
0,0.23398903
0,-0.14145826
1,0.06897119
0,0.18308367
1,0.2581368
1,0.1637868
1,0.25690714
1,0.22647019
0,0.04359989
0,-0.14370735
0,0.06891786
1,-0.05339481
0,0.014240615
1,0.0644596
1,0.05942843
0,-0.007449138
1,0.21771063
1,0.19795682
1,-0.037119776
1,0.14155108
1,0.0053443667
0,0.12127498
1,0.266078
0,0.18767898
0,-0.05369595
1,0.115115665
0,-0.0033859054
0,0.01970569
1,0.070898704
1,0.4072114
1,0.17881507
0,0.13527146
1,-0.34451634
0,0.15910359
0,-0.11974063
1,0.1882039
1,-0.15796016
1,0.056105006
0,-0.014533153
1,-0.044208672
0,0.13544396
0,-0.10167843
0,-0.015578829
0,-0.0054599517
0,0.15502758
0,-0.055763155
0,0.0644872
0,-0.046601
0,0.08189888
0,0.044044092
1,0.12428671
1,-0.10120374
0,-0.05932842
1,0.07985241
0,0.046531398
1,0.10295463
1,0.057475947
0,0.03987963
0,-0.017676981
1,0.20346332
1,0.22756791
1,0.24547978
1,0.129976
1,-0.01151573
0,0.14536822
0,-0.055859957
0,-0.059549004
1,0.24142946
1,0.053648308
1,-0.084040195
0,0.021199776
0,0.052203696
0,-0.13180248
0,0.08360584
0,-0.080377296
1,-0.018592242
1,0.35099238
0,0.13369475
0,-0.037953988
1,0.15198639
0,0.059162006
0,-0.12159846
1,0.051941473
0,-0.0038282042
1,0.241098
0,0.028242026
0,-0.029034723
0,-0.07710618
1,-0.29371953
0,0.12288647
0,0.16813383
0,-0.120068625
0,-0.015751332
1,-0.1346888
1,-0.2179591
0,-0.055486836
0,0.06632893
0,-0.031975653
1,0.12628731
1,0.34340206
1,0.1716779
0,0.042314395
1,-0.22905251
0,0.027051032
1,0.18889219
1,0.043440357
1,0.01877405
0,0.049377106
1,0.106601626
0,-0.032069936
0,-0.07598338
1,0.1120031
0,0.16146274
0,-0.14309967
0,0.08764213
1,0.40605313
0,-0.08181528
1,0.1706113
0,-0.07547171
0,0.07431276
0,-0.014199725
1,0.025066955
1,0.17689839
0,0.070749804
1,-0.08819969
0,-0.029197568
1,-0.1904877
0,0.01051588
1,-0.050099157
0,0.014421967
1,-0.08442671
0,0.020816637
0,0.076381914
1,0.15219367
1,-0.15365843
0,0.058097154
0,0.06438968
1,-0.030678552
0,0.04702676
0,-0.072645
0,-0.08013234
1,0.16917674
0,-0.09578713
1,0.2080122
1,-0.26376635
1,0.054978367
0,0.010640022
0,-0.046653345
0,-0.06919303
1,0.08553144
1,-0.0017410778
0,0.019129515
1,0.21611571
0,0.041167952
0,0.0024722181
0,-0.050237127
0,-0.037951965
0,-0.039532084
1,0.10085743
0,-0.03913816
0,-0.08897223
1,-0.022422403
1,0.09019851
0,-0.03184241
0,-0.072810516
0,-0.028070075
1,0.108020715
1,0.03356917
1,-0.20922396
0,0.008239479
1,-0.0073722787
1,0.4632734
1,-0.06255474
1,0.14307171
0,-0.107088916
0,-0.0064718556
1,-0.20059381
1,0.087708265
0,0.025905445
1,0.061575066
1,-0.009639546
0,0.08393511
1,0.16178565
1,0.01369657
1,-0.062297903
0,-0.001076607
1,-0.14814152
0,-0.06448063
0,0.01949847
1,0.015891599
0,0.048330903
1,0.14904033
0,-0.04265351
1,0.027741753
0,-0.09868581
1,0.09538087
1,-0.08483058
0,0.06218461
1,0.28952977
1,0.07449249
1,-0.1488444
1,-0.24912043
0,0.2669476
1,0.22143011
0,-0.014715306
1,0.1844333
1,-0.29268092
1,0.01526363
1,0.2810425
0,-0.0015371656
1,0.05635095
0,-0.10284872
1,-0.06353718
0,0.11389564
1,-0.019634329
1,0.29409805
1,0.023631733
0,0.0075205
1,0.21539137
0,0.044535212
0,-0.07667737
0,0.10298421
1,-0.13984889
0,-0.038299926
1,0.082962096
0,0.05405424
1,-0.0637116
1,0.1418902
1,-0.12879321
0,0.03100904
1,0.05686083
1,0.08091918
1,-0.13912624
0,0.14960864
1,0.13523446
0,0.063416965
0,-0.0042147026
0,0.051524155
1,-0.011686064
1,0.06300722
1,0.21147521
1,-0.05703019
0,-0.04945375
0,-0.07310497
0,0.13296837
0,0.14363445
1,0.04891552
1,-0.009350985
0,-0.04600663
1,-0.054594353
0,0.05870979
0,-0.0651412
0,-0.1300991
0,0.021488605
0,0.07272031
0,-0.14065295
1,0.12338693
1,-0.11356027
1,-0.010862028
1,0.17908187
1,0.21510135
1,0.12530604
0,0.03243415
1,0.03687985
0,0.012951147
0,-0.04335843
1,0.064184174
0,0.05778817
1,0.04058882
1,0.16540031
1,0.08260885
0,-0.15612872
0,-0.055606868
0,-0.13912903
0,-0.08745177
1,0.1122693
1,0.05646408
1,0.29999006
1,-0.07026694
0,0.09246816
0,0.17982891
1,0.10376755
1,0.28526628
0,0.09877801
0,0.03869035
1,0.15756527
0,-0.05485315
1,-0.08418109
1,-0.15502998
1,0.12309942
1,0.08982689
1,0.12101797
1,-0.035797715
0,-0.04139378
0,0.018543463
0,0.003981781
0,0.15200908
1,0.20747201
0,0.17794155
1,0.07882521
0,0.041045077
1,0.2518647
1,0.45994297
1,0.17436542
0,-0.0052534896
0,-0.05877635
0,-0.031978227
0,5.3117285e-05
1,0.15935804
0,-0.063600786
1,-0.13457064
0,0.0071727554
1,-0.1474999
0,0.07692219
0,0.015394728
1,-0.1985011
1,0.009643735
1,-0.25206435
1,0.156731
1,0.14121616
0,0.08220695
0,0.05924354
0,-0.100600615
1,0.23723626
1,-0.028759427
1,-0.031886965
0,-0.11652138
0,0.008033203
1,-0.20889153
0,-0.055956423
0,-0.016614936
1,-0.1831176
0,0.14423002
1,0.06260762
0,-0.019241601
0,-0.06911813
0,-0.08265646
0,0.012515785
0,-0.11369497
0,-0.09549969
0,0.018543543
1,0.07505883
1,0.15959445
1,0.07370238
1,0.066585064
0,0.0637452
1,-0.0566727
0,-0.09020475
1,0.30721274
0,-0.04233964
1,0.052263223
1,-0.303948
0,-0.027988223
0,-0.062247723
0,-0.049985833
0,0.13527368
1,-0.05510307
1,-0.13378365
0,0.08331839
0,0.057768088
1,-0.06333383
0,-0.049882423
1,0.102893606
0,-0.10846023
1,0.27580717
0,0.036797695
1,0.10920226
1,0.004335804
0,-0.0709593
0,0.08111611
0,0.010291567
1,-0.05641807
0,-0.036305852
1,-0.017874673
0,-0.028137945
0,-0.11083267
0,0.026202787
1,-0.054192
1,0.30586708
0,0.04183481
1,-0.148709
0,-0.039926156
1,0.29721737
1,0.19006471
1,0.026792163
1,0.08581495
1,0.0030609062
1,-0.04186338
0,-0.13794748
1,-0.29952115
0,0.034699947
1,0.05403502
0,-0.014927901
0,-0.13139313
0,-0.051474363
1,-0.03462419
0,0.07249187
0,-0.08360915
0,0.046215113
1,-0.09167074
1,0.09456456
0,0.30438328
1,0.20250939
0,0.023275075
1,0.14173077
0,-0.0056668743
0,-0.011866053
0,-0.0081078755
0,-0.0964233
0,-0.14541799
0,-0.019641971
0,0.17269315
1,0.25041604
0,-0.059092883
0,0.05237617
0,-0.027189545
0,-0.009808701
1,-0.30100507
0,0.1162432
0,-0.020924713
1,0.17577112
0,0.015431693
0,0.01496436
1,0.06393822
1,-0.06801435
0,-0.12012533
0,-0.09132775
1,0.09785372
0,0.013622409
0,-0.19883224
0,0.13366096
0,0.06181497
1,0.04601864
1,-0.0338673
1,0.1388776
0,0.11149465
1,0.028732985
0,-0.11926753
1,-0.108673565
0,0.20254135
0,0.03496147
0,-0.022362655
1,0.17902847
1,-0.16474493
1,0.030686803
0,0.03872316
1,-0.101474725
1,-0.12915209
1,-0.276903
0,-0.040777903
0,0.03613204
0,-0.021536706
1,0.04373622
0,-0.098290876
0,0.13916756
0,0.04757581
0,-0.025384258
0,0.03896164
1,-0.14297363
0,-0.036721528
1,-0.10920059
1,0.08348991
0,-0.07916527
0,0.2928452
0,0.0044290153
0,-0.093030915
0,-0.025347816
0,0.1867462
0,0.0840496
1,0.27219903
1,-0.18238984
1,-0.07115254
0,-0.05437175
0,-0.05825571
1,-0.11956053
1,-0.028854
0,-0.053563572
1,0.014447845
1,0.015814796
0,0.056993794
1,-0.052937157
0,-0.06288334
0,0.0027307747
1,0.001732707
1,-0.25543067
1,-0.16807579
0,-0.010330645
0,-0.006821245
0,-0.04577917
0,-0.027211327
1,0.34259233
0,0.03946835
0,-0.052130323
1,0.023670321
0,-0.13708578
0,0.036775373
0,-8.278992e-05
0,0.08606614
0,0.028121889
1,0.068899155
1,0.019702576
1,0.35334554
1,-0.04940796
0,0.26011023
0,0.07427363
0,-0.092729844
1,0.07305291
0,-0.05801909
0,-0.0066384864
0,0.07391446
0,-0.042982288
0,0.09145003
0,0.040474515
1,0.20626555
1,0.087512195
0,-0.0119330445
0,0.046668235
0,0.004489174
1,-0.048903394
0,-0.031145927
0,-0.0072654365
0,-0.02182655
1,0.10757356
1,-0.2825613
0,0.20307007
0,0.005770179
1,-0.09046478
1,0.09354133
1,-0.3075918
0,0.05631956
0,-0.1170165
0,0.0043469397
0,0.01617383
0,0.01240807
1,0.025385352
1,-0.031248763
1,0.08870441
0,-0.10645134
1,0.21040311
0,-0.12873214
0,-0.030203551
1,0.024100678
1,0.0016471483
1,0.014626437
0,0.022904336
1,0.22544384
1,-0.22710854
1,-0.016344588
0,-0.0817941
0,-0.05582215
1,-0.057821445
0,-0.045897797
0,0.07497317
0,0.06314348
0,-0.041723266
0,0.03769625
1,-0.09150734
1,-0.3784129
0,0.10334502
0,0.06426391
0,-0.070127435
1,0.0141756805
0,-0.066984765
0,-0.016025998
1,0.20175447
0,0.046388805
1,0.17434593
0,0.07706717
0,0.020196779
1,0.26934814
1,-0.08576703
1,0.03756059
0,-0.050571863
1,0.3671087
1,0.16316211
1,0.113762796
0,-0.090160005
1,-0.07896595
0,-0.10969954
0,0.14263047
1,0.19493222
0,0.08701951
0,-0.094636075
0,-0.12897784
0,-0.011310694
1,0.16379026
0,-0.06582797
1,0.016767124
1,0.25125924
1,0.11429779
0,0.14216599
0,-0.04183651
1,-0.20102802
0,-0.05705453
1,0.02083096
0,-0.025199395
1,-0.052130986
0,0.021183621
0,0.012494836
0,0.035926897
0,0.14633638
1,0.06286097
0,0.048073865
0,-0.11377305
1,-0.023993736
0,0.012657455
0,0.05235688
1,-0.03516953
1,0.0468278
1,-0.039439585
0,0.041315783
1,0.107216276
1,-0.4363963
0,0.05211489
0,0.05498633
0,0.006592498
1,-0.07756097
0,-0.049360525
0,0.041313305
1,0.0737196
1,-0.048222687
0,-0.08765314
1,0.1704452
1,-0.016170837
1,0.102670714
0,0.11145315
1,0.10142518
0,-0.077757806
0,-0.022531485
1,-0.23733543
0,0.13176139
0,0.00893936
0,0.046939056
0,-0.079445094
0,0.01693935
1,0.047496404
0,0.22684781
1,0.06519602
1,0.28683263
0,-0.10075615
1,0.1889609
1,-0.04206624
0,-0.028949087
1,0.052274875
1,0.05816823
0,0.060521103
1,0.021860374
0,0.16243708
0,0.0070446255
1,0.08942852
0,-0.2738172
1,0.12818444
0,0.10336242
0,0.12705623
1,0.1067223
0,-0.09995407
0,-0.07861457
1,0.14106597
1,0.17293163
1,0.12747422
1,-0.12874536
0,-0.03317346
0,-0.06640777
0,0.02831087
0,0.007600673
1,0.0074564107
0,-0.14356558
1,0.200165
1,-0.06506812
0,-0.030042876
1,-0.27827284
1,0.16209918
0,0.075381756
0,-0.07669245
1,0.14136083
1,0.3718223
0,0.01628978
0,-0.09686205
1,0.06431708
1,0.11553915
0,-0.030389534
1,0.2589486
0,-0.020734336
0,-0.007564761
0,-0.042685095
1,0.09279046
1,0.009196179
0,0.036627978
1,-0.053407256
0,-0.0987725
1,0.4144905
1,0.2651728
1,0.25019684
1,0.19088353
1,-0.049322203
0,-0.09450002
0,0.006786123
1,-0.0055716666
1,-0.036779474
1,-0.1832578
1,-0.011131747
0,0.04270566
1,-0.14376877
0,0.04375097
0,-0.058127947
1,-0.12486899
0,-0.059223924
0,0.09474444
0,0.015307533
1,-0.13272838
1,-0.06858698
0,-0.15127121
0,-0.07846653
0,0.0080189975
1,0.09237874
0,-0.0017993087
1,0.029457146
1,0.120188735
0,0.0022209992
0,0.023761597
0,-0.013471805
1,0.13093822
1,-0.10411149
0,-0.02299441
0,-0.102948874
1,-0.13513944
1,0.09989445
0,0.10000224
1,-0.03951269
1,0.3165392
1,0.110201426
0,-0.03986065
0,0.023473058
1,0.1892214
0,0.024664147
0,0.013086845
1,0.09545016
1,-0.16424558
1,0.0869987
1,-0.1286299
0,-0.13416724
0,-0.01690145
1,0.08543654
0,0.08712617
1,0.033396
1,-0.016528822
0,0.073688686
0,-0.04708095
1,-0.09546095
0,-0.21341608
0,-0.037820384
0,0.0030881045
0,-0.1052865
1,0.15539114
1,0.29639906
0,0.037791427
1,0.13463241
0,-0.0029034792
1,0.22009571
1,0.041210603
1,0.18449384
0,0.0037386445
0,0.043497168
1,0.18211481
1,0.07362561
0,-0.09458549
0,0.060954526
1,-0.19742127
0,0.09987582
0,-0.094699085
1,0.21292111
0,0.03355521
1,0.16825037
1,0.17154846
1,0.19170515
1,0.09149953
0,0.06534186
1,-0.01405211
0,-0.061967593
1,0.2135629
0,0.0363169
1,-0.2296342
1,0.08953119
0,0.0030148216
0,0.08679209
0,0.17954709
1,0.116237834
1,0.41295472
0,-0.09453404
1,-0.17786218
0,0.110550664
1,0.22210895
1,-0.1523123
0,-0.11434922
0,0.014519376
1,0.43493056
0,-0.016224515
0,0.12589532
1,0.23098011
1,0.26762366
1,0.27496287
1,0.11055648
0,-0.06761484
1,0.09777332
1,-0.13431457
1,0.2590701
0,0.099435605
1,0.01652487
0,0.018195465
0,-0.013725355
1,-0.3277713
0,0.12592682
0,-0.20343041
0,0.11962672
0,0.052523557
0,-0.08679441
0,0.07213744
1,-0.10427159
1,0.29131207
0,0.0050582737
1,-0.29116803
1,-0.056215163
1,0.35646525
0,-0.01450946
1,0.31088725
0,-0.01722151
1,0.0217125
1,-0.20487358
1,0.063184164
0,0.0410776
0,-0.10834496
1,-0.017865522
1,-0.33766013
1,-0.31577206
0,-0.09555724
1,0.02440191
0,0.013300514
1,-0.09772669
1,-0.020900333
1,0.111864865
0,-0.046869792
1,0.07225585
0,0.0024129031
0,-0.06825644
1,0.2815794
1,0.20454055
1,0.036536418
1,0.17131288
0,0.18221681
0,0.14403702
1,0.107657194
1,0.052940845
0,0.006464171
0,-0.10156271
0,0.0256635
0,-0.18033537
0,-0.07333686
1,0.11008796
1,-0.19969384
0,-0.030540828
1,0.15539455
0,-0.05157966
1,-0.006142323
0,0.16092092
0,0.03901083
1,-0.31540462
0,0.07415218
0,-0.022697557
0,0.010749649
1,-0.15746006
1,0.08837306
1,-0.24504623
1,-0.011816459
0,0.07646674
0,-0.07855933
0,-0.06285257
0,-0.0060248687
0,-0.011198832
1,-0.067039885
1,-0.082978785
0,-0.030912556
0,-0.13615318
1,0.21051767
1,0.19621626
1,-0.06395591
0,0.048778214
1,0.17481908
1,-0.025849074
1,-0.0018318733
1,0.19828972
0,-0.14583337
0,-0.037628103
1,-0.014672541
0,-0.05029755
1,-0.118319124
0,-0.049894907
0,-0.030822154
1,0.17133245
0,0.15971291
1,0.3123408
1,0.08429806
0,0.043006517
0,-0.07891628
1,0.18818307
0,0.0075431736
0,-0.038381994
0,0.23448406
1,0.068481974
0,0.026543194
0,-0.17243859
0,0.06851925
1,0.36765283
1,6.99634e-05
1,-0.018960638
0,-0.07045221
0,0.03687633
0,0.04001163
0,-0.10763273
1,-0.027352387
1,0.18845622
1,0.010922473
0,-0.0053718295
1,-0.008344704
0,0.0050969105
1,0.09737678
1,0.266662
1,-0.08076687
1,0.11692954
0,-0.07644847
0,0.010616427
0,-0.03260841
1,-0.22535238
1,0.29131767
1,-0.20190258
1,-0.019702697
1,0.043969825
0,-0.05622806
1,-0.035805564
1,-0.03546111
0,0.029898994
0,0.048745625
1,0.41744894
1,-0.06934812
1,0.020598393
0,0.026851319
1,0.33845884
0,0.22719201
1,0.104549564
1,0.1752365
1,0.17999573
1,0.3563913
1,0.13986014
0,-0.20721668
0,0.09493428
0,0.0088768415
1,-0.2372011
1,-0.24227342
0,-0.01619132
0,0.099626124
0,-0.04589102
0,0.006870193
1,0.028800227
1,-0.27644214
0,-0.13171494
1,-0.046891175
1,0.044565972
1,0.07965265
0,0.10620451
1,-0.044818882
0,-0.08352909
0,0.08160592
0,-9.129045e-05
1,0.10456041
1,0.24581307
1,0.20954715
1,0.076261505
0,0.111731835
1,0.2854801
0,0.00958415
1,0.25442436
0,0.053605072
0,0.027091801
1,0.16967978
1,-0.0073209517
0,0.075653635
1,-0.10773353
1,0.18581413
0,0.06052793
0,0.0239025
1,-0.07032732
0,0.013737984
0,-0.107382305
1,0.037358154
0,0.004146542
0,-0.03082535
0,0.13123742
1,0.01800585
0,-0.10389562
1,-0.12182054
0,0.06488407
0,-0.11492778
0,-0.06869386
1,-0.042298354
1,0.068141595
1,-0.03448854
1,-0.095154844
1,0.10747271
0,-0.08016693
0,0.09575821
0,-0.011586843
0,0.0424276
1,0.13757026
0,-0.012265069
1,-0.37967932
0,0.019621583
1,0.012275266
0,0.0281456
1,0.38022602
1,0.21687791
0,-0.025814613
1,-0.0032864008
1,0.13652788
0,0.15537363
0,-0.053977843
1,0.12646872
1,-0.24331099
0,-0.078560874
1,-0.15071209
0,-0.12105787
1,-0.012554206
1,0.030719891
1,-0.20726022
0,0.06599717
0,0.16192947
1,0.046913493
0,-0.0018399823
1,-0.19934984
1,0.12711573
0,-0.058219388
0,-0.02607305
1,-0.05857916
0,-0.107450984
1,-0.00033734413
0,-0.2508619
0,0.18103966
0,0.10326441
0,-0.0072007277
0,0.031018581
1,0.1486366
1,-0.11448235
0,0.053285945
1,0.28664446
0,0.08867026
1,0.08894584
1,-0.083192244
1,-0.033831723
1,0.39830092
1,0.0062509715
0,0.055056434
1,0.0098473085
0,-0.024781276
0,-0.12907806
0,-0.10897579
0,0.11302044
0,-0.04514855
0,0.109095916
0,0.005990955
1,0.16739815
1,-0.15787229
1,-0.026291825
1,0.028713806
1,0.042848494
0,0.13971657
1,-0.030891834
1,0.015129749
0,0.13670349
0,0.087117456
0,0.072746605
0,0.12666896
0,0.029976992
1,-0.30496296
1,-0.16670762
1,-0.21102715
1,0.123540714
1,-0.08069806
0,-0.017991442
0,0.12624735
0,-0.009494227
0,0.016943255
0,-0.09133144
1,0.21554504
0,-0.075423956
1,0.08862914
0,0.13880484
0,-0.022169806
0,-0.10092445
0,0.040773373
1,0.07609995
1,0.38625923
0,0.06814209
1,-0.056680888
1,-0.22919661
0,0.089616604
1,0.07454303
0,-0.095630035
0,0.066860706
0,-0.08387008
0,-0.09700328
1,0.15457855
0,0.007678408
0,0.16046944
0,-0.03537693
0,0.12877779
0,-0.06095732
0,0.08449363
1,0.3672211
1,0.16057669
1,-0.07106336
0,-0.04249862
0,0.015009496
1,0.0887548
0,-0.02991747
1,-0.11273179
0,0.038463414
1,-0.26231143
1,-0.0022038054
0,0.04090732
1,0.021823552
1,0.061595533
1,-0.10704939
1,0.027073124
1,-0.13480636
0,0.060030863
0,0.14127192
0,0.051781755
0,-0.04944288
1,0.17964518
1,0.14165078
1,-0.0011187792
1,0.24710345
0,-0.19323216
1,0.08425738
0,0.2039786
0,-0.18412331
1,-0.3002616
0,-0.0932008
1,0.02319371
1,0.019432893
0,0.04818516
1,-0.085550845
1,0.046041656
0,0.10138127
1,-0.10950514
1,-0.13818514
0,0.17127952
1,-0.13224658
0,0.010019494
1,-0.14703539
1,0.06558903
1,0.16451624
0,0.055393197
1,0.30304626
1,0.29910332
0,0.041831534
1,0.293971
0,0.07401069
0,-0.00054160133
1,0.08848651
1,-0.05456403
0,0.009523243
1,-0.018129045
1,0.12074044
0,0.11992938
1,0.02799204
1,0.15049957
0,0.019829076
0,0.18397078
0,0.05036604
1,0.015051139
0,0.17591248
0,-0.08096929
1,0.1914113
0,0.010038473
1,0.06818529
0,-0.026162835
1,0.15424618
1,0.13285217
1,-0.017009582
1,0.07983815
0,-0.10015196
0,-0.09578109
1,0.37826875
1,0.17907019
1,-0.015092695
0,-0.10064029
0,-0.06305748
1,0.0972105
1,-0.0593374
1,0.18448602
1,-0.050628334
0,0.03722901
1,0.15007575
0,0.057826508
0,-0.08609676
0,-0.04191056
1,-0.2503247
1,-0.00857188
1,0.30895415
1,0.3149548
1,0.007849494
1,0.14120093
1,-0.08375047
0,-0.07100785
0,0.09325331
1,-0.05906174
0,-0.007956563
0,0.07051055
0,0.0012196316
0,-0.037725378
0,-0.15404433
1,-0.0439453
1,0.4665288
1,0.16681388
0,-0.010849318
1,0.1903712
0,0.17858393
0,0.06546787
1,0.08419815
0,0.004891759
1,0.14338046
0,0.1001843
1,-0.013378726
1,-0.22207952
0,-0.09364162
0,-0.0014352724
1,-0.013044881
1,0.2895446
0,0.03710582
1,0.0038889705
0,-0.05792362
1,-0.43824548
0,0.19345523
0,0.11620164
0,0.10860599
1,0.15099134
1,-0.32414597
1,0.06910882
1,0.08400852
1,0.08873053
0,-0.01442197
0,-0.002921808
1,0.11817044
1,0.14292479
0,-0.001272717
1,-0.044470258
1,0.17175828
1,-0.11471853
0,-0.0882842
0,0.026824003
1,-0.12650625
1,0.15291381
0,0.011049388
1,0.1506769
1,0.10988075
0,0.020601097
1,0.023315374
1,-0.26651374
1,0.19456178
1,0.116299406
0,0.026343465
0,-0.046097517
1,-0.3027957
0,-0.025022548
0,0.010686989
0,-0.15635672
1,0.08514369
1,-0.060697455
1,0.14580576
1,0.21540275
0,0.016936038
0,-0.03967259
0,0.11784299
0,0.20223619
1,0.10239206
0,0.04201201
0,0.016384536
0,-0.03926266
0,-0.10397731
0,-0.18631096
0,0.07229032
0,-0.009864881
0,0.14543957
1,0.001494269
0,0.112551026
1,0.111298576
0,-0.046771735
0,0.003234882
1,0.00052079745
1,0.2696929
1,0.43858978
1,0.13493165
1,-0.064011864
1,0.23343359
0,-0.041802283
1,0.014414084
0,-0.07624745
1,0.07895451
0,0.14507689
0,-0.042460766
1,-0.030895418
0,-0.09313658
0,-0.093354836
1,0.028491158
1,0.15886123
0,-0.13698219
0,-0.03283467
1,-0.15993398
0,-0.07523841
0,0.12775737
0,-0.05400541
0,-0.09414073
1,0.27242866
1,-0.052520137
1,0.008801439
1,0.07053583
0,0.104997486
0,0.011761635
1,0.0006473195
0,-0.027532704
0,-0.15113117
0,-0.025296737
1,0.13752837
1,-0.014481911
1,-0.13745444
0,0.09314835
0,-0.02434055
0,-0.039622914
0,0.03096136
0,0.092252836
1,-0.113446265
0,-0.019290248
1,0.12836893
0,-0.04718265
1,0.014488972
0,-0.030707808
1,-0.037583474
0,0.04792411
1,0.049759917
1,0.07755147
1,0.16424294
1,0.038901035
0,0.09751278
0,-0.026682314
0,0.058636714
1,0.2982338
1,0.06612363
1,-0.020347496
1,0.08292713
1,0.08563086
0,-0.09087044
0,-0.022808896
0,0.05633146
1,0.21108998
1,0.11031484
0,0.060223583
0,0.024093058
1,-0.2448507
1,0.066110946
0,-0.10609767
1,0.1518004
1,-0.068727106
1,-0.036732998
0,0.11568058
1,-0.25586075
1,0.12336318
1,-0.1180045
0,0.06434796
1,0.042322095
0,0.14239687
1,-0.052820105
0,0.020690918
1,-0.20694311
0,0.040644016
1,-0.010117263
1,0.024409322
1,0.018149085
1,-0.016346801
0,-0.06033671
1,-0.023808826
0,-0.07800183
0,0.008333555
1,0.20789772
0,-0.014770475
0,0.018707298
0,0.08268193
0,0.17899615
0,0.13992463
1,0.27754387
1,-0.055724125
1,-0.115910195
1,0.4213908
1,0.06377084
0,0.031262085
0,0.08382343
0,-0.025111545
1,-0.009039798
1,-0.13447763
1,0.1714847
1,0.20410034
1,-0.03306056
1,-0.18667768
1,0.39367837
0,-0.11018682
0,0.09805646
1,-0.019921467
1,0.036992464
1,0.35829958
1,-0.012970854
0,-0.014952499
1,-0.22041896
0,-0.10276326
0,-0.04108765
0,-0.025186129
1,0.076815434
1,0.055295885
0,0.10312452
1,-0.061660424
0,-0.040236447
1,0.057940956
0,0.016740508
0,-0.030543096
1,-0.018454297
1,-0.18249992
0,0.017738262
1,0.052989338
0,0.17085265
0,0.13770331
1,0.06831794
1,0.19602706
1,0.16222933
0,-0.1570797
0,-0.13452666
1,0.039062038
1,0.061780892
1,0.23399608
0,0.09925976
1,0.04172509
0,0.090349585
0,0.17572635
1,0.04175327
1,-0.18142356
0,-0.055617835
0,0.014218695
1,0.27973917
1,0.010339205
1,0.15952586
1,-0.113593295
0,0.1462694
1,-0.07847278
0,-0.06798737
1,0.28377873
0,0.20562255
0,0.0010386342
0,-0.10811053
0,0.049813002
0,0.015819388
0,-0.10593532
0,0.05475648
1,0.068320476
1,0.08551456
1,0.1619143
0,-0.023257751
0,0.07048419
1,0.025747398
1,0.10792396
0,0.060900193
1,0.06264033
0,0.11856748
0,0.032910604
1,-0.0141903795
0,-0.020623492
0,0.004271744
0,-0.016643535
1,0.10830784
0,-0.058756195
0,-0.09240675
1,-0.05265797
0,0.01053894
0,-0.10984357
1,-0.18202335
0,0.0072912797
1,0.14505705
0,-0.09527938
0,0.100716814
0,0.072499946
0,0.0075917626
1,-0.19140653
1,0.10437
1,0.30208635
1,0.00014443742
1,-0.005196886
1,-0.21009602
1,-0.14499554
0,0.14586824
0,0.15024072
1,-0.1254435
0,0.022835173
0,0.012774363
0,0.057201747
1,-0.18069685
0,-0.03717829
0,-0.06702422
1,0.1977714
0,-0.0077739935
0,-0.03847436
1,-0.011407972
1,-0.14630961
0,0.20442402
0,-0.011292824
1,0.040584955
0,0.06545629
1,0.009173652
0,0.023097586
1,-0.012794008
1,0.10501896
1,-0.08874616
0,0.035172522
0,0.051081453
0,0.079307854
1,0.08581005
1,-0.16920583
1,-0.08358003
1,-0.06427145
0,-0.025933262
1,-0.17385077
1,0.027855452
0,0.23161826
1,-0.17583404
0,0.0477418
0,0.022299225
0,-0.015158152
1,-0.0304256
0,0.061868478
0,-0.01144373
1,0.17492743
0,0.040077467
0,-0.031058718
0,-0.089701824
0,0.0035124575
1,-0.14343685
0,-0.031655405
0,0.039726257
1,0.013566952
1,0.11206783
0,0.021085624
0,-0.08634661
1,0.059346534
1,-0.00034273928
1,0.09831008
0,-0.026145197
0,-0.07253397
0,0.14744514
1,-0.042415462
1,0.23244634
0,0.09396834
1,0.041919544
0,0.09107182
1,0.02690401
0,-0.06695376
1,0.14067902
0,0.06934465
0,0.13539079
1,0.06984076
0,0.06954728
0,-0.055222984
1,-0.13952595
0,0.040376943
1,0.1736506
0,-0.018616417
1,0.22411099
0,-0.13153487
0,-0.064881355
1,0.43633944
1,0.0025392869
0,0.12885186
1,-0.038023286
1,0.079083815
0,-0.034867156
0,-0.039539844
0,-0.015550859
0,0.016512543
0,0.08672266
0,-0.020417057
0,0.018772865
0,0.13276891
0,-0.12697776
0,0.10297029
1,0.20027605
0,-0.045169678
0,-0.04035067
1,-0.020344688
0,0.041267198
1,-0.050976153
1,-0.275288
0,-0.03993831
0,-0.14334768
1,0.081427544
0,-0.03016468
1,-0.04628355
1,-0.04773811
0,0.12892058
0,0.00821221
1,0.10875332
1,-0.08331878
1,-0.08890587
1,-0.12618947
0,-0.021355048
1,0.2852752
0,-0.07204491
0,-0.10320058
0,-0.04800168
1,0.12826537
1,0.007983053
0,-0.037785027
1,-0.2488328
1,-0.112907894
0,0.01356455
0,0.04534717
0,-0.13103123
0,0.17557387
1,0.08356162
0,0.05449199
0,-0.07480275
1,-0.11401435
0,0.13221267
0,0.002611422
1,-0.23574723
0,-0.16941322
0,0.12045609
0,-0.053260848
0,0.00027217716
1,0.24404404
1,-0.055920072
1,0.07340406
0,0.08160899
0,-0.098558694
1,0.18429919
1,-0.3539719
0,-0.0031642271
0,-0.14672408
1,0.27847987
0,0.107083336
1,0.1684688
1,0.060574707
1,-0.1924009
0,0.11389416
1,0.30153832
1,0.51165885
1,0.21443114
0,-0.08110241
0,-0.08455407
1,-0.16432953
0,-0.026248107
1,-0.096249424
1,0.010390617
0,-0.053696282
0,-0.029295906
1,-0.034382273
0,0.018792314
1,-0.19575658
0,0.047164172
0,-0.10597783
0,0.015639931
0,0.14042094
0,-0.099143595
0,-0.016131356
0,0.03603369
0,0.04650163
0,0.038697563
1,0.07717879
0,-0.030040331
1,-0.18400827
1,0.057803925
1,0.12302446
0,0.11489383
0,0.01330406
0,-0.105999134
0,-0.08708569
1,0.011079574
0,-0.0880358
0,-0.009965979
1,0.20693263
0,0.12893952
1,0.4117988
1,0.07193334
0,-0.03534116
1,-0.01785979
0,-0.0026643767
0,0.021320052
0,-0.025179889
1,0.1770063
1,0.0008277688
1,-0.013842247
1,0.35549995
0,-0.17684256
0,-0.020104883
0,0.3005176
1,-0.06805027
0,-0.0278541
0,-0.11215717
0,-0.06437052
0,-0.024999788
0,0.12028071
0,-0.0428314
1,0.22430404
0,0.025664762
0,-0.04255287
1,0.11661394
0,0.05752044
1,0.26234558
1,0.33591902
1,0.2241558
0,-0.097811386
0,-0.046338096
1,0.30838177
1,-0.084677294
1,0.3480488
1,-0.011392988
0,-0.027434792
1,0.21026148
1,0.13005355
1,0.01739744
0,-0.04751163
1,-0.06802381
1,0.25612572
0,-0.026801579
0,0.05008301
0,-0.08328302
0,0.076878205
0,-0.039055653
1,0.091970004
0,-0.03891244
1,-0.19656229
1,0.04041369
1,0.07876887
1,0.21793404
0,0.24472396
0,0.07214235
0,0.053178076
1,0.17497519
0,-0.09408031
1,-0.05006308
0,-0.060971476
0,-1.4400575e-05
0,-0.064817905
0,-0.043371104
1,-0.117670454
1,-0.09424016
1,-0.034388088
0,0.114195466
1,-0.026846098
1,-0.07079587
1,0.32867897
0,-0.087169565
0,0.025603587
0,-0.009108764
0,0.064082466
0,-0.0041179345
0,0.18558459
0,-0.020767625
1,-0.040807478
0,0.035694376
0,0.08477685
0,0.04168461
1,-0.023804411
0,-0.022900501
1,-0.21538445
1,-0.05968183
0,0.0004610233
0,-0.025266416
1,0.092222765
1,-0.09610249
1,0.3794893
0,-0.070614085
1,0.2038972
1,0.23338571
0,-0.033871796
0,-0.008007768
1,0.033362653
0,-0.08435836
1,-0.18307903
1,0.05247309
1,-0.23931555
0,0.11839585
0,-0.09168506
1,-0.09271075
1,0.12727773
1,0.073208846
1,-0.074626096
1,0.08667411
1,-0.18286256
1,0.1465408
0,4.3507665e-05
1,0.04548448
1,0.024830502
1,0.34769383
1,0.2627099
0,-0.17490557
1,0.09375827
0,0.025660068
0,-0.020173762
0,0.101477966
1,0.20932655
1,-0.08848904
1,0.042265594
1,0.24434766
1,-0.10633206
0,-0.08903948
0,-0.14054966
0,0.19648734
1,0.09539389
1,-0.03554174
1,0.047360025
1,0.20264414
1,-0.12731181
0,0.1021324
1,0.24810082
0,0.01674146
0,-0.04791628
1,0.18594703
0,0.006738128
1,-0.3954815
0,-0.0006495011
0,0.037871845
0,0.019172322
0,-0.108767904
0,0.06451103
1,0.19556336
0,0.038114373
0,0.12149698
1,-0.031053234
0,-0.06522097
0,-0.07027546
1,-0.10960528
0,0.09990538
1,0.06505717
1,0.2653794
0,0.011481679
1,0.33733195
0,0.03505059
0,-0.024921462
1,0.034333166
1,-0.12242275
1,0.18303318
0,-0.042985283
0,-0.027595736
0,0.0498618
0,-0.02696653
0,-0.01013793
0,-0.21850768
0,0.0672616
0,0.009398692
0,0.0071522295
0,-0.0014386419
0,0.18681918
0,0.0050916225
1,-0.41265753
0,0.1664561
1,0.22098903
0,-0.021617997
1,-0.03297609
0,0.024863534
0,0.06725257
1,0.15421614
1,-0.036910735
1,-0.084408395
0,-0.13721746
0,0.027194127
0,0.11027876
1,0.12113931
0,-0.05398676
0,0.051696524
0,0.024643948
0,-0.20602147
0,0.042595316
0,-0.0097818235
0,-0.06557565
1,-0.20442651
0,0.045652684
0,-0.05572835
0,-0.016028456
1,0.5494664
0,-0.12184888
0,0.03536197
1,0.13378307
0,-0.147891
1,0.4248359
1,0.14578953
1,0.005479263
1,-0.0152798705
1,0.08895889
0,0.08905495
1,0.07397881
1,0.006310827
0,-0.10209026
1,-0.032351658
0,-0.06911584
1,0.14044799
0,-0.029012594
0,0.035404418
0,-0.039109048
0,-0.032478776
0,0.07965836
1,0.08171374
0,0.012717366
1,0.039151497
0,-0.13109525
0,0.009522457
1,0.08293018
1,-0.12881353
0,-0.0021774936
1,0.097416006
1,0.16412021
0,0.09103599
0,0.14385755
1,0.07087156
0,-0.04572088
0,0.06873131
1,0.024699148
1,-0.1516714
0,-0.11058903
0,0.045113526
0,-0.17993782
1,0.05300207
1,-0.14112224
1,-0.009472718
1,0.14789064
1,0.01551498
1,-0.07078152
1,0.26715592
1,-0.036878865
1,-0.029742975
0,-0.057240155
0,-0.010149884
0,0.016078599
0,-0.047616966
0,0.065609284
0,-0.038099
1,-0.09176404
1,0.26574326
1,0.009186842
1,0.19625778
1,0.011303987
0,0.12653548
1,-0.054332584
0,0.0911558
1,-0.1711935
1,0.107712954
0,0.003990101
1,-0.08854822
0,-0.0240218
1,0.07597595
1,0.17461412
1,0.018049523
1,0.116085306
1,0.24911833
0,0.12186078
0,-0.28776163
0,0.0066659553
0,0.008738044
0,-0.04270214
0,0.03324461
1,0.16495329
0,-0.073791884
0,-0.018381806
0,-0.0048476197
0,0.058051113
0,-0.054164056
0,-0.07739823
1,0.10324758
0,-0.05981131
0,-0.053870104
0,-0.07874992
0,-0.018114267
0,-0.054217137
0,-0.009182584
0,0.02111203
1,-0.052332334
0,0.008123968
1,0.22984491
1,-0.1545625
1,0.054669306
1,-0.03085807
1,0.079071425
1,0.06779343
0,0.006775439
1,0.037436537
1,0.10613524
1,0.111883596
1,0.2030278
0,-0.04182355
1,0.036743846
1,0.3231149
0,0.06311107
0,-0.034504298
1,0.37230545
1,0.1342009
0,-0.027384553
0,-0.12810576
1,0.25121343
0,0.06655439
0,-0.038881898
0,-0.06111166
1,0.05020181
1,-0.185438
1,0.00850348
1,0.25614548
1,-0.035352144
0,0.024476012
1,0.023872407
0,0.013961857
0,0.111655764
1,-0.11267653
1,0.155717
1,-0.110008165
1,0.048950654
0,-0.063773185
1,-0.035847545
1,0.098240554
0,0.1278513
0,-0.0021208636
0,-0.029859517
1,0.2250047
0,-0.12697642
1,0.08999667
0,0.0042263535
0,-0.07044578
1,0.22566557
1,0.00945539
0,0.040975276
1,-0.22092885
1,0.10573962
1,0.170227
1,0.034195796
1,-0.1263457
0,-0.0036873627
1,0.25857893
1,0.29333523
1,0.09283401
0,0.044491895
0,-0.06097963
1,0.19190088
1,0.05362774
1,0.4169198
1,-0.23105648
0,0.07864957
0,-0.14008285
0,0.025834758
0,0.052301608
1,0.012961037
1,0.123168886
1,-0.17508963
1,0.007491965
0,-0.026691608
0,0.054975174
0,0.13644831
0,0.08838705
0,0.055561423
0,0.08692533
0,-0.013243389
0,0.022862233
0,-0.0034259977
1,0.040372565
0,0.003578159
1,-0.0085465545
0,-0.015397752
0,-0.10631375
1,0.2044262
0,0.12122664
0,-0.014434921
1,-0.08433244
1,0.014314885
0,0.040094107
0,-0.16498736
0,-0.0054702936
0,0.16414869
1,-0.05824563
1,0.18362272
0,0.03779429
0,0.06715919
1,-0.17609333
1,0.2507075
1,0.019782685
1,-0.05389955
0,-0.056779094
1,0.018947337
1,0.13651623
0,-0.053927332
1,0.02941699
0,-0.01656019
1,0.12816092
0,-0.009721717
1,0.10675524
0,0.10702531
0,-0.03261812
0,0.096195035
0,-0.012397941
0,0.061095264
1,0.3778988
1,0.2455234
1,-0.08621666
1,-0.04524563
0,0.0020462112
0,0.06273833
0,-0.040144183
0,-0.10726374
1,0.002474688
1,0.20359324
1,0.101862565
1,-0.07975689
0,0.06316264
0,-0.0057815863
1,0.1440067
1,0.01619734
1,0.3830556
0,0.020129455
0,0.09141956
0,-0.049439367
1,-0.2934176
1,-0.03918323
0,-0.13961145
1,0.021454113
0,-0.11829119
1,-0.20947614
0,-0.029987296
0,-0.08921485
0,-0.11407562
0,-0.048476517
1,0.056403607
0,-0.051817525
0,0.12788704
0,0.022541596
1,-0.022033447
0,-0.07905519
1,-0.07622675
1,-0.030740753
0,0.00615945
0,-0.074420735
0,0.07950231
1,-0.07044821
0,0.042638034
1,0.2502516
1,0.058901597
1,0.19674072
0,0.0082378555
1,0.14696941
0,0.05493202
0,-0.07954918
1,0.0815068
1,-0.079856835
0,0.06972486
1,0.0952197
1,0.09601882
0,0.05238145
0,-0.029957097
1,0.3129435
1,-0.12520231
0,-0.0023574224
0,0.07450459
0,-0.07408477
0,-0.07362759
0,-0.095637105
0,0.048962373
1,-0.04653009
1,0.29365805
1,0.19181694
1,-0.20361711
0,-0.14563161
1,0.18669614
1,-0.050481547
0,-0.1157076
1,-0.24506447
1,0.01679101
1,0.06273264
1,-0.16762826
1,0.25071087
0,0.07017505
1,0.105732806
0,0.0005751762
0,0.086982004
1,0.13869561
1,-0.10483904
0,-0.06693862
1,0.09263234
1,0.07507451
0,-0.014445093
0,-0.008027566
1,0.058712475
1,0.06826273
0,0.0010600644
1,0.1310989
1,-0.2884385
0,0.21714818
0,-0.036046963
0,0.008007294
0,0.21272531
0,-0.024858544
1,0.17036799
0,-0.07059977
0,0.11400006
0,0.064705096
1,0.20451716
1,0.084063835
0,-0.019369362
1,-0.21904086
0,-0.012730612
1,-0.2215969
0,0.076006584
1,-0.01942499
0,-0.03041983
0,-0.016537234
1,-0.21195093
1,-0.13913408
1,0.19431461
1,-0.18655472
1,0.02781168
1,0.30668813
0,-0.025274143
1,0.13176388
1,0.04940772
1,0.18278801
0,0.064776696
0,-0.08966334
1,-0.011204544
0,0.16193391
0,0.027623408
0,0.11428971
0,0.016641451
0,0.09403358
1,0.04749555
1,0.14424227
1,0.24167514
0,0.054462817
0,0.15090021
0,0.0067682657
1,0.0015407354
1,0.18923217
1,0.14045268
1,0.031707495
0,0.15514922
1,0.091030024
0,-0.13594727
0,-0.02911255
1,0.15745188
0,0.0049944073
0,0.061031
1,0.2959886
0,-0.028798962
1,0.18696116
1,0.065036215
1,-0.1785978
0,0.05961306
1,0.012452812
0,0.17421637
0,0.1269112
0,-0.03908915
1,-0.0011353139
1,-0.0041616047
0,-0.109821066
1,0.0698891
1,0.18954591
1,-0.08225428
0,0.12232889
0,0.1019716
1,0.15560795
0,0.16155544
0,-0.04033815
1,-0.017718725
0,0.027165066
1,0.3279622
0,0.007919008
0,0.0675744
0,0.17185408
1,-0.13302633
1,-0.13254805
0,-0.029111002
1,0.38136488
0,0.0810448
1,0.23278968
1,-0.06117317
1,0.24508058
0,0.16743201
0,-0.050786097
0,0.09268965
1,0.07803474
1,0.09165563
1,0.11095801
0,-0.040181227
0,0.03603841
1,-0.017165901
1,0.22944966
1,0.26175407
1,0.08224413
1,0.12725602
0,0.12814592
0,-0.045118198
0,-0.049890246
0,-0.119882464
0,0.11823882
1,0.12827508
1,0.33847833
0,0.07225934
0,-0.028223993
1,0.021332659
0,0.00638267
0,-0.038508285
0,0.17810816
1,-0.14382951
0,-0.0041641095
0,0.07048854
0,-0.073424436
1,-0.11852142
0,0.097039156
1,0.04620018
1,0.27133906
1,0.066988304
0,-0.13876618
0,0.06930941
0,0.11211374
1,-0.067957975
1,0.40066564
0,-0.06132772
1,-0.015670171
0,0.03752617
0,-0.07057818
0,0.001255206
0,0.077739514
0,-0.21011227
1,-0.20202067
0,-0.010568121
1,-0.011996753
0,0.07962989
1,-0.1036371
1,-0.04777783
0,0.12999713
1,0.059398584
1,-0.3483014
0,-0.081773154
0,-0.117244706
0,-0.032213543
1,0.2208559
0,-0.10508903
0,0.03726388
1,0.0479782
0,-0.09552385
0,0.09341554
0,0.095938616
0,-0.12644266
1,0.029999036
1,0.110232264
0,-0.04282524
1,0.120930105
0,0.13867573
1,0.006371453
0,0.075071946
1,0.028430762
0,0.094031595
0,0.075365394
1,0.13420881
1,-0.010021698
0,0.024191283
1,-0.045462675
1,0.036902364
0,0.066080704
1,-0.07600252
1,-0.09115661
0,0.13260898
1,-0.080505125
0,-0.15966277
0,0.04135629
0,-0.11709352
1,0.14399086
1,-0.06754212
0,-0.19110098
0,-0.03905825
0,0.022518769
1,0.10909063
1,-0.06676571
0,-0.017001685
1,0.009386476
1,0.005012177
1,0.1574679
0,-0.08444238
0,0.08711042
0,0.049288142
0,-0.060621865
1,0.14311416
1,-0.010612372
1,0.21936715
1,-0.054772258
1,0.024753258
1,-0.1755187
1,0.10774018
0,0.004058264
0,0.053478986
1,0.09457057
0,0.16074474
0,-0.037711974
1,0.03824958
0,0.028228048
1,-0.24429184
1,0.06891067
0,-0.2515773
1,0.1868833
0,-0.07454387
0,-0.09629824
1,0.13562965
0,0.030368133
0,0.012573329
0,0.025510276
1,-0.18229504
1,-0.056485903
1,0.069922425
1,-0.10303068
1,-0.07342457
0,0.07355093
1,0.044062108
1,-0.037970323
1,-0.23510104
0,0.01850145
1,0.14892426
0,-0.06428212
1,0.28075752
0,-0.08938566
1,-0.12637645
0,-0.015516147
1,0.07392651
0,0.03286582
0,0.004644051
1,0.09382427
0,0.018671436
0,0.05450575
1,0.2661112
1,0.056225274
0,0.056310374
1,0.0024858955
0,-0.11549298
1,-0.25546816
0,0.0761975
0,0.05275237
1,-0.059507072
1,-0.050927456
1,0.029622821
1,0.03385757
1,0.3143636
1,0.10908555
0,-0.07645788
0,0.0539966
1,0.13869765
0,0.08961904
1,0.108300254
1,0.07775909
0,0.13671356
0,-0.022664815
0,-0.1293574
0,-0.18998772
1,0.22349545
0,-0.18236823
0,-0.03452556
0,-0.14447397
0,-0.014009024
1,-0.060232986
1,0.034658022
0,-0.009521717
0,0.011321796
1,0.12207405
0,-0.062698185
0,-0.08020321
0,-0.009072516
1,0.18025503
1,-0.061648138
0,0.06285604
1,-0.2019996
0,0.07439422
0,0.0568425
0,0.048105203
0,-0.08487735
1,0.2632924
1,0.103043556
0,-0.045263026
1,-0.19587573
1,0.17184998
0,-0.0124987485
0,0.15553038
1,0.00018965267
1,-0.03090765
0,0.055039033
1,0.26859564
1,0.054469656
0,-0.060350996
0,0.03579399
0,-0.15188265
0,0.20878509
0,-0.030022942
1,0.100104496
0,-0.029128827
0,0.027972126
1,0.2619772
0,0.04808177
1,0.18453017
0,0.05908611
1,-0.10129224
1,-0.089044414
0,-0.014350708
0,0.060283437
1,-0.16256087
0,-0.0667468
1,0.06335343
1,0.14219148
0,0.13403326
0,0.15076272
0,-0.12843886
0,-0.0768898
1,-0.051337987
1,0.13166049
0,-0.05830294
1,0.23338921
1,0.13419184
0,0.024495864
1,0.17153233
0,0.019680021
1,-0.09276039
0,0.027403725
0,0.1554297
0,0.002338525
1,-0.16700019
0,-0.050751805
0,0.07959603
1,-0.026250118
1,0.018003874
1,0.09017961
1,-0.25299904
0,0.05062192
1,0.2760138
1,0.030964727
1,0.170953
0,-0.10621776
0,0.07209735
0,0.032966305
1,0.18268031
1,0.16192384
0,0.04246075
0,0.113645256
0,0.023812842
0,0.08973886
1,0.26505688
0,-0.08930095
1,-0.1626176
0,-0.047334842
0,0.0679216
0,0.03127442
1,-0.2291159
1,-0.035458904
0,0.010475518
1,0.26017022
0,0.1980593
1,0.3325107
1,0.020479418
0,-0.13523388
1,0.14761242
1,-0.020165743
1,0.037066936
0,0.06392613
1,0.18532027
1,0.20778677
0,0.022836184
1,0.041967668
0,0.047125395
1,0.022931946
0,0.09757023
1,-0.06303877
1,-0.15223846
0,0.21835823
0,-0.025880156
1,-0.0041942634
0,-0.057806104
0,-0.12710294
1,0.1344987
1,0.16792776
1,-0.2854959
0,-0.08678381
1,-0.06868216
1,-0.07830573
0,0.117932
1,0.030909806
1,-0.14365402
1,0.056012817
1,-0.2565395
1,0.44726068
1,-0.036942966
0,0.008007496
1,-0.018175913
1,0.012383731
1,0.20421222
1,0.086187474
1,0.17073739
1,-0.17399299
1,-0.24311517
1,-0.03714978
1,-0.05429993
0,-0.071054235
1,0.0035752524
1,0.14948307
1,0.03384043
0,0.059040826
1,0.13842441
1,-0.08039838
0,0.075913616
1,0.05378118
0,0.14991745
1,-0.057547174
1,-0.24591678
0,0.064169824
0,-0.05011379
0,-0.04303067
1,-0.043066688
0,-0.00811592
1,-0.12646058
0,-0.05896154
0,-0.046354644
0,-0.049621902
0,-0.08284445
0,-0.071996935
0,0.057189867
0,-0.06530191
0,0.07878636
1,0.09950845
0,-0.018464193
0,0.016647939
1,-0.15045923
0,-0.01638643
1,0.1110063
0,0.05952379
1,-0.18526934
1,-0.34392858
0,0.0073935483
0,0.065786645
1,-0.17688781
0,-0.027493529
0,-0.20419005
0,0.025724035
0,0.0840566
1,-0.23409948
1,-0.07762312
0,0.059181314
1,0.14279751
1,-0.13128056
0,-0.06527452
1,-0.016353032
0,-0.039095487
1,0.03093853
1,0.22575712
1,0.2930708
1,-0.12588634
1,-0.04965257
1,-0.09441904
1,0.0780092
0,-0.1040882
0,0.16973734
0,0.09390865
0,0.098957494
1,0.10190308
1,0.0041321395
1,-0.08085433
0,-0.05615805
1,0.007158305
0,0.06260222
1,0.075936414
1,0.04661403
0,-0.0073308423
0,0.0069196373
0,0.0047470257
1,-0.27659324
0,0.05785458
1,0.18893236
0,-0.029907286
0,0.091642275
0,0.008799091
1,-0.2341588
1,0.07431717
0,-0.02019618
0,0.028702471
1,-0.070405394
1,0.018012626
0,-0.016125565
0,0.13380155
1,-0.07465403
1,0.1719875
1,-0.016126886
1,-0.13638252
1,0.24163692
0,-0.021871928
1,-0.107240275
1,0.05780918
1,0.089297324
1,-0.1561516
1,-0.27872986
1,0.35265175
1,0.2642158
1,-0.2902699
1,0.02451763
1,-0.24256755
1,0.019984037
1,0.19343913
0,-0.04429543
1,0.13717851
1,0.08050303
0,-0.08611098
1,0.27772915
1,0.3399036
0,0.059845883
0,0.15513638
1,0.23020184
1,0.087186165
0,-0.015766557
1,0.25827444
0,0.1624661
0,0.09732811
1,0.3264591
1,-0.055009264
1,0.35295346
0,0.05908173
1,0.24771431
1,0.31156603
0,0.04615935
0,-0.07313185
1,-0.09095818
1,-0.14368275
0,0.03612356
0,-0.05244304
1,-0.0046121245
1,-0.112899646
1,0.13122874
0,-0.042818904
1,0.035415184
1,-0.027839668
0,0.079549775
0,0.035633072
0,-0.02446723
1,0.034135338
1,0.021746822
0,-0.042188708
0,-0.015116952
0,0.03600589
0,0.027769305
0,-0.26711917
1,0.11566209
1,0.009593565
0,-0.14423949
1,0.044914186
0,0.0391737
1,-0.089381866
1,-0.23817323
1,0.23430079
0,-0.10189692
1,0.18792842
1,0.002537503
0,0.0442274
0,0.06383686
1,-0.2846162
0,0.2072235
1,0.27242067
1,-0.046158083
1,-0.021302037
0,-0.041556448
1,-0.06141201
0,0.07043787
1,-0.03850079
0,-0.08859134
1,-0.13864435
0,0.092110775
1,0.17168033
1,-0.08372447
1,-0.047812887
0,0.032807194
1,0.050051067
1,0.12706274
1,0.3991338
0,0.024750654
0,0.03432659
0,-0.04965253
0,-0.0213844
0,-0.017023958
1,0.016048227
0,0.055034123
0,0.2347128
0,0.0020552343
0,-0.07255813
0,-0.07741757
0,0.08242558
0,0.04537183
1,0.29851612
1,0.08008167
1,0.06275823
0,-0.028122267
0,0.0017940777
1,-0.14059827
0,-0.04207278
1,-0.13774706
1,0.087492555
0,0.026815865
1,0.20348975
0,0.054050434
1,0.105152816
0,0.09402314
0,0.015932554
0,0.054047357
0,0.0061610225
0,-0.020434396
0,-0.05382308
0,-0.22206171
0,-0.094691
0,-0.00981712
0,0.07864606
0,-0.013084969
1,0.01651367
1,0.08756076
1,-0.0074307057
1,-0.0037695104
0,-0.000112791546
1,0.03243818
0,-0.04086209
1,0.117574126
1,-0.02794622
0,0.19257008
1,0.18941964
0,-0.023224771
0,0.0817025
1,0.04342052
1,0.19433464
0,0.04399054
1,0.18380164
1,0.21656162
1,0.112133816
0,0.057970796
1,-0.15495628
1,-0.021071238
1,-0.05008166
1,-0.31147093
0,0.043653347
0,0.044154476
1,-0.026100127
1,0.15933889
0,0.090693675
0,0.004557303
0,0.065312706
1,0.045144297
1,0.09559481
1,-0.027911045
0,-0.14278208
0,0.0872748
1,-0.10487112
0,0.07682722
0,-0.03968488
1,0.026538994
1,-0.38442832
0,0.02790484
1,-0.24970597
0,0.0090758335
1,-0.05933759
1,-0.15906116
0,-0.119133875
0,0.0106405
0,0.03608474
1,0.14889747
1,0.016299773
1,-0.17407341
0,-0.1247933
1,0.20968163
0,0.055717204
1,0.3941622
1,-0.05397248
0,-0.02402488
0,0.3357918
1,0.16692983
1,-0.2212952
1,0.021585876
0,0.11214243
0,0.060512926
1,0.023343591
0,0.2559596
0,-0.09945724
0,0.056549583
1,-0.17713767
1,0.017740944
0,0.035583176
0,0.071300946
1,0.08760982
0,-0.08547422
1,-0.004457253
0,-0.01944189
0,0.085939825
1,0.23570992
1,0.25702453
1,0.09125108
0,0.032422356
1,0.11681435
0,0.15161934
0,0.089103036
1,-0.09198946
1,-0.18891466
1,0.05779662
1,0.041510724
1,0.17390276
0,0.14237714
1,0.09502424
0,-0.097858615
0,-0.07268782
1,-0.33320773
0,-0.0025320672
1,0.0485663
1,0.10425286
1,-0.0015932368
1,-0.31196058
0,0.043810897
0,0.22685054
1,0.025039472
0,-0.03856613
1,0.15172528
0,0.008676216
1,0.025377851
1,-0.15334369
1,0.1440842
1,0.06958498
1,0.10110322
1,-0.41415152
1,-0.13181365
1,-0.09818353
1,-0.007008015
0,0.0066521955
0,0.06784373
1,-0.049113985
0,-0.045604467
0,-0.018312123
1,-0.121681646
0,-0.035454005
0,0.23732778
0,0.044506464
1,0.2108978
0,-0.13704689
0,0.004681033
1,-0.03080153
0,0.2849618
0,0.002421691
1,0.00016836915
0,0.0430197
1,0.06915533
1,-0.17722669
1,0.18552172
1,0.035241798
1,-0.09048481
1,0.13398038
1,-0.065740205
0,0.042443424
1,-0.12929302
1,0.3257103
0,-0.22302966
1,-0.15672553
0,0.05674553
1,0.43767956
1,-0.027403077
1,-0.13175948
0,-0.0629966
0,-0.18975082
0,0.012091368
1,-0.06143829
0,0.13746127
0,0.21655889
0,-0.035342954
0,0.17564513
1,0.057171002
0,0.034326337
1,-0.021765454
0,-0.19999546
1,-0.09727414
0,0.20258577
1,0.17112936
0,-0.035218302
1,0.19000784
0,-0.05773115
1,-0.07462885
0,0.028652646
0,-0.08439119
1,-0.017818004
1,0.14058088
1,0.17441295
1,0.35514838
1,-0.13061291
1,0.07241729
0,-0.21426076
0,0.056700535
0,0.05494843
0,-0.024617486
1,-0.119902655
0,0.06865662
1,-0.09720435
1,0.13924922
1,0.17870978
1,-0.04240532
1,0.20820548
0,-0.08298912
1,-0.1243027
0,0.03617804
1,0.01202694
1,0.3974842
0,-0.0980104
0,0.015238501
1,0.06352433
0,-0.007456638
0,-0.012080189
0,0.24349311
0,-0.07402526
1,0.16056575
0,-0.09465132
0,0.022480749
1,0.17331508
1,-0.24421424
1,0.07537922
0,-0.097040355
0,-0.0030963356
1,-0.21289796
0,0.0060979878
1,0.026801897
0,0.042770896
0,-0.25469002
0,-0.11696335
1,0.3259436
1,-0.15553702
1,0.027483877
0,0.039944675
1,-0.26156917
1,0.42090824
0,-0.07411655
0,-0.049775172
0,-0.008130237
1,0.10209462
0,-0.11805525
0,0.0089374585
0,-0.08546386
1,0.0126698855
1,0.15446629
1,0.3599307
0,0.048488874
0,-0.07316912
1,0.055011652
0,-0.012388433
1,0.0050594313
0,0.15681311
0,0.015779633
0,-0.21726954
1,-0.021357253
1,-0.19194709
0,0.017466886
1,0.21956468
1,-0.22072814
0,-0.069845
1,0.12818772
0,-0.05156598
1,-0.057943475
0,-0.010685302
1,-0.37786582
0,0.07401457
0,-0.00041007623
0,0.050829474
1,0.05229335
1,0.05912141
0,-0.054545216
1,-0.14748058
0,0.100516416
1,0.26273823
1,-0.09184744
0,-0.012295475
1,0.014576122
0,-0.034062635
0,-0.03146012
0,0.026472608
0,-0.0071549118
0,-0.09070846
0,0.041588794
1,0.044191748
0,0.036674134
1,0.27137464
0,0.18777151
1,0.06274239
1,0.15394266
1,0.21589854
0,-0.055337027
0,0.039589122
0,0.06308799
1,0.28902248
0,-0.03118127
1,0.27645135
0,0.024844559
0,-0.048597105
0,-0.047367927
1,0.014063481
1,0.3922741
1,-0.12943555
0,-0.009542847
1,0.015031561
1,0.10242907
0,-0.039869808
1,0.11169324
1,0.07253249
1,0.098586686
0,-0.021533575
0,-0.009989893
1,-0.011395861
0,0.020102479
0,0.16457373
0,-0.02680694
1,0.04535368
0,-0.09881639
0,0.02517874
0,0.00850297
0,0.13526146
0,0.03049986
1,0.11597779
1,0.094978794
1,0.11880397
1,0.28610575
0,0.1282754
0,-0.04934176
1,0.13098752
1,-0.08575379
1,0.20800033
0,-0.020967223
1,-0.3369164
1,0.16622014
0,-0.13282666
1,-0.008549975
0,-0.09796875
0,-0.0018555984
0,-0.018715836
1,0.2252816
0,-0.085015096
0,0.03653191
0,0.017203124
0,0.015961971
0,-0.062343735
0,0.07231574
0,0.07241125
0,-0.05354816
0,-0.032441802
0,0.03215831
0,0.04465594
0,0.044825427
0,0.045730293
0,0.0009432044
0,0.04282625
0,0.14872447
1,0.13562346
1,-0.0028306693
0,0.07838692
1,0.43725705
1,0.10497705
0,-0.0059121326
0,-0.054257184
0,-0.10813882
0,-0.119179256
1,0.16002351
1,0.06254958
0,0.008907442
1,-0.12054569
0,0.06395243
1,0.16993919
0,-0.04346483
1,0.21144252
1,-0.098478526
0,-0.25477076
1,-0.0964205
1,-0.06459075
0,0.10756146
1,0.13081957
0,-0.044156
1,0.1729704
0,-0.07318876
0,0.035207316
1,0.29782838
1,-0.23638673
0,-0.040282723
1,0.058170114
1,0.16507411
1,0.16030677
1,-0.08471976
0,-0.06172416
0,0.123995274
1,0.06696993
0,-0.1149092
0,0.01938337
1,0.058032077
0,0.008046928
1,0.09363533
1,0.1005644
0,0.042360313
0,-0.09215586
0,0.052779973
1,-0.2833381
1,-0.026096215
1,0.1427292
1,-0.044682276
0,-0.063125044
1,-0.21419975
0,0.13106133
1,-0.08894058
0,0.00033337556
0,-0.06278422
1,0.12982792
0,-0.13534711
0,-0.002632723
1,-0.028553123
1,-0.0902183
0,-0.032248702
1,0.14611411
0,0.02004064
0,-0.11688154
1,0.0990016
1,0.09375441
1,0.13983263
0,-0.06469813
1,-0.037854053
0,0.1130652
1,-0.10443665
1,-0.12163989
0,-0.050866403
0,0.10798858
1,0.0404984
1,-0.087169796
1,0.08094645
0,-0.038106363
1,-0.20375098
1,-0.005224707
0,0.016647747
0,0.0946216
1,0.23116684
0,0.053439114
1,0.053528488
0,0.088828504
1,0.21911983
0,0.0055763796
1,0.0436373
1,0.38596135
1,-0.133346
0,0.22492746
1,0.015679296
0,-0.019872542
1,-0.21879601
0,0.05419431
0,-0.058171816
1,0.19158141
1,-0.08900422
1,0.22248037
0,0.019990753
0,-0.030467823
1,0.24048322
0,0.09206089
1,0.1623109
1,0.29609606
0,0.09013131
0,0.12333189
1,0.26527816
0,-0.06683761
0,0.018437613
1,0.1122009
1,0.21935685
0,0.08996578
0,0.12110994
0,-0.02708848
0,0.07192075
1,0.25230506
0,-0.067317285
1,0.20569421
1,0.2569338
1,0.0689652
0,0.12708455
0,-0.070500515
1,0.063120976
1,-0.0098696435
1,0.06930194
1,0.0902745
0,-0.03534622
0,0.010874343
0,0.13009053
1,-0.014811838
0,0.03855973
0,-0.20028514
0,-0.10936162
1,0.07631317
1,-0.017601531
0,0.078304596
1,-0.05915079
0,0.04348753
1,0.31355175
0,0.101412825
0,0.02537333
1,0.189232
1,-0.06703944
1,0.16086489
1,0.20253928
1,-0.14207463
0,-0.13580407
0,0.20562026
1,0.41777325
1,0.034662962
1,0.09662083
0,-0.047846228
0,-0.077631645
0,-0.04014144
0,-0.056004018
0,-0.0031083436
0,0.06094478
1,0.16570134
0,0.06022599
1,-0.016768657
1,0.1353452
0,0.05240156
1,-0.1711012
0,-0.005991693
1,0.000265921
1,0.0849421
0,0.12362021
1,-0.09513717
1,-0.13508922
1,-0.12097797
0,0.072589196
0,-0.05277399
0,0.060464583
1,-0.020521758
0,0.16831641
1,0.1630379
0,-0.036582846
1,-0.06153244
1,0.030365165
1,0.25604057
1,-0.20358889
1,-0.12866114
1,-0.09657987
0,-0.028932823
0,0.106015526
0,0.050929498
1,0.0809098
1,0.15620893
1,0.22204047
0,-0.070994794
0,0.07394031
0,0.06976982
1,0.058226213
1,-0.04193987
1,0.1705523
1,0.12591717
1,-0.21245213
0,0.10899136
1,-0.14452901
0,-0.12705107
1,0.0894096
0,-0.1605187
0,0.050760362
1,0.028056495
1,0.28141987
1,0.13078053
1,0.17452887
1,0.070006825
1,-0.09368496
1,0.12279629
1,-0.13002305
1,-0.015261331
1,0.028450709
0,-0.10454966
0,0.14466733
1,0.21454473
1,-0.118474394
1,0.09658032
1,0.07918696
1,0.14049593
1,-0.32011712
1,0.34125328
0,0.11856218
0,0.21109171
1,0.040902816
0,0.029077562
0,-0.06034232
0,0.05286989
1,0.04417175
1,-0.1234521
1,-0.1535179
0,0.18365525
0,-0.020169158
0,-0.07655124
1,0.16927391
1,0.027192429
0,0.028720494
1,-0.16061391
0,-0.07155018
0,0.15907599
1,-0.0023454567
1,0.4277203
1,0.00073190953
0,0.040087376
1,-0.06907195
0,0.085011184
0,-0.045130737
1,0.09416563
0,0.009442895
1,-0.14217232
1,-0.26440924
1,0.027291508
1,0.3091954
0,0.014889777
0,-0.017116113
1,0.06175367
1,-0.16781038
0,0.19759104
1,0.21244839
0,0.113620155
0,0.08939566
0,-0.0332936
0,-0.033553116
1,0.020737
1,-0.093229294
0,-0.027146816
1,-0.15557536
0,0.031190945
0,0.044066094
1,0.16429722
0,0.05723749
1,0.1253259
0,0.008418817
0,-0.043497384
1,-0.09207012
0,0.06421766
0,0.06063588
0,0.19206929
1,0.01205718
1,0.005540466
1,0.3051955
0,0.03844818
0,0.030239329
0,0.11522632
1,0.1322291
1,0.07528265
0,-0.12147126
0,0.10589736
1,-0.21455055
0,0.041441668
1,0.24732068
1,0.19946095
1,-0.117184825
0,-0.03135732
0,0.08075538
0,-0.0263647
1,0.027365478
0,-0.0027426062
1,0.08702426
0,-0.20599273
0,0.034608606
0,-0.017018607
0,-0.0539492
0,0.08716011
1,0.03906857
0,0.07002039
1,0.14985117
1,0.40906024
0,-0.025333691
1,0.07430726
1,0.1847116
1,0.008304618
0,-0.11638835
0,-0.021457747
0,0.061369732
1,0.19786243
0,-0.12549657
0,-0.09032461
0,0.043080106
1,0.17823607
1,0.24036708
1,-0.016266719
1,0.049760062
0,-0.11774222
1,-0.120941356
0,0.042249124
0,-0.030645864
0,0.056646045
0,0.16214187
1,0.31246173
1,0.13428444
0,-0.017837958
0,-0.042418208
1,-0.045128923
0,0.16207644
0,0.06982432
1,0.029306129
0,0.022493083
0,0.07066176
1,0.18398911
0,-0.029987762
1,-0.119203866
1,-0.0755296
1,-0.095978975
1,0.35159177
0,-0.11087058
0,0.1385964
1,-0.10885437
1,0.044407606
1,0.2820858
0,-0.11357855
0,-0.008913891
1,0.2814481
1,0.16164762
0,0.057614353
1,0.13837545
1,0.13608077
0,-0.05540146
0,-0.026972573
1,0.080818415
0,0.00038363226
1,0.008405163
1,-0.12796767
0,-0.037653785
1,-0.041671287
0,-0.07266943
1,-0.18865475
0,0.003937999
0,0.01839643
0,0.05994286
1,0.23472454
1,0.16527934
1,0.2149585
0,-0.0036449563
0,-0.08659703
0,-0.0041175857
1,0.1637963
0,0.026929628
0,0.1573224
0,-0.13574389
1,0.20387878
0,-0.025656264
0,-0.15027413
1,-0.21959008
0,0.1678929
0,-0.060481697
0,0.08689363
1,0.0111382995
0,-0.041837852
0,0.06181451
0,0.12217769
1,-0.106074676
1,-0.19025119
1,0.06999052
1,0.076269165
0,0.16222982
1,0.101818755
1,0.012169549
1,0.11751909
0,0.07743296
0,-0.04719606
1,-0.058915876
0,-0.010732658
0,0.07943447
0,0.10169187
0,-0.035265967
0,0.1997527
1,0.08216342
1,-0.13759102
0,-0.01960263
0,0.09131983
0,0.039319158
1,-0.14469002
0,0.025869982
1,0.15921552
1,0.08123584
1,0.07400043
1,0.18813513
1,-0.088747
1,-0.0610919
1,0.041037437
1,0.14566526
0,0.16780217
0,0.0035376041
1,-0.17819068
0,0.03470962
0,0.19653031
1,-0.03271906
0,-0.11614854
1,-0.08203672
0,-0.05575521
0,-0.01985804
0,-0.06733171
0,-0.14715853
1,0.12597746
1,0.034305107
1,-0.52387184
1,-0.012996863
0,-0.069355965
1,0.16549554
1,0.012375912
1,-0.072400555
0,0.051412523
1,-0.259731
0,0.02813792
0,-0.0561643
0,0.08498453
0,0.023852456
0,0.07075309
0,-0.019830417
0,-0.068531305
1,0.04372536
0,-0.008118041
1,-0.008049986
1,-0.12065476
0,0.029347118
0,0.018499034
1,0.109346144
0,0.07395951
0,-0.08477843
1,0.14441283
0,0.16788583
0,0.083631225
1,-0.12971906
0,0.12479755
1,-0.1430466
0,0.041645017
0,-0.06812753
1,-0.06993864
1,-0.20109546
1,0.16268757
1,-0.007729423
0,0.14622611
1,0.25398606
0,0.046810586
0,0.00032883883
1,0.1001338
0,-0.07978645
0,0.00046188943
1,0.44389406
1,-0.15047619
1,-0.0029543466
0,-0.21013792
1,-0.17814627
0,-0.11939021
0,-0.10500078
0,-0.037725635
0,-0.049141664
1,-0.1852187
0,-0.086349234
1,0.0061165574
0,0.038702473
1,0.19164513
0,0.11994624
0,0.07021289
1,0.18884724
1,-0.21505049
0,0.02019875
0,-0.0043753413
1,0.001545676
1,-0.039095532
0,0.02131923
0,-0.037166987
0,0.028052524
0,0.003858083
0,0.021720743
1,0.09773291
1,0.014208553
1,-0.09892329
1,-0.29711205
1,0.27268726
1,0.07540607
1,-0.019278578
1,0.029926095
1,0.07792468
0,0.04311357
1,0.09707745
0,-0.06820577
1,0.23544873
1,0.10592455
1,-0.1785155
0,-0.0021507507
1,0.19045828
0,0.030856282
0,0.013590464
0,-0.06793663
1,0.19045386
1,0.08429926
1,-0.13907345
0,0.026949868
1,0.07589689
0,0.025782192
0,0.14799537
1,-0.18363471
1,-0.011489596
0,0.02151318
0,-0.06495568
1,0.07028672
0,0.11123077
0,0.10234651
0,-0.03344176
1,-0.004722394
1,0.27547783
1,-0.20070145
0,0.1986987
1,-0.019899605
1,0.087674454
1,0.19372828
1,0.014048896
0,-0.016714793
0,0.12051191
0,-0.08869584
0,-0.05860159
1,0.18908429
1,0.22748628
0,-0.044893872
0,-0.0006105816
0,0.044470847
1,0.21599829
0,-0.030845707
1,0.42514417
0,-0.07522326
1,0.21193103
1,0.24429639
0,0.08045668
0,0.048608165
1,0.18289286
0,-0.054285053
0,-0.030472951
0,-0.04156217
1,0.107198544
0,-0.06752158
0,-0.037905183
0,-0.057305284
1,-0.26252297
1,0.16581577
1,0.23896883
1,0.080041535
0,-0.06771137
0,-0.087295406
0,-0.033118553
0,0.11829254
1,0.044857603
1,-0.1011981
1,0.14431217
1,-0.00066825096
1,0.014027468
0,0.06490521
0,0.06816455
0,0.18785927
1,0.054363914
0,0.084121145
0,-0.04602195
0,-0.11022226
1,-0.08550219
1,0.22645526
0,0.042610444
1,0.11953137
1,-0.09521767
0,-0.081272945
0,-0.048963778
0,-0.048927285
0,-0.1218612
0,-0.012117211
0,0.10145724
1,-0.1820715
1,0.06437234
1,0.24465881
1,-0.06110441
1,0.05409545
0,0.10795585
1,-0.28829616
1,0.111547716
1,0.120835006
0,-0.030888867
1,0.024750378
1,0.038144983
1,-0.10296221
0,-0.064996816
1,0.114568904
0,0.070684575
0,-0.03363439
0,0.15293306
1,-0.18672614
1,-0.10555419
0,-0.019267123
0,-0.0417507
0,0.13499536
0,-0.011121575
0,0.14240792
1,0.057021752
1,0.105421856
1,0.35653573
1,0.095020734
1,0.26178518
1,-0.05253527
1,0.019077249
0,0.10848764
0,-0.082007535
0,0.061120257
1,-0.0569197
0,0.014223307
0,0.06091006
0,0.025668938
0,-0.028750382
1,0.0881405
1,0.22179635
1,0.10104999
0,-0.046415694
0,-0.12647437
0,0.06184379
1,-0.18382631
0,-0.09455851
0,0.16307895
1,0.022924151
0,0.12452126
1,-0.05547976
0,0.1282865
0,0.06613617
0,0.05715757
1,0.0600372
0,0.0848692
1,0.08965134
1,0.32446203
1,-0.1259115
1,0.05117715
0,0.023821909
0,0.06605137
0,-0.078948386
0,-0.16892497
0,-0.17817798
0,0.07337946
1,2.5918707e-05
0,-0.026553359
0,0.046638317
0,0.04438244
1,0.004151712
0,0.05877874
1,0.12616386
1,-0.04492458
1,0.061660558
1,0.24074802
0,0.0023432598
0,-0.02335297
0,0.0111110015
1,0.058390595
1,0.029218204
0,0.12296132
0,0.048816994
0,-0.23248032
1,0.24658822
1,0.09559993
1,0.17506799
1,0.25725716
0,0.027939912
1,0.0004130993
1,0.022206621
0,-0.09975439
0,0.06530677
1,-0.021775074
0,0.064270794
1,-0.014567076
1,0.07287974
0,0.04949389
0,0.055811316
1,0.13955565
1,0.008914967
0,-0.014965907
1,0.008689768
0,-0.00785366
0,0.0509206
0,-0.0040726545
1,-0.08446601
0,-0.06404097
0,-0.0532044
0,0.02848025
1,0.0023664227
1,0.12109655
0,0.04177431
1,0.14507495
0,0.05626622
1,-0.011393094
0,-0.06366195
1,-0.15038511
1,-0.16797568
1,-0.07292662
1,0.018416949
0,0.021203164
0,-0.013805659
1,0.08980634
1,-0.102847636
0,0.09016757
0,-0.14980644
0,-0.03398038
1,-0.07633695
0,0.13745688
1,0.32632482
0,0.048073348
0,0.06828123
1,-0.20032926
0,0.21152349
1,0.1764123
0,0.0006743637
1,0.06395994
0,-0.05069159
1,-0.050895177
0,-0.0036095162
1,-0.0085108075
0,-0.02664326
0,0.07870199
0,-0.12972414
1,0.03460616
1,0.121377625
0,-0.031330742
0,0.019797461
0,0.05328759
0,-0.13166277
1,0.32120708
0,-0.0021476203
0,0.007849094
0,-0.06622072
0,-0.0065653054
0,-0.072988406
0,0.0031538415
0,0.1561825
0,-0.03337858
0,0.024274698
0,0.003255753
1,0.013788721
0,-0.120538235
0,0.07478988
1,-0.13259716
1,0.0078852745
1,-0.14543715
1,-0.068341665
0,0.040214356
0,-0.118777215
1,0.022866625
0,0.027879398
1,0.23121563
1,-0.068616465
0,0.036162645
1,-0.03618724
1,0.3551284
1,0.18434086
1,0.14432779
0,0.053255178
1,0.1457991
0,0.0074211815
1,-0.044648226
1,0.21623936
0,-0.008620586
1,0.03855931
0,-0.004105212
1,0.12563203
0,0.046076227
1,0.24397786
1,0.19003789
1,0.023166705
0,0.023602933
1,-0.046540555
0,0.030819103
1,0.1253883
1,0.13169652
0,-0.027922101
1,-0.22982411
1,-0.4171572
1,0.36789256
1,0.12836753
1,0.10497457
1,0.27855682
1,-0.060804594
1,-0.043753557
1,0.05109794
0,0.011504274
1,0.06699378
0,0.015991362
0,0.03711265
0,0.057369918
1,0.023553006
0,-0.12006922
0,-0.05617682
1,0.26932243
1,0.020154778
1,0.17281392
0,0.030459434
0,-0.014251282
0,0.046977744
0,-0.1531151
0,0.008293
1,0.0042851362
0,0.02097862
0,0.005057046
0,-0.088598184
1,0.020565271
1,0.12542999
0,0.05417089
0,0.1527578
1,0.20553386
0,-0.006535019
1,0.06726975
0,0.019153941
0,0.056235194
0,0.0451543
1,0.080823615
0,0.059082706
0,0.048736002
1,0.15888312
1,0.07572482
0,0.10737991
0,-0.028660307
1,0.2993115
0,0.11116173
1,0.098740876
0,-0.106186
0,-0.045180004
0,0.051803987
0,-0.03965612
0,0.01713087
0,-0.017687744
0,0.07447663
1,0.4684582
0,-0.0854718
1,-0.070612945
1,-0.33308926
0,0.01850336
1,0.13595058
1,-0.00049013784
1,0.20160799
1,-0.008874249
1,0.07832658
1,0.011991715
1,-0.16983183
0,0.12015488
1,0.27598637
0,0.12101592
0,0.020464968
0,0.0009577341
1,-0.12899452
1,0.019522017
1,-0.024673922
1,-0.08109484
0,-0.06823465
1,-0.18546148
0,0.10533456
1,-0.10894961
1,0.03179147
1,0.1618303
1,-0.13165124
1,-0.103918985
0,0.024712618
0,0.11585792
0,-0.040192522
1,0.38340068
1,0.1150227
1,-0.023242103
0,-0.0042007267
0,-0.015106583
0,-0.038232453
0,0.03497115
1,-0.12177304
1,0.14689158
1,0.23367761
0,0.13636133
0,0.00023481413
1,0.23517807
0,0.06940296
0,-0.08930099
0,-0.11888591
0,-0.008997936
1,-0.0048625194
0,-0.04042445
0,-0.16397782
0,-0.09898005
1,0.26998603
0,0.16097613
0,-0.058819223
0,-0.059594102
1,0.055169873
1,0.071854025
0,-0.1333523
0,0.05132282
1,-0.10173199
1,-0.058333237
0,-0.06364921
0,-0.055197462
1,0.3233992
1,0.043919954
0,0.04621383
1,0.15976787
0,0.011221896
0,0.23529065
0,-0.18592885
0,0.13442206
1,0.118302375
1,0.0027851854
0,0.143022
0,-0.15277459
0,-0.044608846
0,0.027968127
1,0.07397875
1,0.09162399
0,0.09777464
1,0.15801007
1,0.22641361
0,0.027157085
0,0.012555758
0,0.039444692
1,-0.19471808
0,-0.060087867
0,0.0123040825
0,-0.088703945
1,0.044567082
0,-0.11504739
0,-0.06705812
0,0.09054592
1,0.096497804
1,0.13931642
1,0.079148285
1,-0.0056762453
0,-0.025328211
0,-0.016367396
1,0.03018049
1,0.048943643
1,0.10883635
0,0.050055355
1,0.15726379
0,0.05040706
1,-0.06878477
1,-0.01679562
0,-0.08046221
1,0.009838607
1,-0.07455578
1,0.070267856
1,0.34128726
1,0.09532449
0,0.024385396
0,-0.035601374
1,0.0018608514
0,-0.06919304
0,0.058353543
0,0.02721715
1,-0.009628629
0,-0.0127343945
0,-0.011717826
0,-0.0320204
0,-0.020633643
0,0.063994154
0,-0.027527254
0,0.0029003564
0,0.03006333
0,0.05266938
0,-0.11707276
0,0.0824697
1,0.24588415
1,0.08756013
0,0.06479702
1,-0.05464473
1,0.08191123
1,-0.17162338
1,0.0757128
1,0.20475727
0,-0.016561534
0,0.20873989
0,0.17763264
0,0.08285998
1,0.08156911
1,0.12747219
1,0.12719971
1,0.31090564
0,-0.075780086
1,0.11720691
1,0.2502469
1,0.16954117
1,0.124657825
1,0.24392122
0,-0.10436859
1,0.06995041
0,0.054773536
0,0.13436633
0,0.07045379
0,-0.056308493
1,0.052622214
0,0.031154305
1,-0.15758595
1,0.018470142
0,-0.02539979
1,-0.20716259
0,0.038181245
0,0.01821196
0,-0.027403217
1,-0.36995223
1,0.24466614
1,0.09751678
1,-0.2525558
0,-0.09274099
1,0.0026971512
0,-0.08668657
0,-0.08392312
1,0.101966366
0,0.13257802
0,-0.0063299453
0,-0.018512096
0,-0.12505935
0,0.050570063
0,0.0050838096
1,0.06477641
1,0.16942886
1,-0.068348125
1,0.06732315
0,0.10039034
1,-0.10212054
0,0.20047687
1,-0.32505
0,-0.0460058
0,-0.068102576
0,-0.030118821
0,0.0821519
1,-0.17769825
0,-0.11319134
1,0.11059109
0,-0.081129275
0,0.13400394
1,0.22136067
1,-0.3603899
0,-0.10654023
0,-0.009363547
0,0.1481745
0,0.106695145
0,0.06338144
0,0.20169912
1,0.16391297
0,-0.01920615
0,-0.01229583
0,-0.15630436
0,0.096490465
0,0.01802881
1,-0.0899425
1,-0.023443876
1,0.1665609
1,-0.034930415
0,-0.013064237
0,0.090872236
0,-0.025506034
1,0.018932521
1,-0.3120937
0,0.025250753
0,-0.13579997
0,0.016148837
1,0.13112552
1,-0.11133779
0,0.09857008
0,-0.047861125
1,-0.08752519
0,0.058813687
1,-0.079605415
1,0.004051435
0,0.3104774
0,-0.00068523455
1,-0.04950379
0,-0.017429976
0,0.18682353
0,-0.053251937
1,0.0014502583
1,-0.04259931
0,0.12122291
1,-0.089856535
0,-0.041685015
0,-0.13265684
1,-0.20698005
1,0.18306533
1,0.08581421
1,0.2557797
1,-0.09633377
0,-0.035535958
1,-0.0024627997
1,0.062458236
0,-0.119277276
0,-0.07326543
1,0.07964986
0,-0.048379086
0,-0.026669703
0,0.09896208
1,0.12305819
1,-0.035011336
1,-0.08367863
0,0.014849954
1,0.04664287
0,-0.0074050017
0,0.023296066
1,0.09581253
0,0.0704204
1,0.050402354
0,0.066891074
0,0.15758647
0,0.061656147
0,-0.09783156
0,-0.13243708
0,-0.05301592
1,-0.17446563
0,-0.070769235
0,-0.05005725
0,0.030214602
1,-0.043054618
0,-0.014579846
0,-0.19065404
1,0.10308638
1,-0.06109555
0,-0.003907219
1,-0.1697063
0,-0.05438204
0,0.011014466
1,0.034479816
1,0.24698378
0,0.023598658
1,0.084060736
0,-0.018471196
1,-0.029547973
0,-0.057046313
0,0.024649037
1,-0.0077188034
1,-0.09793142
1,-0.005179395
1,0.06676365
0,-0.10622088
0,-0.11061618
1,-0.098617345
0,-0.017741289
1,-0.0051667662
0,0.1919076
0,-0.04877461
0,-0.06969819
1,-0.07170734
1,0.022437949
0,0.03600816
0,-0.0066472623
1,0.2865497
0,-0.111305535
0,-0.039798733
0,0.042141926
1,0.104025565
0,-0.07979112
1,0.017569933
0,-0.017687015
1,-0.47988355
1,0.14764024
1,-0.23606671
0,0.059435543
1,0.0073222998
0,0.048916306
1,0.024606481
0,-0.052393947
0,0.0028339187
1,-0.05591422
0,0.25132236
1,0.12549283
1,0.0511648
1,0.19621125
1,0.1771148
0,0.09118295
1,-0.041572213
1,0.08136443
1,0.12713413
1,0.15954578
1,0.15909684
0,0.011339016
0,0.09674357
0,-0.038039196
0,-0.05136812
1,0.3528504
1,-0.1427592
1,0.14250405
1,0.14883047
0,0.030407125
0,-0.062737755
0,0.012520786
1,0.34885705
1,-0.15041555
0,-0.0063695693
1,0.085229434
0,-0.050561886
1,0.26871654
0,0.035816275
1,0.22474927
1,-0.26125258
1,0.105199195
1,0.09719956
0,0.024934124
1,0.013197698
1,0.06186716
0,-0.045795627
1,-0.13952528
1,0.18027964
1,-0.06973076
0,0.1678883
1,-0.12638038
1,-0.0076167225
0,0.22187848
1,-0.06676082
1,0.17455634
0,-0.09799855
1,0.10055317
0,0.0419144
0,0.07347653
1,-0.019849773
0,0.08692922
1,0.08160043
0,-0.015146513
1,0.318587
1,-0.025465172
0,-0.013402088
0,0.088956475
1,0.40493459
0,-0.02413221
1,-0.026395401
1,0.018637514
1,0.10514728
0,-0.10245594
1,0.15745744
1,0.34916237
1,0.15014914
1,0.35110328
1,0.06344336
1,0.25125167
0,0.025296204
0,-0.011984423
0,-0.07391154
0,-0.061311387
0,-0.038849793
1,-0.071957394
0,-0.097878315
1,0.098292544
1,-0.019192256
1,0.08664377
1,0.16958717
0,0.08147975
1,-0.1880657
0,0.025805762
0,-0.045282427
1,-0.26331872
0,0.17076823
1,-0.08758192
0,0.050063565
0,-0.004378504
1,-0.08416384
1,0.19090138
0,0.22064972
1,0.17336942
1,0.016600322
0,-0.09573821
1,0.20444718
1,0.07559811
0,0.07242043
1,0.0830972
1,-0.022698963
1,0.081563205
0,0.065885805
0,-0.08642326
1,-0.07848336
0,-0.011024939
0,0.05778207
0,-0.058990557
1,0.023004165
0,-0.10264126
1,0.010689336
1,0.0040126517
1,-0.26601273
0,-0.05704314
0,0.008206215
0,0.104499064
0,0.03292387
0,-0.00061019417
1,-0.013703731
0,0.09329414
1,0.026970115
1,-0.12929988
0,-0.026901124
1,-0.2861876
0,-0.016182674
0,0.1413477
1,0.073997505
1,-0.25247675
0,0.012996516
0,-0.0001647491
1,0.00418497
1,0.18119249
1,-0.26885545
1,0.19872166
1,0.054336958
1,-0.05805595
0,0.009171603
1,0.49028286
0,0.03287895
0,0.03205577
1,0.116471775
0,-0.075021856
1,0.11678254
0,-0.017937308
0,0.035872523
1,0.08880791
1,0.19279996
1,-0.10413637
1,0.14982994
0,0.05694656
0,-0.021656964
0,0.047037628
0,-0.0015144506
1,-0.10662064
0,0.047603697
1,0.1375815
0,0.0025651176
0,-5.2466057e-05
0,0.0145738125
0,-0.06905678
0,0.111514345
1,-0.12869951
0,0.0441285
1,-0.07346998
1,0.010883708
1,-0.10345435
0,0.02070747
0,-0.07868977
0,-0.013900757
1,0.091932885
0,0.037414253
0,-0.0797002
1,-0.249691
0,-0.09821266
1,-0.3303273
1,0.19160894
1,-0.008388676
1,-0.26517048
1,0.16159204
0,0.043220516
1,-0.12953115
1,-0.08444462
0,0.06175592
1,0.0006333664
1,-0.10481945
1,-0.07909412
1,0.2038344
0,0.070795335
0,0.038541254
0,-0.02996469
0,0.07942511
1,0.11214115
1,0.07823463
0,-0.015058927
1,0.13912974
0,0.041056458
0,0.10440082
0,0.16881487
0,-0.032494426
0,0.028749393
0,-0.083202764
1,0.1348591
0,0.08559345
0,0.13735615
0,-0.083037116
1,0.03587885
0,-0.049056806
1,-0.40783897
0,0.0644884
0,0.0028587356
0,-0.0825108
1,-0.057606403
1,0.06429777
0,0.026392723
0,-0.037329514
1,-0.0040219007
0,-0.079789415
0,0.039896306
1,0.15549627
1,-0.40914312
0,0.043214027
1,0.048509277
1,0.29727945
1,0.09362788
1,0.37009114
1,-0.12550014
0,-0.022332521
0,0.049075745
0,0.05236553
1,0.14297669
0,0.08514657
1,-0.030182835
0,0.07780265
1,0.0809308
0,0.056324326
1,-0.33677456
0,-0.06754729
1,0.18326329
0,-0.011405025
1,0.056252435
0,-0.053253204
0,0.10852804
1,-0.13934708
1,-0.20714091
1,-0.025496138
0,0.19163072
1,0.04291013
0,0.040489655
1,0.08713083
1,-0.04567012
0,-0.07343021
1,0.0045293644
0,-0.07327286
0,-0.033358373
1,0.028514784
0,-0.0491664
1,-0.051390197
0,0.08184989
1,0.24988432
1,0.14550434
0,-0.11232651
0,0.08558433
0,0.046981636
0,-0.0070520323
1,0.15415151
1,0.07809242
0,-0.07907686
1,0.16117291
0,0.0060232375
1,0.06083722
0,0.03075429
0,0.21013594
1,0.07909328
0,0.010107292
0,-0.051872425
0,-0.10837131
0,0.017327696
1,0.013162679
0,-0.011998196
1,-0.069877826
0,-0.022258032
0,0.08056371
0,0.10584146
0,0.04649469
0,-0.07091208
1,0.10223004
1,0.060810477
1,-0.09994034
0,-0.005983429
1,0.026159
1,0.22134577
1,-0.22061276
1,-0.11972496
1,0.07198572
0,-0.041717723
0,-0.032306254
1,0.09333047
1,-0.20752819
1,-0.11716342
0,-0.019348156
1,0.019170268
1,0.047589324
0,0.030802876
0,0.14506917
1,-0.05863458
1,-0.047868073
0,-0.04249179
1,-0.05328311
0,-0.041474156
1,0.41298681
0,0.075768724
0,-0.014572983
1,0.122772805
1,0.24487689
0,0.08789932
1,-0.2546881
0,0.03469418
1,-0.19354112
1,-0.051622264
0,-0.024358286
1,0.33274895
0,-0.11283402
1,0.119818255
0,0.029558638
1,-0.050932426
0,0.10991546
1,0.2837409
1,0.3151863
0,0.11265535
0,-0.1432406
0,0.2878961
0,0.08218502
1,-0.015202485
1,-0.027329927
0,-0.14546011
0,0.09424611
1,-0.031492706
0,0.0542201
0,-0.15002239
0,-0.077686936
0,-0.045877445
0,0.037703875
1,0.1744472
0,0.113936454
0,-0.08096939
1,0.25766635
0,-0.00887471
1,-0.116888545
0,0.0062559173
0,-0.0044642696
0,-0.044585485
1,-0.003987015
1,0.13982596
1,0.053969633
0,0.022737987
0,0.02288515
1,0.054300036
0,-0.15020464
0,0.028933454
0,-0.040054258
1,0.31752792
1,0.18217956
0,0.030676184
0,0.23445785
0,0.00945136
1,-0.120884575
0,0.034962986
0,-0.015169243
0,0.082555704
1,0.08379934
0,-0.049325306
0,-0.011410322
1,0.042455144
1,0.277588
1,-0.011130543
1,0.03389393
1,0.09354629
1,0.31764555
1,0.02305961
0,-0.1033332
0,0.015408922
1,-0.28032959
1,0.22707114
0,0.083217405
1,0.14992926
1,0.117320895
0,-0.08324292
0,-0.020583104
0,0.015308524
1,0.027823284
1,0.1590406
0,0.0029274765
1,0.17908739
1,0.06645737
0,-0.077760175
1,-0.031792045
0,-0.061706208
1,-0.14995247
1,0.12346234
0,0.0012562651
0,0.13186966
1,-0.05127479
0,0.015739191
1,0.10105129
0,0.089485444
0,-0.09276746
1,-0.15994547
1,-0.19567677
0,-0.09163731
1,0.15736872
1,0.0057740435
0,0.041910883
1,0.15928893
1,0.359564
1,0.0761731
1,-0.0613601
0,-0.035447836
1,0.15070064
1,0.21449798
0,-0.037663262
0,-0.12875383
1,-0.07833634
0,0.10014245
0,-0.08766086
1,0.07455969
1,0.19511373
0,0.048532862
1,-0.060554594
1,0.00091191404
0,0.009317377
1,0.18697847
1,0.018359363
0,0.18912151
1,0.15305525
1,-0.09540091
0,-0.11073728
0,0.010901515
1,0.11157199
0,-0.07787418
1,0.25951272
1,0.095550664
1,0.30620095
1,0.08154389
0,-0.081194
1,0.53685504
1,-0.021796957
1,0.085575454
1,-0.083825335
1,0.0030880999
0,-0.060075384
1,0.05147912
1,0.16107449
0,0.120032355
1,-0.059441388
1,0.21312268
1,0.15497494
1,-0.029601283
1,-0.042209204
0,-0.011329569
1,0.08482792
1,-0.029825378
0,-0.054313
0,0.13633688
1,0.18382694
0,-0.014503271
1,0.19324364
0,-0.04485714
0,0.12746254
0,0.08252407
1,0.12821317
1,-0.030529011
0,0.05165695
1,0.10537488
0,0.16458397
1,-0.10693009
0,0.080787316
1,0.014243269
1,0.013475379
0,-0.08036693
0,-0.11603905
0,-0.022247637
0,-0.14628083
0,-0.06311363
1,-0.13555437
0,-0.05858122
0,0.024806576
0,0.09046975
1,0.0062321713
0,0.029505309
1,-0.027976513
1,-0.24457817
0,0.014089648
1,0.21563257
0,0.0071724397
0,-0.043067575
0,-0.15022632
1,-0.31295407
0,-0.07512395
1,0.33382612
0,-0.037648253
1,-0.0980316
1,0.20275721
0,0.11646989
1,0.033484038
1,0.119743705
1,0.12824178
1,0.111731
1,-0.06815435
0,0.07796237
0,-0.0075774547
0,-0.11667142
1,-0.14777318
1,0.14391604
0,0.037944246
0,-0.1343259
1,0.25073412
1,0.020914534
1,0.2510825
0,-0.10106387
0,-0.112667814
1,0.23760188
1,-0.041638985
0,-0.022432663
0,0.0031097634
1,-0.2777832
0,-0.13754314
0,0.047508672
0,0.08349463
1,-0.0305321
0,0.20465364
0,-0.0042507155
1,-0.07155543
1,-0.18921186
1,-0.21576048
1,0.21747628
1,-0.083904885
0,-0.03649828
0,0.029010655
0,0.0064197946
1,0.0036024451
0,-0.10029264
1,0.033618517
0,0.1854142
1,0.05420445
0,0.058639154
0,0.060558308
1,-0.09407402
1,-0.16539615
1,0.10648465
1,-0.15048061
1,0.12636931
1,0.13889402
0,0.054105446
0,-0.020778075
1,-0.10330716
0,0.09123838
1,0.12259516
0,0.13791423
0,-0.028620968
0,0.01786772
0,0.13911603
0,0.08012882
1,0.050492324
1,0.020467494
0,-0.04101253
0,-0.050453242
0,0.0012285644
1,0.14240168
1,0.11204368
0,0.018104916
1,-0.0522242
0,-0.01316
1,0.11165191
1,0.045999438
0,0.02545809
1,0.25693697
1,0.15967086
1,-0.020029325
1,0.0060644764
1,0.19928843
0,-0.043811698
1,0.039347097
0,0.18188885
0,-0.03670409
0,-0.028905757
0,0.026315134
1,-0.34073353
0,0.08263199
1,-0.012060389
0,0.047901824
1,0.11210922
0,-0.07754381
0,0.032687794
0,-0.01636969
1,0.3664102
1,0.15637252
0,0.021979159
0,0.048192054
1,-0.31137556
0,0.06463137
0,-0.13798735
0,-0.0408821
1,0.035052072
1,0.027107777
1,0.12936045
1,0.021797618
1,0.031039467
1,0.2418031
0,-0.019727826
1,-0.09439243
1,0.092507206
0,0.120249204
0,0.0751228
1,0.14123583
1,0.15763716
0,-0.13612509
0,0.035237797
1,0.21476632
0,0.0019635377
0,0.12817806
1,0.31625777
0,-0.05613421
1,0.037479915
0,1.097424e-05
1,0.015376574
1,0.029545123
0,0.017660767
1,0.26861694
0,-0.09601555
1,-0.003665248
0,-0.0062766215
1,-0.00930869
1,0.17959405
0,-0.15402324
1,-0.0792709
0,0.046140667
0,0.070119485
1,-0.14942268
1,0.20286469
1,-0.024432486
0,0.16748106
1,0.22380596
0,-0.18305096
0,-0.037598647
1,0.15189146
1,0.078423955
0,0.047728803
1,-0.043524787
0,-0.13792078
1,-0.0060149133
1,-0.238447
1,0.24208565
0,-0.035366803
1,0.15205465
0,0.007346088
0,0.0341173
0,-0.05068845
1,0.37218246
1,-0.05769191
0,0.22481145
1,0.28574145
0,0.09382012
1,-0.005857055
1,0.019440293
0,-0.017010361
1,-0.15034585
1,0.02700569
1,0.2077561
1,0.30571213
0,-0.013285753
1,-0.0302759
1,-0.06880079
0,-0.11295239
1,0.12287884
0,-0.03650031
1,-0.13937531
1,-0.016019741
0,0.07948964
1,0.15346916
1,0.1901458
0,0.015649443
0,0.25850978
1,-0.00902743
1,-0.018925376
1,-0.16010804
1,-0.01880624
1,0.07033689
0,0.0059103062
1,-0.0878877
0,0.049622666
0,0.0039621363
0,-0.24451555
1,-0.13086142
0,-0.18827635
1,-0.34940842
0,0.03991498
0,0.009324376
0,0.048004992
1,-0.075129874
1,0.0829899
0,0.08955084
1,0.24037549
0,-0.0540309
1,0.2710407
1,0.005794949
0,0.12959342
1,-0.047406692
1,-0.006307878
0,0.21542393
0,-0.077830255
1,-0.005576165
0,0.14266318
0,-0.061524473
1,-0.23306306
1,0.058437295
0,-0.06664019
0,-0.11331139
1,0.19965221
0,-0.09527153
0,0.102388114
1,0.17062338
1,0.14305651
1,0.09681659
1,-0.11155425
0,0.016653523
1,0.007908134
1,-0.023024827
0,0.097131774
1,0.16381913
1,0.10623169
1,0.07329108
1,0.1708806
1,0.09253352
0,-0.029246192
0,0.13538979
0,-0.020999731
1,0.20129001
1,0.15815888
0,0.084988415
1,0.23476502
0,0.17211609
1,-0.12492696
1,-0.0065255603
1,-0.29253408
1,-0.027275778
1,-0.10682435
1,0.10724987
0,0.01427897
0,0.073116936
1,-0.2075031
0,0.049159344
0,0.084058955
1,0.3193934
1,0.054493695
0,0.0077013746
0,0.1647415
1,0.059552345
1,0.23261748
1,0.08132714
0,-0.101026446
0,-0.02385462
0,-0.022582514
1,0.11169414
1,0.0019363221
0,0.04122677
0,-0.0044461912
1,-0.26514077
1,-0.053919036
1,0.18016739
1,0.005425512
1,0.07792393
0,0.027489094
0,0.037490316
0,-0.0062096915
0,0.00056449324
1,-0.2623115
1,0.13894445
0,-0.072296806
0,-0.03734152
1,0.06531813
0,-0.059915755
0,0.17346771
0,0.0022226935
0,0.06354989
0,0.21557571
1,0.1953478
0,-0.07371136
0,-0.035616357
1,-0.09389906
0,-0.07085595
0,0.080902815
0,-0.053072438
0,0.010288559
1,0.027952503
1,0.32002592
0,-0.02159964
1,0.1541179
0,0.14952737
1,0.011255824
1,-0.16667102
1,-0.090137735
0,0.082293764
1,0.35435367
1,0.22723384
1,0.1541382
1,-0.115389355
0,0.1937777
1,0.3148229
0,0.2267368
0,0.047019586
1,0.25093964
1,0.05873388
0,-0.008805642
1,0.07797788
1,0.06005046
1,0.45941395
1,0.108118884
0,0.100536264
0,0.02746054
0,0.0827117
0,0.03982585
0,0.064665385
1,0.08580512
0,0.007166515
1,-0.05248874
1,0.020051004
1,-0.095237926
1,0.34493974
0,-0.019941546
0,-0.08003486
1,-0.16345036
0,0.08624541
1,-0.19690178
1,0.095615275
1,0.029440805
1,-0.13990286
1,0.36814594
1,-0.025128387
0,-0.076894306
0,0.17118958
0,-0.011964859
1,-0.059266794
0,0.0075691976
0,0.19186318
0,0.018265268
1,0.06886265
0,0.031908758
1,0.24212924
1,0.1792973
0,-0.11595692
0,0.10680116
1,-0.2309752
0,0.022978881
0,0.08649589
1,0.050408624
1,0.1234433
0,0.012115162
0,0.004942157
1,0.19191822
1,0.36387798
1,0.022820203
1,0.33275503
1,-0.37831712
0,-0.0015299376
1,0.3492504
1,-0.10390365
0,0.05749789
0,-0.12447547
0,0.032779314
1,-0.016459344
0,0.03860879
1,0.03862854
0,0.048470467
0,0.0012788707
0,-0.09888589
1,0.075461216
0,-0.028406737
0,0.10738332
0,0.084360026
1,0.21489424
1,-0.009424056
1,0.11199493
0,0.03572335
0,-0.0013141346
0,0.056093108
0,0.1044168
0,-0.094906755
0,-0.045654804
1,0.12658747
1,-0.085712254
0,-0.12627251
1,0.17987148
1,-0.08839514
0,-0.043737993
0,-0.09290098
1,-0.083174646
1,0.04664162
0,-0.04090067
1,0.094558984
1,0.4460451
0,0.06437926
1,-0.10878545
1,0.20615715
0,0.13251168
1,0.10137464
0,0.004645261
0,0.08173633
0,-0.026577875
1,-0.16222264
0,-0.12227471
0,-0.049555846
0,0.16998366
0,-0.11331116
0,-0.041995227
0,0.02279011
1,-0.08434018
1,0.2702971
1,-0.26478544
0,0.11237978
0,0.012707227
1,0.13708761
0,0.21407263
0,-0.0295328
0,0.036925055
1,0.03671436
0,0.11384099
0,-0.016123546
0,-0.0015328862
0,-0.152203
0,0.15239075
0,0.012926508
0,0.03320141
0,-0.0027024192
1,-0.21982138
1,-0.02646448
0,-0.043806598
0,-0.009538703
0,0.018424446
0,0.00839206
0,-0.00892389
1,0.1113984
0,-0.06367704
1,0.16063371
0,0.13914433
1,0.22940294
1,-0.043567516
1,0.15298711
1,0.20709147
1,-0.13724886
1,0.12872477
0,0.0029365253
1,0.059115715
1,0.07634641
0,-0.2089174
0,-0.17268956
1,0.27051786
0,-0.005587671
1,-0.13170813
1,0.110010415
1,-0.027060725
1,-0.07260342
0,-0.11134216
0,-0.076547824
0,0.065215565
0,-0.061616037
0,0.107264176
1,-0.06504573
1,-0.28276882
1,0.11146854
1,-0.0703046
1,0.25166866
0,0.010000741
0,-0.026897892
1,-0.054235633
1,-0.087529
0,0.1750066
1,0.14320207
0,-0.16968355
0,-0.13089001
1,0.12628342
0,-0.01000238
1,0.2066899
1,0.17849919
1,-0.09220102
0,-0.12023593
1,0.129406
0,0.06201303
1,-0.1054131
0,-0.0022854377
1,-0.1491903
1,-0.032291804
1,-0.069758825
0,0.13720798
0,-0.05208396
1,0.105199225
1,0.06642023
1,0.1750703
0,-0.01631017
0,0.18681176
0,-0.069730274
1,-0.14242539
1,0.24552739
0,-0.047468744
1,0.0609912
1,-0.020544166
0,0.03302786
1,-0.17022854
1,0.21683939
0,0.083151855
1,-0.015863994
1,-0.039934825
0,-0.14091353
1,-0.025886616
1,0.3766076
1,-0.026169278
1,0.21405944
0,0.061216205
0,0.2140113
0,-0.011772826
1,-0.05406611
1,0.20413923
1,-0.2086942
1,0.016014062
1,-0.012808099
1,0.22211896
1,-0.20452495
1,-0.04155717
1,0.07470291
1,0.11787091
1,0.1836299
0,-0.007136113
0,-0.17738652
1,0.09353037
1,0.16620472
1,-0.058576144
1,0.1502012
1,0.04508561
1,-0.108631864
1,-0.030471176
1,-0.07130019
1,0.18978211
0,-0.029940054
1,0.3096242
0,-0.059611864
0,-0.09216017
0,0.014549788
0,-0.1404973
1,-0.106956095
0,0.14589044
1,0.038002912
0,0.123012684
1,0.15955573
0,-0.0030933954
0,0.014394445
0,-0.08599783
0,-0.020261155
1,0.06695263
0,0.17423329
1,0.17069528
0,0.103843115
1,-0.15983188
0,0.11513401
1,0.010764461
0,0.07150148
1,0.17351015
1,-0.17272566
1,0.014518289
1,0.34110492
0,-0.024888914
0,0.10640561
0,-0.094893426
0,0.13125744
0,0.054214604
0,0.13280441
1,-0.16877587
0,-0.10176997
1,-0.0050853803
0,-0.019734005
1,0.073641956
1,0.17288515
1,0.09171597
0,-0.09748018
0,0.10113269
1,-0.265613
1,-0.0045922715
0,-0.095961556
0,-0.070894845
0,0.033495788
1,-0.11305353
0,0.081239395
0,-0.013948623
0,0.06759821
1,-0.07254121
0,-0.11301001
0,0.14713214
0,0.114520855
0,0.03268931
0,-0.050443675
0,-0.054541063
1,0.2098041
0,0.035715222
1,-0.057723813
0,-0.25812596
1,0.15176049
0,-0.20810327
0,-0.017604055
0,-0.058542963
1,0.01631327
1,-0.19304848
1,-0.16307054
0,0.082486026
1,-0.18976584
1,-0.07427904
0,0.17441675
1,-0.19002013
0,0.03680003
1,0.046246476
0,0.00010706438
1,-0.22841252
1,-0.05246886
1,0.17757809
1,0.430523
0,0.0024424768
1,-0.12275824
1,0.37181044
1,-0.08441454
1,0.1513848
0,-0.087394744
0,-0.003659652
1,0.17291811
1,0.16776118
1,0.0066548735
0,0.09475411
1,0.32938024
0,0.007911846
0,0.10101364
1,-0.021826532
0,0.11618812
0,0.12983717
0,-0.12640962
0,0.18304168
0,-0.023662355
1,0.15668696
1,0.13686591
1,0.0020652846
1,0.26962093
0,0.0382312
0,0.14658108
0,-0.07003997
1,0.06843333
1,0.18121433
1,0.024467453
1,-0.19633558
1,0.019294534
1,0.27391645
0,-0.030894171
1,-0.123695135
1,-0.06309818
1,0.16350849
1,0.36939633
0,0.038726505
0,-0.015217239
1,0.03231667
0,0.15802188
0,-0.018295959
0,0.28609195
1,0.087890394
1,-0.08036522
0,0.0080405325
0,-0.0017714219
1,-0.2317319
1,0.0065407054
0,-0.004249325
1,0.02509024
0,-0.0014508702
0,-0.01505086
1,-0.21860601
0,0.017058752
0,-0.029685028
1,0.20548877
0,0.028278714
1,-0.015139402
0,-0.019135326
0,-0.043857317
0,-0.02174715
1,-0.18260723
1,0.35212624
1,0.027305987
1,0.09485849
1,-0.02813178
0,-0.07742589
1,0.08859975
1,0.1555157
0,0.029309306
0,0.04642125
0,-0.17166989
0,-0.21805443
1,-0.32765472
1,0.30729106
1,0.05501796
0,-0.045073427
0,0.03239312
0,-0.04474478
0,-0.13569322
1,0.16198054
0,0.0006760261
0,0.041936927
1,0.02236564
1,-0.082392745
1,-0.06131474
0,-0.044720907
0,0.11890561
1,0.027841592
1,0.025363244
0,-0.004305456
1,-0.029708546
1,0.15553011
0,0.17225099
0,-0.05563131
1,-0.11418365
0,0.04506233
0,0.013317367
1,-0.13944161
1,0.2246987
0,0.025437664
1,0.28287652
1,0.029212322
1,0.1811595
1,0.14703548
0,-0.012484623
0,0.0031445026
1,-0.14582925
1,-0.2904572
1,-0.028920107
0,-0.14961742
1,0.23420109
0,0.18061192
0,-0.13353515
1,-0.16184254
0,0.14359388
0,0.0059772623
0,0.04832633
0,-0.010196574
1,0.07382425
1,0.13179016
0,-0.05789281
0,-0.085896954
0,0.07891708
1,-0.23278941
1,-0.13888526
0,-0.0055301394
0,-0.04012395
1,-0.17258775
0,0.18884191
0,-0.050998315
1,0.13083068
0,-0.101526774
1,-0.10594642
0,-0.11917818
1,-0.016809914
0,-0.059292275
0,-0.09204606
1,0.07392342
0,0.026982727
0,0.0032790117
1,0.043065824
0,-0.027233753
1,0.0050919317
0,-0.012672368
1,0.18366428
1,-0.078740515
1,-0.15014896
1,0.103399575
0,0.0023749797
0,-0.037497923
0,0.032263983
0,0.026740722
0,0.03545897
1,-0.06317754
0,-0.12179738
0,-0.034879126
1,0.37000328
1,0.23675427
1,0.09890391
1,0.08482932
0,0.11009975
0,-0.03639687
0,-0.09442844
0,0.055709157
1,0.011338925
1,0.05362898
0,0.14623415
1,-0.035399243
1,0.08760843
0,0.070292756
0,-0.065209426
0,0.03470439
0,0.15810657
1,-0.18977897
1,0.2365216
1,0.081841074
0,0.0217259
1,0.03471146
1,0.0449604
1,0.17264357
0,-0.21130352
0,-0.071304984
0,0.063224114
1,0.002722733
0,-0.105514765
0,-0.012014355
0,0.16589674
0,-0.00037135795
0,-0.031399738
1,0.07903918
0,-0.06970662
0,0.09650933
1,0.081781246
1,0.13788256
1,-0.19223885
0,-0.053123955
1,0.32957327
0,-0.06814587
0,-0.0861068
0,-0.121444166
1,0.010808662
0,-0.21145262
0,-0.09548837
0,0.027871892
1,-0.0025510956
1,0.3187506
0,0.10346421
0,0.03743161
0,0.106822774
0,0.016882502
0,0.14254658
1,0.1861531
0,0.0407731
0,-0.026784725
0,-0.0357345
0,0.04053195
1,0.112176806
1,0.1822735
1,0.10984216
1,0.04783762
0,-0.0028501917
0,-0.026482522
0,0.07020526
1,-0.25947928
1,0.062107366
0,-0.016194727
1,0.10061054
0,0.041092414
1,-0.21232112
1,-0.05582474
0,-0.029041622
1,0.25979635
1,-0.0294909
1,-0.07642709
1,0.107684195
0,0.008315693
1,0.061153818
1,0.09418318
1,0.024278235
0,-0.03972481
1,-0.22185265
0,0.19980821
0,-0.06300437
1,0.053941928
0,0.026088119
0,-0.051001947
0,-0.04457002
1,0.41059098
1,0.11244184
1,0.26975343
0,-0.14463498
0,0.089460075
1,-0.04349658
0,-0.022893963
1,-0.05236488
0,-0.031344403
1,0.090565115
0,-0.0010753677
1,0.11026679
1,0.15387195
0,0.06527419
1,-0.1554759
1,0.13989462
1,0.21303655
0,0.2078164
0,0.11939363
0,-0.031791724
0,0.08597567
1,0.16898076
0,-0.014811559
0,-0.060288142
1,0.07790543
1,0.19322877
0,-0.14128992
1,0.16875634
1,0.22672749
1,-0.007276347
1,0.19676594
1,0.11356663
0,0.08263825
1,0.3159851
1,0.021971043
0,0.21330857
0,-0.021484798
1,-0.13747457
1,-0.24415037
1,0.25713348
0,-0.03639309
0,-0.12971283
0,-0.02685027
1,0.35991046
0,-0.069350384
0,-0.011704362
1,-0.18766648
0,0.08230528
1,0.010347564
0,-0.01671814
1,0.18717824
0,-0.10258091
1,0.08387067
1,0.22615983
1,0.16044858
0,0.01995996
1,0.060867105
0,0.025564266
1,0.0077170297
0,0.042296685
1,0.08848337
0,0.07372829
1,-0.15781145
0,-0.012023777
0,0.044994086
0,0.013747653
0,0.0600128
1,0.19101317
0,-0.007776157
0,0.073031254
0,-0.009914852
1,-0.15589112
0,-0.10665168
0,-0.015668357
0,0.15167321
0,-0.011585202
0,0.14924133
0,0.0034573912
1,0.1444943
1,0.011287095
0,0.08522889
0,0.04468864
0,0.05144442
1,-0.30689412
1,-0.061128136
0,0.040653262
1,0.035370886
0,0.0530462
0,-0.07827914
0,-0.018545916
1,-0.06910262
0,0.01555089
1,0.13330142
1,-0.097900234
0,0.037745327
0,0.024020664
1,-0.034118623
1,0.056947116
1,0.111891724
0,-0.08834175
1,0.081284665
1,0.08202366
1,0.087838486
0,0.14350128
1,0.12806608
0,0.113733105
0,-0.0013734661
1,0.00018882891
0,0.07719228
0,0.23316276
1,-0.03752905
0,-0.10598224
1,-0.19269188
0,-0.19898167
0,0.04603142
0,0.004276307
1,-0.0035690544
1,-0.15228917
0,-0.004758333
1,-0.017860083
0,-0.029787444
1,0.3246829
1,0.17025004
1,0.18118869
1,0.08779427
1,0.27350962
1,0.20522575
1,0.1140576
0,0.043866146
1,-0.03289169
0,0.04971855
0,-0.10833054
1,0.19842553
0,0.10195632
1,-0.019789772
0,0.043524876
0,-0.08244021
0,-0.0035282047
0,0.052704062
1,0.13843983
1,0.021050515
0,-0.08874946
1,-0.008065302
1,0.23824158
0,-0.11676274
1,0.20410906
0,-0.014526387
1,0.2554676
1,0.0075697834
0,0.08149754
1,-0.115059584
1,-0.20500904
1,-0.04765214
1,0.20979634
1,-0.06850922
0,-0.17872249
1,0.06649897
0,-0.005433446
0,0.18006195
0,0.0259195
1,0.051914066
0,0.032938324
1,0.3540166
0,0.046950247
1,-0.050718985
1,0.24280463
0,-0.028084094
0,-0.0074477596
0,-0.02248984
1,-0.06622425
1,-0.04097118
1,0.037596125
1,0.06992918
0,0.035432734
1,-0.0920341
0,0.07129167
1,0.17690988
1,0.22368063
0,0.041614696
0,0.08619867
0,0.22688447
0,0.014149945
0,-0.09852461
0,0.034258276
1,0.13182521
0,-0.08258556
0,-0.16555405
0,-0.029835794
1,-0.14228818
1,-0.021562833
1,-0.05868676
0,-0.20100275
1,0.026657274
1,0.20214298
1,0.16524488
1,-0.18525581
1,0.13579945
1,-0.056944937
0,0.036076352
1,-0.15509568
0,0.07842203
1,0.08329449
0,-0.030557316
0,0.07343224
0,-0.028354716
0,-0.003787019
1,0.31523827
0,0.011948252
0,0.06005025
0,0.015492393
0,-0.067128845
1,0.15676896
0,0.008025412
0,0.113596536
0,-0.06900315
0,0.015627053
1,0.2921265
1,0.22413057
0,0.013492046
1,0.18656547
1,0.09890048
1,-0.16497755
0,0.00811255
0,-0.045635343
1,0.33576483
0,0.111705296
0,0.09595371
1,-0.020512814
1,-0.032393675
1,0.27923027
0,-0.09089187
1,0.31170276
0,0.15712246
1,-0.09276399
1,0.0013958123
1,0.14285667
1,0.10630214
1,0.35695425
0,0.04019136
0,0.07861709
1,0.09135103
1,0.3718435
0,-0.023875004
0,0.032364927
1,-0.0011131649
1,0.2929524
0,-0.12214409
0,-0.043958
0,0.22701082
0,0.029753843
0,-0.05795387
1,0.03442952
0,0.2155279
1,0.050308563
0,0.0302704
1,-0.012622613
0,-0.08464889
0,0.1599353
1,0.26383463
0,-0.20899355
1,0.13570872
0,-0.0019836258
0,0.07266957
0,0.10227228
0,-0.019400064
0,-0.22480237
1,-0.03525268
1,0.23383042
0,0.09305755
0,-0.0013159662
0,0.07399882
1,0.24073987
1,-0.023838177
1,-0.026366541
0,0.09480573
1,0.16327085
1,0.045365
0,0.027285263
1,0.31213188
0,0.009237605
1,0.07295341
0,0.040021434
1,0.10266739
1,-0.12641826
1,0.17044437
0,0.023152255
0,0.07477977
0,0.13429765
0,-0.053641457
1,-0.18014012
1,0.030987386
0,-0.020315563
1,-0.08485012
0,0.13711324
1,-0.14316754
1,0.100324556
1,-0.03517028
1,0.09700075
0,-0.015462748
1,0.1574283
0,-0.0044928486
1,0.17276025
0,0.040579904
1,0.07264034
1,0.14831449
0,0.0527028
1,-0.08028816
0,-0.103736326
0,0.14310306
0,-0.03889863
0,0.032587115
0,0.005289086
1,0.19932102
1,0.06946491
0,-0.012129146
1,0.076328166
0,0.045122933
0,0.07169624
1,-0.016338494
0,-0.029712616
1,-0.027297376
1,-0.12295116
1,-0.30540133
1,0.105816826
0,0.04487697
1,0.026563838
1,-0.004269431
1,0.031129401
0,-0.06546194
0,-0.018778296
1,-0.06585649
0,-0.018179225
0,-0.09083384
1,0.06290393
1,0.29237178
1,0.2062478
0,0.014692613
1,0.12594287
1,-0.12842783
1,-0.16462824
1,0.18655781
0,-0.076939486
1,-0.23258841
0,-0.036688015
0,0.06017598
1,-0.08302753
0,-0.02236458
1,0.3020541
1,-0.09377955
0,0.037500292
1,0.23122385
0,0.08637304
1,0.12571403
0,0.052846864
1,-0.064554945
0,-0.096693695
0,-0.020724885
0,0.13675714
0,0.14247705
1,0.08055946
0,-0.062035188
1,0.094507955
1,0.110312834
1,0.05087633
0,0.005258227
0,0.072339036
1,0.09688882
1,0.06000199
1,0.013291353
1,-0.0632543
0,0.1909393
0,0.25076282
0,0.020777818
1,-0.1046352
0,0.06859376
1,-0.085840285
0,-0.0061683245
1,-0.08976421
1,0.01231804
1,-0.0014607762
1,-0.10020379
1,0.04580072
1,0.21867524
1,0.019137286
0,-0.12510072
1,0.09684596
1,-0.14918739
0,-0.03776906
0,0.06851187
1,-0.058465794
1,0.22374135
0,-0.025680125
0,-0.026343152
0,0.14279379
1,0.14316978
0,0.011579953
1,-0.044823445
1,0.0714607
0,-0.09156244
0,0.010207567
1,-0.16910124
1,-0.028495936
1,-0.043026812
0,-0.049068376
0,0.011462665
1,0.08587152
0,0.05547136
0,0.16425607
0,0.17112972
1,0.18181309
0,-0.007848606
1,0.31203187
1,0.07509032
1,0.28575122
1,-0.09355631
1,-0.0316842
0,0.11424869
0,0.06803201
1,0.089223005
0,-0.09987175
1,0.022480557
0,0.01254048
1,-0.1587014
0,0.1179792
0,-0.06695826
0,0.061538488
1,0.18572861
0,-0.014545241
0,0.121877685
0,-0.12671083
1,-0.0410603
0,-0.10244433
0,-0.1525098
1,0.031053152
0,-0.12705226
1,-0.050467707
1,0.11339912
1,0.02329706
0,0.065495744
0,0.071136825
1,-0.22570103
0,-0.078613445
0,-0.11625317
0,0.054225538
0,0.01062998
1,-0.072112694
0,0.04337239
1,-0.031174684
1,0.38251254
1,0.12685107
0,-0.054494396
0,-0.06668814
1,0.2454033
0,0.013171196
0,0.18965672
0,-0.0006791875
1,0.07771659
1,-0.047917217
1,-0.026675347
0,-0.03777031
0,0.079130456
0,0.07124823
0,0.08390965
0,0.008777087
0,0.10238922
0,-0.04320912
0,0.03141459
0,-0.11623011
1,-0.07178901
0,-0.021029027
0,0.02769162
0,-0.078767285
0,0.15556896
0,-0.05475933
1,0.15930378
1,-0.09135173
1,-0.21515766
0,0.074674286
0,0.08328661
1,0.24530675
1,0.15888795
0,0.03579323
0,-0.02863105
0,0.07065324
0,0.0029598502
1,-0.2953004
0,0.027910613
1,0.05887818
0,-0.08818523
1,-0.04824983
0,0.044174165
1,-0.078487225
1,0.06743186
0,-0.09057374
1,0.011030078
1,0.08690861
0,0.15476303
1,-0.17493178
0,-0.06086655
0,-0.08553196
1,0.0070002135
0,-0.1646404
1,0.19142227
0,-0.05008285
1,-0.06322318
0,-0.022317182
0,0.09566611
1,-0.030871205
1,0.33083764
0,-0.022662759
1,0.21674131
0,-0.0371766
1,0.022212483
0,0.06015535
1,0.028414067
0,-0.041631017
0,0.036115628
1,0.0010928784
1,-0.05189174
0,0.06369673
0,0.020158922
1,0.20306444
0,0.06629289
0,-0.057650775
0,-0.09438401
0,-0.097766474
1,-0.20005153
1,0.19994843
0,-0.021243613
0,0.1351418
0,0.064024456
1,-0.07022595
1,-0.121820666
1,0.33188865
0,-0.077951275
0,0.0815959
0,0.08384652
0,-0.07333557
0,-0.13259768
1,0.25270885
1,0.23332582
1,0.32295933
0,0.26673633
0,0.091354534
1,0.022001855
0,0.04089725
1,0.2155332
0,0.0758114
0,0.056105703
1,-0.20712237
0,0.17916998
0,-0.032934666
1,0.20980178
1,-0.12292082
0,-0.02492918
0,0.10209765
0,-0.15288487
1,0.099345386
0,0.04402892
0,-0.026278723
1,0.2856301
0,0.01780042
1,0.22410044
1,0.111613214
0,-0.0037485757
0,0.021738347
0,-0.032884434
1,0.024130788
1,-0.17334163
1,0.084507704
0,-0.044902414
1,0.08650646
1,-0.051958684
1,-0.15441297
1,-0.18463565
0,-0.116073795
0,-0.032047126
1,0.13081858
1,-0.19464906
0,-0.041807927
0,0.12331256
0,0.07341297
1,0.007288817
0,-0.04554157
0,-0.07939245
0,-0.12674287
0,-0.013042998
0,0.06893486
0,0.19085135
1,0.024580384
0,-0.03416833
0,-0.09787309
0,-0.09718573
1,-0.22146712
1,0.05606576
1,0.22797842
1,0.0033398087
0,-0.12411279
0,0.09410268
0,-0.035363656
1,0.1724811
0,0.048373677
1,-0.08014431
0,0.07594235
1,0.01652755
1,0.13440436
1,0.134289
1,-0.1505699
0,-0.021153409
0,-0.13530454
0,0.07774865
1,0.1517615
1,0.20080933
0,0.058453083
1,0.37141216
0,-0.14905122
0,0.024025936
0,0.14916345
1,0.2737362
1,0.08159263
1,-0.09900185
0,-0.051531706
0,0.079572104
1,-0.08868188
0,-0.014345075
1,-0.19298215
1,0.23158439
0,-0.03824552
1,0.08644808
0,0.0008474821
0,0.11597967
1,0.13752724
1,0.046542794
0,0.18974769
0,-0.05485211
1,-0.0010958314
1,-0.00027147308
1,-0.20919885
0,0.0051178457
0,0.019700235
1,0.28410053
1,-0.059143107
0,-0.03182567
1,0.048764084
1,-0.025850385
1,0.24681506
0,-0.07255039
1,0.13422391
0,0.04461292
0,-0.030000318
0,0.059326693
0,-0.034431312
1,-0.058591157
0,-0.09413259
1,0.16206369
0,0.007119219
1,0.25650355
1,0.03553671
1,-0.18324843
0,-0.059751824
1,0.31684163
0,-0.015987612
0,0.104670525
1,0.31974465
1,-0.20533508
1,-0.13153753
0,0.24781182
0,-0.08027425
1,0.02835573
1,-0.08433764
0,-0.13860524
0,-0.1744028
0,-0.11821142
1,-0.1256579
1,0.06768347
0,-0.1345985
0,0.23443136
1,0.18530293
1,0.053566195
0,-0.018614266
0,-0.049569298
1,-0.021775033
0,0.03914874
1,0.003763971
0,-0.07796817
0,0.12255437
0,-0.17096372
0,-0.10376519
1,0.004467208
0,0.035950795
1,-0.015730012
0,0.06976691
0,-0.034442734
0,-0.026310906
0,-0.021478206
0,0.19101234
1,-0.026366368
0,-0.10177159
1,0.082286246
0,-0.06632587
1,-0.13881676
1,0.08843514
1,-0.21722274
1,0.2956251
1,0.2901047
0,0.044527363
1,-0.025254466
0,0.0058578546
1,-0.09560485
0,0.07497982
1,-0.044496506
1,-0.18834727
0,-0.081484444
0,-0.016594375
1,0.17980196
1,0.32106587
1,0.029602062
1,0.10437601
0,-0.064722426
0,-0.026775008
1,-0.044051766
1,-0.15487684
1,0.15388897
1,-0.024839247
1,0.2734444
1,-0.0115425605
0,0.046341363
0,0.11536556
0,-0.0037860284
0,-0.13317253
0,0.024725506
0,0.042977504
1,0.21097752
0,-0.08782173
0,-0.22391234
0,0.04405029
0,0.19113407
0,0.11732527
0,0.041822277
0,0.04792131
0,-0.0011188267
1,-0.046529897
0,-0.013563219
1,-0.3037643
1,-0.10861382
0,0.03075207
1,-0.048757806
0,-0.066147834
0,-0.040121224
0,0.04217266
0,-0.09640737
0,0.014017027
1,-0.027912857
0,-0.020802092
1,0.16727409
1,0.1453646
0,-0.037760824
1,-0.013608945
0,-0.06598592
1,0.10994158
1,0.16179557
1,-0.090995505
1,0.07734077
1,0.3644927
1,-0.12965345
1,-0.038073428
0,0.051954977
0,0.049698375
1,0.20058349
1,0.3799228
0,0.045708768
1,0.045619145
1,0.040149704
0,-0.12017548
1,0.19034937
1,-0.07611376
0,0.16626602
0,-0.08061719
1,0.19382282
0,-0.024837703
0,0.06638494
0,0.15497462
1,0.13073958
1,0.10316967
0,0.15955421
0,-0.06613834
1,0.0004680485
0,-0.02965509
0,-0.012172677
0,0.051920794
1,-0.04843028
1,0.29174876
0,-0.08595739
1,0.08625518
0,0.1576316
0,-0.14871922
0,-0.03262259
1,-0.19968058
1,0.09666836
0,0.039159525
1,0.19613908
1,-0.06971117
1,0.22422211
0,-0.11671193
1,0.16737224
0,0.099165216
0,0.054538604
0,0.0251324
1,0.045219067
1,0.23027429
1,0.022271542
1,0.15964079
1,-0.043079093
1,0.11391655
1,0.0051476723
1,-0.10233174
1,-0.059714705
1,0.42526874
0,0.16549437
1,-0.009534371
0,-0.036907833
1,-0.27773556
1,0.2967071
0,0.03887512
1,0.03140896
0,-0.09674819
1,0.14983845
1,0.27503008
1,0.033325367
0,0.06892026
1,-0.061164595
0,0.011358787
0,0.035191488
0,-0.003962772
0,0.06448124
0,0.05894416
1,-0.048247483
1,-0.06864965
1,-0.1048402
1,0.2040925
1,0.322827
0,-0.047346074
1,-0.0024136195
1,0.38756528
1,0.15696035
1,-0.26231235
0,0.032874838
1,0.20365049
1,-0.17003274
0,0.18796305
1,0.1352958
1,-0.13880906
0,0.062210314
0,-0.059876196
0,0.07272355
0,0.1357908
1,-0.07114484
0,0.05086864
0,0.0063671595
1,0.24647105
0,-0.067522205
1,0.113311924
1,-0.09657477
1,0.356331
1,0.24287648
0,0.050041128
0,-0.10510839
1,-0.035290968
1,-0.10576549
1,-0.046065852
1,-0.14327933
1,0.053797837
1,-0.100100964
1,0.116996184
1,0.26164815
1,-0.19071512
0,-0.08750377
1,0.10084084
0,0.08508669
0,-0.051880345
1,-0.009205895
0,-0.04429833
1,0.19114159
1,0.14584172
0,0.07581598
1,0.21947587
0,-0.26083964
1,0.04794395
1,0.17035988
0,-0.030416472
1,0.0665767
0,0.005795357
1,-0.14864178
0,0.016961731
0,-0.14542706
1,0.27578944
1,0.32406253
1,0.07279349
0,-0.09427846
1,-0.29914966
0,0.06546019
1,0.14513166
1,-0.021289097
0,2.5101006e-05
1,-0.04204547
1,0.17565653
0,-0.13166514
1,0.14135261
1,0.10394558
1,0.28508496
0,-0.0366346
0,0.093751855
1,-0.14064242
1,0.21255532
0,0.05466195
1,0.1381424
0,-0.13576749
1,-0.13307332
0,-0.017267104
1,0.037560336
1,0.13365994
0,-0.09909104
1,-0.17159404
0,-0.0154694915
0,-0.06130318
1,0.03990039
1,-0.027775284
0,-0.14747795
0,-0.0064725215
1,-0.21869324
0,0.05223859
1,0.0059368843
0,0.0050861295
0,-0.12473636
1,-0.27699855
1,0.13616835
1,0.122062005
0,0.03298277
1,0.10715464
0,0.07778488
0,-0.072482996
1,0.1486506
0,-0.0010433814
1,0.24199301
1,0.29360136
1,-0.26313376
1,-0.11441186
1,-0.29621622
0,-0.09030766
1,0.08566645
1,0.10637048
0,-0.08754818
0,0.085498065
1,0.18899791
1,-0.2413656
0,0.062335394
1,-0.11425819
0,0.17651483
0,-0.020502333
1,0.072234176
0,-0.11136219
1,-0.061194066
0,-0.10458264
1,-0.013450269
1,-0.084133804
0,-0.04881722
1,0.12699401
1,-0.14848518
1,-0.09345534
0,0.08207839
1,0.0054379725
0,0.038734425
0,0.014469068
0,0.011200748
0,0.005468362
1,-0.15013015
0,0.013211709
0,0.047385994
1,-0.17347804
1,0.24737614
0,0.020303866
1,0.17555091
1,0.092818365
0,0.12609956
0,0.0035625515
1,-0.03340841
0,0.044227716
1,0.1574976
0,0.027360614
1,-0.028792504
0,-0.080101214
0,-0.19095035
1,0.009595116
0,0.036364257
1,-0.022886699
1,0.12034923
1,0.25945032
1,-0.40863597
0,-0.06634415
0,0.08501741
0,-0.022713024
1,-0.08584141
0,-0.028143868
1,-0.018750884
1,-0.01142171
0,0.16863571
1,0.18022728
1,-0.037621524
1,0.09911352
0,-0.17245194
1,-0.08082463
1,-0.053759646
0,0.11004558
1,0.19213358
1,0.15094434
0,-0.023356892
1,-0.050798684
0,-0.031058123
0,-0.0014697849
1,0.07254267
1,-0.05658172
1,-0.17851837
1,0.09432549
0,0.013697793
1,0.18268743
1,0.16023478
0,0.075686485
0,-0.00841174
1,0.053514257
1,0.110628
0,-0.076234825
1,-0.0037962645
0,0.122315586
0,-0.008213066
0,0.033040155
1,0.2376178
0,0.00949678
1,0.15893419
1,0.017597469
0,-0.020690233
0,0.1061498
1,0.23656805
1,-0.07032098
0,-0.0074934983
0,-0.0026342217
1,-0.19486152
0,-0.024076313
1,-0.031062212
1,-0.27883333
0,0.057409383
0,0.023291975
0,-0.019311883
0,0.013648266
1,-0.15673223
1,0.2012985
1,0.06329355
0,-0.056603428
1,-0.047388334
0,0.021067385
0,0.096823
0,-0.047926854
1,-0.10708266
1,-0.21337067
1,0.39768595
0,0.0064916313
1,0.006045658
1,-0.060110204
0,0.10913106
0,0.088495255
0,0.080255926
1,0.13877904
0,-0.014964699
0,0.23524891
1,-0.17342673
0,-0.13740328
1,0.07519069
1,-0.12609558
1,0.21124823
0,-0.060162313
1,-0.047266282
1,0.28580883
0,0.123945765
1,-0.057052016
1,0.08414678
1,-0.008136813
0,0.077480234
0,0.017394997
1,-0.043914914
1,0.22606567
1,-0.11463247
1,-0.0630808
1,-0.016983988
0,0.023668427
0,0.043873902
1,-0.23007423
1,-0.14086832
0,-0.057535253
1,0.18264732
1,-0.21780436
0,-0.092957444
0,-0.13277407
1,0.20959535
1,-0.17408378
0,-0.039770767
1,0.046925347
0,0.006370104
1,0.09360506
1,-0.29075333
0,0.0447924
1,-0.000828892
0,0.043150913
0,-0.018169474
1,0.11682107
0,-0.04239575
0,-0.07925967
0,0.091802776
0,-0.017696735
1,0.04251172
1,-0.02174802
1,-0.14105351
0,0.037707694
0,-0.01145484
1,-0.033808976
0,0.23011385
1,0.14626527
1,0.010454561
0,-0.055745173
0,0.07223715
1,0.09074981
1,0.014750733
1,-0.04493171
1,0.11592132
0,0.10881883
0,0.009205642
0,-0.09793429
1,-0.16063112
0,-0.03001267
1,0.25760835
1,0.07112114
0,0.001491406
1,0.067799166
0,0.028780919
1,0.26497337
0,-0.0924091
1,0.21027367
1,-0.17657784
0,0.009053455
1,0.26816228
1,-0.2536283
1,-0.20758562
0,-0.006193701
1,-0.006878296
0,0.01469932
0,-0.0055269375
1,-0.10849824
0,-0.024728566
0,-0.006977932
0,0.08639153
0,0.049569048
1,0.071347944
1,-0.09444117
1,0.028340722
1,0.22740285
0,-0.09270875
1,0.17899227
1,-0.07102517
0,0.0301474
0,0.004174693
0,0.0536398
0,-0.08469016
0,0.038286127
1,0.113979444
0,-0.0011267916
0,-0.0069493838
0,-0.04518709
1,0.12338472
1,-0.028903304
1,-0.09313763
1,0.18067533
1,0.1881476
0,-0.16946787
1,-0.015052278
0,0.19990422
1,0.27688378
0,-0.022595117
1,0.034807216
0,0.011202056
1,0.12048353
0,-0.030991634
1,-0.01518314
1,0.014073892
0,0.0977044
1,0.13127163
1,0.049403578
0,-0.02441097
1,0.014783101
0,-0.11593375
1,0.20757069
0,0.04025751
1,0.39301527
0,-0.061394032
0,-0.004442757
0,0.07229586
0,0.07601823
0,0.1632564
1,0.077270664
0,0.013580815
0,0.113345325
0,-0.07843331
1,-0.2865648
1,-0.009270413
0,-0.050596096
0,-0.021485977
0,-0.09604231
0,0.09553104
0,0.04452145
1,0.099958666
1,0.15219416
1,-0.17722335
0,-0.117681734
1,-0.093643636
1,0.16151145
0,0.14917427
1,0.029684018
1,0.30506566
1,-0.037447087
0,0.04698363
0,0.049342867
0,-0.08834206
0,-0.08216314
1,0.4108905
1,0.10157718
1,-0.0059474595
1,-0.08332446
1,-0.3870766
1,-0.0652804
1,-0.019684754
0,0.018919205
0,0.03256655
1,0.17287545
0,-0.08933035
1,-0.2908989
0,0.21696766
1,-0.23839512
0,0.1532487
1,0.00042590802
0,-0.014398111
0,-0.004104457
1,0.00994591
0,-0.037210412
0,0.06253892
0,0.037392974
1,-0.32860345
0,0.07291566
1,0.083221495
0,0.05278716
0,0.040769603
1,-0.05924166
0,-0.07789771
1,-0.11787968
1,-0.051229592
1,-0.035318095
0,0.02653864
1,-0.30465278
0,-0.03234268
0,0.01318829
1,0.0046171676
0,-0.028548514
1,-0.44277045
1,0.19177748
1,-0.054182675
1,0.19473505
1,0.15991761
1,0.36029947
1,-0.10068761
1,-0.0010527659
0,0.11256814
1,0.16780841
1,-0.038053997
0,0.005970573
0,-0.025312623
0,-0.040296096
1,-0.013695961
0,0.1894633
0,0.025416192
0,-0.030060738
0,-0.103214495
1,0.032756895
1,0.07085728
1,0.29203543
1,-0.04604044
1,0.15184455
0,0.16822022
0,-0.0011311555
0,-0.06537215
1,-0.011740806
0,0.027640866
0,-0.15030636
1,0.14998844
0,0.0004095541
1,0.071472526
1,0.4317477
0,0.051199123
1,0.29751557
1,-0.15835005
1,-0.0039841896
1,0.055906516
0,-0.08989276
1,0.0961549
1,-0.035128437
1,0.05765881
1,0.08661105
0,-0.047187127
0,-0.17944308
0,0.045272168
0,0.17226626
1,0.069970496
0,-0.019725151
0,-0.06532556
1,-0.11374764
0,-0.032246195
0,-0.08518639
0,-0.056250975
1,0.21454437
0,-0.027413731
0,-0.049991168
0,0.18662246
1,-0.081434034
0,-0.053499784
1,0.084926896
0,0.027276212
0,-0.12598766
1,-0.21551342
1,0.18765506
1,-0.011360595
0,-0.06431151
1,-0.04497621
0,0.043111
0,-0.020106105
0,-0.05826278
0,0.06450017
1,0.018930197
1,0.03743099
1,-0.21605736
1,0.021138553
1,-0.1482537
0,-0.07871268
1,0.053796325
0,-0.024453528
1,-0.09734374
1,-0.04880875
1,0.053421825
0,-0.009126972
1,0.08929013
1,0.23279859
1,0.13793842
1,0.03969193
1,-0.0014629401
0,0.0008629449
1,0.040255398
1,-0.048234306
1,0.02232912
1,-0.04330258
1,-0.034729883
0,0.047261402
0,0.07029824
1,0.1221678
1,0.14645539
0,0.024269704
0,0.0060052667
0,0.02806872
1,0.1038605
0,0.23741458
1,0.1306749
0,0.015917955
0,-0.097550675
1,0.22558543
0,0.14970952
1,-0.16435407
1,-0.10509731
1,-0.19557641
1,-0.08787108
1,0.03152188
1,0.19971259
1,-0.2603829
0,-0.0192516
1,0.18215132
0,0.016031029
0,-0.02919667
1,0.22729519
1,-0.17256865
1,0.07860598
1,-0.05364559
0,0.04030069
0,0.06359188
0,-0.07259198
0,-0.08276486
0,0.15776306
1,-0.031700723
0,0.058132328
0,0.08961139
1,0.04546657
0,0.053167526
0,-0.0849669
1,-0.08608012
1,-0.08570708
0,-0.030329248
0,0.12855761
1,0.039643086
1,0.012796296
1,0.13903514
1,0.21661082
1,-0.015257539
1,0.20643881
1,0.040666334
0,-0.21540904
0,-0.010460278
0,-0.02866096
1,0.24857901
0,0.049021382
0,-0.12171019
0,0.051186763
1,-0.023409361
1,0.17625089
0,-0.115906924
0,0.07724711
1,-0.063970365
0,0.091746435
0,-0.015104614
0,0.16601714
1,-0.15359735
1,0.079302445
1,0.14874396
1,0.042263836
0,-0.0005624001
1,0.15567526
0,0.09557755
0,0.18533872
1,-0.24480547
1,-0.049590815
0,0.08320255
0,0.12521942
1,0.17454624
1,0.3884435
0,0.10705457
0,0.07019353
1,-0.4014609
1,0.1183652
1,0.123319864
1,-0.08248534
1,-0.16676418
0,-0.028621994
1,0.08344765
1,0.027014578
0,-0.07647351
0,0.101900086
0,-0.07106144
0,0.083566226
0,0.16842692
1,0.17699334
0,0.07656663
1,-0.18281859
1,-0.005034048
1,0.0030505795
1,0.06464085
1,0.07644638
1,0.23672591
1,0.34072652
1,0.29860008
0,0.061549593
0,-0.0140353255
1,0.26902324
0,-0.17229578
0,0.025138473
1,0.28505343
0,0.013614007
0,0.20774953
0,-0.004091885
0,0.030561782
0,0.1035586
1,0.0977997
1,-0.09436345
0,0.026117604
0,-0.023115098
0,0.10494437
1,0.07127273
1,0.058132436
1,-0.03829058
1,-0.12148187
1,0.21888924
0,-0.06566817
0,-0.024093863
1,0.027833123
0,0.0454463
0,-0.018979628
1,-0.28574932
1,-0.021706045
0,0.0731841
0,0.033930168
0,0.03297244
0,-0.061928682
1,0.37142673
1,-0.024859773
0,-0.089076824
0,0.12133277
0,0.05322849
1,-0.05364698
0,-0.02531629
1,-0.16593096
1,0.09287903
1,-0.33370548
0,0.07000683
0,0.0094118
0,-0.094942674
1,0.20753482
0,-0.01796851
0,-0.050528236
0,0.088204116
0,-0.03400243
0,-0.0048207263
1,-0.2850151
0,0.08047587
0,-0.032308795
0,0.1270456
0,0.22165453
0,0.09278212
1,0.011663737
0,0.08971827
1,0.00013121031
0,-0.008721067
0,0.046037313
0,-0.032695662
0,0.14167939
0,0.042679697
0,-0.06816679
0,-0.0980473
0,0.05881022
1,-0.10326384
0,-0.10557813
0,-0.07133257
1,-0.076922685
0,-0.0017462159
1,0.02541054
0,0.14153953
0,0.025211487
0,-0.13961352
1,-0.41545376
1,-0.029654838
0,-0.034342784
0,0.07590604
1,0.34122095
0,-0.0069001336
1,-0.08004081
1,0.0967971
0,-0.008051117
1,-0.103087306
1,-0.34500778
1,0.07388517
0,-0.055416036
0,0.14062485
1,0.07135587
0,0.12556916
0,0.054850265
1,-0.19464557
1,0.07030798
0,-0.044474944
0,0.08815236
0,-0.09437734
1,-0.20069087
1,0.09868022
0,-0.057884574
0,-0.005921051
1,0.07840419
0,-0.030072264
1,0.13949654
1,0.14347947
1,0.060862426
0,0.096784845
1,0.17986521
1,0.066502914
1,0.13646297
0,-0.04917048
0,0.12555362
1,0.11395374
0,0.14274621
1,0.101116806
1,-0.16952188
0,-0.0034479012
0,0.11795734
1,0.10539957
1,-0.04285644
0,0.04960679
1,0.2726636
1,0.06666362
0,0.0246449
0,0.19730014
0,0.010686826
0,-0.107630685
1,0.123924464
1,0.052598782
0,0.008762682
0,-0.022925502
0,0.042521052
0,0.058835
1,-0.115262344
0,-0.017770378
0,-0.014187826
0,-0.025527664
1,0.2110629
1,0.021323586
0,0.081852905
1,0.080276646
1,0.08174808
1,0.14628628
1,-0.00024261046
0,0.0035798997
1,-0.05462188
1,0.10158346
0,0.047991365
0,0.009271336
1,0.1234003
1,0.010100773
1,0.51287365
0,0.04575717
0,-0.017228827
1,0.03729056
1,0.00021370873
1,0.18520194
0,-0.08968911
0,0.031117368
1,0.14697766
0,-0.023548461
1,0.09592826
1,-0.10849548
1,0.42465433
0,0.21779378
0,0.09158966
1,-0.22070643
0,0.05355031
1,0.09541926
1,-0.11659523
0,-0.046146795
0,0.044634283
0,0.14321275
0,0.05893429
0,0.050020818
1,0.35259324
0,0.035557896
1,0.10826292
1,-0.022376511
1,-0.022845285
1,-0.029211568
1,0.04186832
0,-0.09971133
0,0.009121574
0,0.07251222
1,0.06912428
1,-0.07929092
1,-0.06464522
0,0.07432232
1,0.11803956
1,0.11128076
0,-0.08663502
1,-0.049684938
1,0.2303272
0,0.0512966
1,0.3127158
1,0.09529659
1,0.32782167
1,0.08891714
1,-0.1040085
1,-0.13662373
0,0.031421065
0,-0.02801659
1,0.15943737
0,0.09927277
0,0.035429485
0,-0.12643974
1,-0.17771621
0,0.0008912829
0,0.019390529
0,0.050313797
0,0.13134387
0,-0.06583181
1,0.008429427
0,0.03953429
1,0.012996283
0,-0.033879634
0,0.029856198
0,-0.04992853
1,-0.07727088
1,-0.031750306
1,-0.13804081
0,0.13303252
0,0.14643556
1,-0.23833063
0,0.011880397
0,-0.08737503
0,-0.0474852
1,0.119372495
1,0.010895902
1,0.040760137
0,0.04962764
1,0.20926602
0,0.0023372797
0,0.03162112
1,0.009950369
0,0.04795397
0,-0.1567017
1,-0.030879356
0,0.12288794
1,0.041704223
1,-0.09403554
0,-0.044153087
1,0.20171313
0,0.060814116
1,0.10665121
1,0.2626818
1,0.09176146
0,-0.059785556
0,-0.011234576
0,-0.059679903
0,-0.09411842
0,0.045773078
0,0.04601485
0,0.16408971
0,0.15744627
1,0.028945277
0,-0.009705772
0,0.26978347
1,0.050252028
0,0.15640107
1,-0.080022275
1,-0.11585002
1,0.12318521
0,-0.06400268
1,-0.18862312
0,0.028474355
1,-0.08762367
1,0.13397202
0,-0.019989189
0,0.07326129
1,0.0072051734
0,0.011962124
0,0.025414012
0,0.14806908
1,-0.07011225
1,-0.005403595
1,0.10209455
1,0.079452656
0,-0.043345753
1,0.17851494
0,-0.08998268
1,0.032544345
0,0.025456337
0,-0.03308546
1,0.28969744
1,-0.09207535
0,0.054172125
1,0.0070146658
0,-0.19426362
1,0.18490638
0,-0.028872197
1,0.04262621
1,0.2658086
0,-0.066404484
1,-0.12694599
1,0.11433704
1,-0.097261705
0,-0.006117642
1,-0.006751178
0,-0.11670853
0,0.1935677
1,-0.048227005
0,-0.040498845
0,-0.0955909
1,0.12769476
1,0.24488582
0,-0.0056801084
1,0.12984061
1,-0.15439165
0,-0.043859504
0,0.031075973
1,0.08558299
1,0.065021776
1,-0.2992234
1,0.2747858
0,0.12459285
1,-0.13732532
0,-0.027333807
1,-0.20992844
1,0.0025125102
1,-0.053974956
0,-0.090548165
1,0.026121162
0,-0.031081207
1,0.13365471
0,-0.02448899
1,-0.118689395
0,-0.0017448319
1,-0.08679276
1,-0.103509635
1,0.05004524
1,-0.021503948
1,0.068498604
0,0.038104936
1,-0.06278159
0,0.10652799
0,0.115843564
0,0.09421991
0,-0.022128634
1,-0.25878763
0,-0.02772159
1,-0.036775947
0,0.023162842
0,0.044349156
0,-0.118514076
1,0.07532491
1,0.13888167
1,0.20013756
0,-0.012830716
0,-0.012517886
0,0.047913495
0,0.06772365
1,0.11605943
1,-0.22972459
0,0.08816754
0,-0.09893758
0,-0.023559976
1,0.03620064
0,0.1362333
0,-0.039303713
0,-0.10871545
1,0.0068405094
0,-0.043152183
0,0.10366639
0,0.10039493
0,-0.13570549
1,0.26479903
1,0.21889736
1,-0.077642806
0,0.07062997
0,0.23092194
1,0.25437343
0,0.08135417
0,-0.056263022
1,-0.12045971
0,-0.06491534
1,0.048023526
1,-0.14476787
0,-0.03162219
0,0.09884978
1,0.054239947
0,0.013106022
0,0.009744845
0,-0.029212587
0,0.18470445
0,-0.071588434
0,-0.034410805
1,-0.05675888
0,0.06196362
1,0.096368566
0,0.03849711
0,-0.08689891
0,-0.18101025
0,0.15603077
0,-0.01762833
1,-0.04120991
1,0.22073673
0,0.10985425
1,0.24814147
0,-0.08431105
1,0.0026391335
0,-0.08960007
1,0.01174426
0,-0.010945759
1,-0.02393825
1,0.025388177
0,0.043517545
0,0.19651806
0,0.08214799
1,0.112934716
1,0.28290954
1,-0.4198294
1,0.19944684
1,-0.080045015
1,-0.062448107
1,-0.24553496
0,0.024478609
0,-0.048802294
0,0.010343045
1,0.08678728
0,0.110729046
1,0.064523555
1,0.03362941
0,0.06325462
1,-0.05648339
1,0.097452134
1,-0.038662437
1,0.04682655
0,-0.007629361
0,0.020952964
0,0.04545589
0,0.04707541
1,-0.039247405
0,0.07058974
0,0.0032541007
1,0.32621622
0,0.003600136
1,0.066922694
0,-0.0644382
1,0.22409157
0,0.050573222
0,0.18833834
0,0.034713477
1,-0.011060787
1,0.006993523
1,0.174714
1,-0.09454597
0,0.1541639
1,-0.015187595
1,0.08164606
0,0.15727839
0,-0.10213018
1,-0.15260263
0,-0.15517382
1,0.3238851
0,0.03566469
0,0.12257742
0,0.016599681
1,0.32811314
0,0.12488214
1,0.42442325
1,0.18100886
0,0.032101233
1,0.30743507
0,-0.124645874
1,-0.2456867
1,0.12282716
0,-0.09111717
1,0.08097291
0,-0.12806918
1,-0.19337626
0,0.026619885
1,-0.08851415
1,0.056480277
0,0.06602139
1,0.14612928
0,-0.001732585
1,-0.24087721
1,-0.04152527
1,-0.100684896
0,0.10092492
1,0.10917561
1,0.07766132
0,0.0013625524
1,0.12207928
0,0.00017904886
1,-0.04714647
1,0.13946757
1,0.12463473
0,0.007383136
0,-0.07672882
1,0.38440537
1,-0.084640674
0,-0.022070006
0,0.05978975
1,0.12316193
0,0.022734266
1,0.055949725
0,0.07730266
0,0.05166693
0,-0.122630954
0,0.024022972
0,0.09188234
0,0.017373696
0,-0.11207139
1,-0.05998083
0,0.07382992
0,-0.0004163147
1,0.09646382
0,-0.034290325
0,-0.02862008
0,-0.016770946
1,0.22929594
1,-0.015083223
0,-0.14934233
1,-0.032941673
0,-0.06855383
1,0.08316664
0,-0.08632627
0,-0.23833041
0,0.027649857
1,-0.13403709
1,0.07494985
0,-0.009703382
0,0.076787576
0,-0.064697236
1,-0.21273945
1,0.1654426
1,-0.00058721565
1,-0.05101855
1,0.41955695
0,-0.08092292
0,-0.07857332
1,-0.033167914
0,0.060197394
0,-0.004426756
0,0.0882028
1,0.29255143
0,0.16065381
0,-0.0667543
1,0.0039111525
0,0.20854351
1,0.2442957
0,-0.11806694
0,-0.020065233
1,-0.34927073
1,0.16797678
0,-0.012233099
1,-0.028030252
0,0.15303196
1,0.050346017
0,-0.28693247
0,-0.10528624
0,-0.0005549418
0,-0.020394938
0,0.00024209148
1,0.031815857
0,0.034599867
0,0.033833828
1,-0.3214353
1,0.26024932
0,0.12756166
0,-0.023455884
0,0.025529219
1,-0.0123092905
1,-0.13636054
1,-0.014835936
0,-0.028650723
1,0.15215515
1,0.5289154
0,0.04947677
1,-0.20196131
0,-0.019735336
0,-0.014318032
1,0.20333436
1,-0.1634808
1,0.12656449
1,0.29194522
0,-0.10913373
0,-0.113368765
1,0.16646746
1,-0.03534266
0,0.059799377
0,0.100409865
1,-0.094861
0,-0.026421234
0,0.10916766
1,0.19649799
0,0.03538925
0,-0.0993941
0,0.120817885
0,-0.07104453
1,0.24046727
0,0.015768612
1,0.015714483
1,-0.03708142
1,-0.14979208
0,-0.10587444
1,-0.030863564
1,0.15738495
0,0.07234779
1,-0.2878221
1,-0.06603925
0,-0.17277224
0,0.11319567
0,0.13622926
1,0.08191119
1,0.031643756
0,0.08882116
1,0.2621701
1,0.2818714
1,-0.020068748
0,0.07483101
1,-0.35403648
0,-0.181556
0,-0.008660946
0,-0.02709097
0,-0.012531411
0,0.030828867
1,-0.13189252
1,-0.08941663
0,0.01792837
1,0.028908158
0,0.0059651174
1,0.050236814
1,-0.06968763
0,0.042568065
0,0.069427095
0,0.029186059
0,0.046862748
0,0.0029982233
0,0.048328374
1,0.009168066
1,-0.0023846803
0,0.11123741
1,0.10955438
0,-0.32921204
0,-0.000477836
0,0.067092635
1,0.025584817
0,0.09585851
1,-0.2560144
0,-0.22669525
0,0.11480975
0,-0.013187518
1,-0.056343928
0,-0.16019833
0,-0.05053238
1,-0.012268369
1,0.22012715
0,-0.0038060069
0,-0.047360893
0,0.027766503
0,0.06219566
0,-0.02041461
0,0.050202478
1,0.17314638
1,0.08471507
0,0.039501384
0,-0.0290481
0,0.034216627
0,0.07701534
0,-0.08790185
1,-0.02537531
1,0.013760533
1,0.20121658
0,-0.095866956
0,-0.04731323
1,0.15511121
0,0.038948853
1,-0.12355488
1,-0.3517315
0,0.054411344
0,-0.0013990747
0,-0.02333932
0,0.04790899
1,0.11437061
0,0.093415305
0,0.0146702565
0,-0.01135506
1,-0.22011447
0,0.15222608
0,0.24486864
1,0.03356606
1,0.053764466
0,0.037143834
0,0.047788113
0,-0.040898547
1,0.4038498
0,-0.033475287
1,0.18444344
1,0.2644431
1,0.23637384
0,-0.18979704
0,0.08047004
0,0.18362674
0,0.1955046
1,-0.17174889
1,-0.20201528
0,-0.028214434
0,0.017509798
1,0.014559636
0,0.1027671
1,0.2464239
1,0.2218149
0,-0.012106608
1,0.17255756
0,0.055327065
1,-0.11238843
1,0.24366337
0,-0.08604148
1,-0.0018301178
0,-0.08934267
0,0.052390646
1,0.18412295
1,0.12220122
1,-0.21150163
0,-0.036367413
0,-0.09018905
0,-0.0029328228
1,-0.15904258
1,-0.2894415
1,0.25845262
1,0.4014319
1,0.17712562
1,0.1703974
1,-0.09408216
1,-0.07595774
1,0.08301285
0,-0.03382567
1,-0.039850004
1,-0.07845891
0,0.21618132
1,0.19027868
0,-0.10532639
1,0.103384085
1,0.08442761
0,0.25154766
0,0.040332735
0,-0.041285414
0,0.06385198
1,-0.0660064
0,-0.058347166
0,-0.010174457
0,0.06405833
0,-0.084396936
0,-0.052139565
0,-0.06574891
0,-0.03373703
0,-0.151413
0,-0.05170866
1,0.15192556
1,0.08333363
0,0.0022518048
1,0.20367205
0,0.06420788
1,-0.013348748
0,0.107434824
0,-0.085597284
1,-0.3003765
0,-0.085456096
0,0.0001974958
0,-0.0027416907
1,0.017147008
1,0.045690354
1,-0.07472953
1,-0.07775449
0,-0.014302038
0,0.0071558803
1,0.32482457
1,0.12705989
1,-0.019063326
1,0.05775452
0,0.06295877
0,-0.07449059
0,-0.12311593
1,-0.19759658
0,0.057019543
1,0.17230636
1,0.19323279
0,-0.0027016634
0,-0.008119062
1,0.20831363
0,0.06396645
1,-0.09539345
1,0.3102448
0,-0.03122712
0,0.019844074
0,-0.04045632
0,-0.098818004
1,-0.029558212
0,-0.07918417
1,0.1900116
1,0.005011335
1,0.060438633
1,0.11763723
1,-0.12465376
0,-0.028832648
1,-0.00462256
0,-0.05584497
0,0.14640176
0,0.07790895
1,-0.18339898
0,0.023024995
1,0.31439853
1,0.17977262
1,0.041840345
0,-0.034397982
1,0.073745444
1,-0.14901377
0,0.08427683
0,0.17423606
1,-0.009979859
0,0.101243794
1,0.09474798
1,-0.3213257
1,0.05356207
1,0.17042182
1,-0.049782947
0,0.055980425
0,0.21711417
1,0.08070648
1,-0.008740208
0,-0.002010157
1,0.22757606
0,0.018597547
1,0.005566452
1,0.013192363
1,0.107138306
1,0.029019864
1,-0.07773555
1,-0.047492165
0,0.009773029
0,0.09374373
0,0.105545856
0,-0.12679829
1,0.15182737
0,-0.033857282
0,-0.026022643
0,0.03300479
1,-0.1815884
1,-0.0971438
1,0.14852284
0,-0.019446393
1,0.3856597
1,-0.18777893
1,-0.0031328043
1,0.12472605
0,-0.116247796
1,0.33432144
0,-0.09371623
1,-0.124906376
0,0.00072671706
1,0.24712613
0,-0.025919143
1,0.10241571
0,0.0039560273
0,0.065210216
0,-0.024423992
1,0.3095359
0,-0.031918284
0,-0.0016028378
0,0.14419453
0,0.05834554
0,0.0658026
0,-0.03864693
1,0.22201416
1,-0.2048513
0,0.03424616
1,0.09212186
1,0.08165697
0,0.1686177
0,0.13656788
1,0.23940562
1,0.06103768
0,-0.043283474
1,-0.051385865
0,0.030040935
1,-0.12309276
0,0.049661823
1,-0.17401941
0,0.093642846
0,0.09711075
0,0.098269515
1,0.08830179
0,-0.06920979
0,-0.070991956
0,0.12716007
0,0.08777423
0,0.10958322
0,0.01826386
0,-0.016059943
1,0.25482097
1,-0.20666984
0,-0.029251661
1,0.3345309
1,-0.0682481
0,-0.1718628
1,0.014005111
0,-0.027311377
0,0.012575645
1,-0.111399576
1,-0.13567738
0,0.2305617
1,0.20713927
1,0.18091503
0,0.022240143
1,-0.1984353
0,-0.008680599
0,-0.015856154
0,-0.10322722
0,-0.016873863
0,-0.03075444
1,-0.10261044
1,0.15711853
0,0.11636209
0,0.040072262
0,-0.0058013997
0,0.18078709
1,0.10625479
1,0.06702213
0,-0.035501838
1,0.08106011
0,-0.04013749
1,0.043585874
0,-0.06733896
0,-0.026385698
0,0.013419457
0,0.15459749
0,-0.04189369
0,0.148444
1,0.25844398
0,0.07799065
1,0.20653868
0,0.013173729
1,0.19387925
1,-0.17215188
1,0.18481961
0,0.187856
1,0.09145639
0,0.02100514
0,0.23785909
1,-0.03587367
1,-0.025527434
1,0.23809123
0,-0.04992564
0,0.055294998
0,-0.025165003
0,-0.027743489
0,-0.12368375
0,0.21952781
0,0.052098803
1,0.10958592
0,0.009003345
1,-0.010654532
0,-0.048883945
0,0.22573836
0,-0.08109899
1,0.119659275
1,0.07044024
1,0.21541883
1,0.13743919
0,-0.06212992
1,-0.053604882
0,0.026259795
0,-0.08129957
1,0.028366474
0,-0.10688848
1,0.040343046
0,-0.209267
1,0.31674212
0,0.09964783
1,0.30169636
0,0.12345815
0,0.10335837
1,-0.05764785
1,0.19841819
1,0.26520884
0,-0.013266258
1,0.08391549
1,-0.1353815
1,0.06666751
0,-0.07605665
1,-0.007016056
0,-0.006079142
0,0.10269618
1,0.2731838
1,0.12958886
1,-0.13361715
0,0.011674695
0,0.07837809
1,0.18382858
0,-0.035386242
1,0.1469802
1,0.000106538646
0,-0.08687099
0,0.11651887
0,0.1283268
0,-0.10905681
0,0.20275536
1,-0.18030395
0,0.12223388
0,-0.04580704
1,0.24090642
0,0.055961363
0,0.052540287
0,-0.18426892
1,-0.009734265
0,0.047833476
1,0.0036670067
0,0.063672096
0,0.048829053
1,0.13973752
1,0.0421799
1,-0.07104003
1,0.21015921
0,0.0053309323
1,-0.05968132
1,0.009846857
1,0.07624982
1,0.22188379
1,0.17876217
1,-0.23840635
1,-0.08048813
1,-0.15095142
0,-0.06397231
0,0.033794705
1,0.043957375
1,-0.19739775
0,-0.041531127
0,0.095286176
1,0.025767397
0,0.085945636
1,-0.14419515
1,0.05372107
0,-0.006295286
0,-0.03478908
0,0.08982639
1,0.06722871
0,0.003916251
0,-0.0762292
0,0.0026379307
0,0.04872807
0,-0.08858131
0,0.012795338
0,-0.07779365
0,-0.023489192
0,-0.115178175
0,0.21000151
1,0.08961108
0,0.15936898
0,-0.03113554
1,-0.0033458942
1,0.0960905
1,-0.036098227
1,-0.04517071
0,-0.1306901
0,-0.12381167
1,-0.17753536
0,0.07697676
1,0.20413569
1,-0.0022234328
0,-0.0875977
1,0.22469716
0,0.029388078
1,0.1467724
1,-0.026063982
0,0.041678388
0,-0.051595155
1,-0.058827013
0,-0.055183675
1,0.064954385
0,0.032700554
1,0.4768269
0,0.06327779
0,-0.006679528
1,0.008884264
1,0.29565924
0,-0.020924766
1,0.029783627
1,-0.08905712
1,0.32769677
1,0.37542364
1,0.04263603
0,-0.0273748
0,0.06885265
0,-0.015844485
1,0.22282021
0,-0.07975255
0,0.087273605
1,-0.1378783
1,-0.08725988
0,0.06918621
0,-0.14735907
0,0.19718544
1,0.06154242
1,0.15040927
1,0.088788696
0,-0.0426787
0,0.10656743
1,-0.09224958
1,0.07829887
0,0.046231933
0,-0.13438493
0,0.037766956
0,0.050896782
0,-0.037168734
1,-0.34276786
0,-0.1481342
0,0.2147873
1,0.23996726
1,-0.09004658
1,0.13483183
0,-0.023591718
0,0.017500795
1,0.046986327
0,0.039112236
0,-0.047447912
0,0.032787826
1,0.22286111
1,0.09153343
1,0.0024523623
0,0.09490625
1,-0.10251525
0,0.026477808
0,-0.215259
1,0.13915554
1,0.4250691
1,-0.1537958
1,0.2673647
1,0.06248501
1,-0.0856369
1,-0.29937488
1,0.12708592
0,0.054203033
0,-0.011748378
0,0.047812514
1,0.08830485
1,-0.21859977
1,0.07256664
1,-0.07299785
1,0.08847347
0,0.18563373
0,0.051241092
1,-0.16259395
0,0.10586377
0,0.07567964
0,0.17837942
0,0.09838148
1,-0.03600048
0,0.07536369
1,-0.29306972
0,-0.0584361
1,0.29495677
1,0.2254661
1,0.19866847
0,-0.09471159
0,-0.06185897
0,0.035754155
1,-0.07803404
1,0.067870185
1,-0.018944941
0,0.17352608
0,-0.019059818
0,-0.042438086
1,-0.1856845
1,0.006425986
1,0.09820832
0,-0.005794221
0,0.028400239
1,0.13560976
1,0.18290755
0,0.08112802
1,0.1337549
1,-0.11353704
0,0.11015512
1,-0.20085065
0,-0.041163728
1,0.19123079
1,0.29381108
0,-0.06928307
1,0.35284644
1,0.056470405
1,0.25077775
0,0.06993446
1,0.009341794
0,0.0033710622
1,0.30511424
0,0.040195014
0,0.010953314
1,0.07965067
1,0.2454805
1,-0.025477279
0,-0.036773596
1,0.20033765
0,0.18427622
0,-0.10490402
1,-0.10544573
1,-0.14688115
1,-0.035792843
1,0.26774362
1,0.3043124
1,-0.065930255
0,-0.16545297
0,-0.118384555
1,0.086770736
1,-0.044985443
0,0.065127976
0,0.07036025
1,-0.056993276
1,-0.14792666
0,-0.062707365
1,-0.18002026
0,-0.076640405
1,0.19453143
1,0.06774897
0,0.032699592
1,-0.023115184
1,-0.03272374
0,0.09397266
0,-0.07010978
1,0.21262185
0,-0.05212115
0,0.2383586
1,0.2575345
0,-0.1137871
0,-0.06450006
1,-0.30759847
0,-0.09313443
1,0.14711307
1,-0.01891057
1,-0.009163626
1,-0.114792526
1,0.08961368
0,-0.009799676
1,-0.0076013994
1,0.10619326
0,-0.051551305
1,0.18872146
0,0.10858592
1,0.06647285
0,0.1318722
1,-0.05633664
0,0.06814498
0,0.080929905
1,0.20063332
0,0.14633194
0,-0.038571525
0,-0.079796426
1,0.30229113
0,0.11926386
1,-0.10236321
0,0.16189465
0,-0.059345685
0,-0.0040149847
0,0.08935473
0,0.07484423
1,0.04338041
1,-0.061373558
0,0.011589391
1,0.06970388
0,-0.09505892
1,-0.17768177
1,0.33726588
0,-0.0123716295
1,0.04614844
1,0.1933798
0,0.07342468
1,-0.032203667
0,0.061449032
1,0.20778018
0,0.035312824
1,0.17525259
0,-0.0025749393
0,0.1448141
0,-0.10842694
0,0.015485983
1,0.047333017
1,0.0079508675
0,-0.049203306
1,0.126431
0,-0.05782542
1,0.23177038
1,0.18071172
0,0.004318839
0,-0.12784742
1,-0.025963845
0,0.17092751
0,0.14022863
0,0.17589524
0,0.08848033
1,0.0140525475
0,-0.031807274
0,-0.10661653
1,0.13728422
1,-0.14859512
0,0.00507072
1,0.00870738
0,-0.021161027
0,0.07309691
1,0.022104934
0,-0.01155388
0,-0.09790685
1,0.3586228
0,-0.1013344
0,0.07567304
0,-0.022019267
0,0.076096475
0,-0.036389343
0,-0.060407482
1,-0.12265003
1,0.27282128
0,-0.15598361
0,0.09807475
1,-0.017922245
0,-0.069647565
0,-0.0014313222
1,-0.12551962
0,0.008110831
1,0.12302606
1,0.21599016
0,0.0053022257
1,0.050572526
0,-0.03376965
1,0.099832706
0,-0.02429815
0,-0.02128457
1,-0.11248017
0,0.023967268
0,-0.0088769365
0,0.05860864
1,0.039565053
1,0.17568102
0,0.12664706
0,-0.004012414
1,0.074438
1,0.10789856
0,-0.05213034
1,-0.026066095
1,-0.076816656
1,0.092995025
1,-0.19646029
0,0.026936911
0,0.055759966
1,-0.22231649
1,0.16851255
1,-0.03313562
0,-0.09307809
0,0.1911913
1,-0.0066635907
1,-0.096489
1,-0.15306218
1,0.024489714
1,0.12699778
0,-0.0699636
1,-0.3190891
1,0.34291577
1,0.16942528
1,0.004845725
0,-0.25830606
0,-0.01095847
1,0.05082149
1,0.0020336444
1,0.05583084
0,-0.036404915
0,-0.039943494
0,-0.05340226
1,0.058788862
1,0.23360626
1,-0.16752313
1,-0.09142783
0,0.045869756
0,0.030380271
1,0.0115878815
0,-0.25451773
1,0.03667363
0,-0.026726663
0,0.08873175
1,0.1841208
0,0.068084225
1,-0.16913433
0,0.10650337
0,0.10633352
0,0.08272125
1,-0.20817633
0,0.10713042
0,0.26239926
0,0.17302807
0,-0.21728678
0,0.11830618
0,-0.013857846
1,0.007857089
0,0.004832659
0,-0.068638794
1,0.17405584
1,0.075893804
0,-0.020248745
1,0.2276696
0,-0.039880626
0,0.18147483
1,0.10135192
1,-0.07747945
0,0.047577694
1,0.11384102
0,-0.10742239
1,-0.17766286
1,0.02636175
0,-0.10966385
0,0.1628616
1,0.25331414
0,0.024203539
1,0.1525373
1,-0.06819876
1,-0.027199792
0,-0.032416604
0,0.0003351383
1,-0.10255787
0,-0.00407694
1,-0.19992872
1,-0.018055715
0,-0.034864947
1,-0.028084893
1,0.19202574
0,0.02751682
0,-0.09191879
0,0.3516322
0,0.17147073
1,0.083520144
1,0.28513795
1,0.25775793
1,0.2491287
0,0.21937132
1,-0.002052852
0,0.04455969
1,0.16585532
1,0.20745663
1,0.053527072
0,-0.054223
1,-0.09559289
0,0.12955713
0,-0.26169068
0,-0.06646395
0,0.12445597
0,-0.05044526
1,0.3219628
0,0.030375946
1,0.121385075
1,0.12165107
1,0.014272888
0,-0.06740274
1,0.1364449
0,-0.011245878
0,-0.12404845
1,-0.12113708
1,0.08322209
0,0.048507586
0,0.025933297
1,0.04854046
0,-0.0062714457
1,0.4606372
1,-0.033314392
0,-0.089636296
0,-0.0907221
0,0.061825547
0,-0.04057891
1,-0.009909421
0,0.097519554
0,-0.04927537
0,-0.022952693
0,-0.024867544
0,-0.16828503
0,0.015192844
0,0.07610468
1,0.10764872
0,0.09144702
1,-0.0214094
1,-0.15088212
1,0.07559263
1,-0.18495445
0,0.120719835
0,-0.014646463
1,0.13842846
0,0.020737797
0,-0.09427555
0,0.02491665
1,0.2603694
0,0.026739877
0,-0.021244355
0,0.0753674
0,0.0049552545
0,-0.014840852
1,0.25778425
0,-0.03515896
1,-0.34746397
1,0.21169351
0,-0.07966533
1,0.046698935
0,-0.13773534
1,0.017678738
0,-0.0068182726
0,0.021717707
0,-0.03995277
0,-0.010208134
0,0.28656507
1,0.1183632
0,0.018588617
0,0.035333615
0,-0.035187945
0,-0.1656546
0,0.07493874
1,0.27649334
1,0.16822271
1,-0.024502147
0,-0.02075471
0,0.12219272
0,0.12191565
0,0.045495726
0,-0.10657439
0,-0.065419324
0,-0.04176037
0,0.078450635
0,-0.02042456
0,-0.092433825
1,0.2082976
1,0.18639648
1,-0.05103312
1,-0.18457553
1,0.2937767
1,0.23088641
1,0.04799664
0,-0.07333371
1,-0.023915246
1,-0.23015329
0,0.017363831
0,0.18360859
1,0.079744734
0,0.07477972
1,0.08942678
1,0.09782064
0,0.03521725
0,0.0051716412
1,0.037528776
1,-0.123922676
0,0.17544053
0,0.08403276
1,-0.0061604176
1,0.037476066
0,-0.032827035
0,0.34021336
0,0.012795091
1,0.44417286
0,0.037633173
0,0.08043912
1,-0.21746065
0,-0.0068343617
0,-0.010784329
0,0.044761024
0,-0.018643023
0,-0.07656158
1,0.10605982
1,0.33888716
0,-0.03318137
1,-0.15592599
0,-0.07611425
1,-0.05519408
0,0.04383404
1,-0.039610893
0,-0.01727896
1,-0.28854102
1,-0.06964255
0,0.14769426
0,0.10706688
0,-0.042199668
0,0.029951047
0,0.17780194
0,0.08354051
0,0.053710833
1,-0.2803072
1,-0.06971518
0,0.08532825
1,0.32356516
1,0.13409562
1,-0.13761008
0,-0.077839166
0,0.058534574
1,-0.107610054
1,0.16067654
0,-0.01812734
1,0.08375991
1,-0.1291116
1,0.2453726
0,-0.09143945
1,-0.00044977444
1,-0.08822413
0,0.2582427
1,-0.21316761
0,-0.012825898
0,0.08386384
0,0.0143488655
1,-0.43151343
0,-0.028732294
1,0.07269989
0,-0.22099708
0,0.054946404
0,-0.027392998
0,0.019759355
1,-0.098651186
1,-0.23859474
1,0.03285003
1,0.2232211
1,0.12856299
1,0.07480651
0,-0.01593348
1,0.2510789
1,0.10290367
1,-0.03557701
1,0.006015594
0,0.044115424
0,0.045958303
0,-0.046883836
0,0.075349875
1,-0.015627075
0,0.13671084
1,-0.2645201
1,0.0025958586
0,-0.0033723973
1,-0.16386391
1,0.33655334
0,0.014941854
0,0.0077247242
1,-0.12317937
1,0.37159193
1,-0.2689858
1,-0.16266826
1,0.16478829
0,0.008112465
0,-0.021179076
0,-0.015108089
1,-0.2872724
1,-0.1304374
0,0.17576398
0,0.07182261
1,0.27515683
1,0.108470574
0,-0.024700774
1,0.111160725
0,0.0794744
1,0.0058295503
1,-0.027811563
1,-0.123682246
0,0.08202093
1,-0.36660817
0,0.0508999
1,0.006874121
0,0.13286811
1,0.1073302
1,0.23933415
0,-0.14518926
0,-0.07601064
1,0.0381893
1,0.27387825
1,-0.10266641
0,0.037236176
1,-0.19821657
1,-0.15538558
0,-0.034192115
0,0.012380046
0,0.096856736
1,0.16958958
0,0.13527828
0,0.013125758
0,0.14064075
0,-0.04450024
1,-0.073801905
1,-0.04505949
1,-0.29759452
1,-0.104834765
0,0.10297068
0,-0.020120526
0,0.03295886
1,0.13168395
1,-0.016120285
0,-0.14756857
0,0.14542559
1,0.40611345
1,-0.054066934
1,0.28074166
0,-0.15058546
1,-0.16356014
1,-0.16809587
0,0.022440793
1,-0.22142932
1,0.06805307
1,-0.21230985
0,0.033663537
1,0.110487744
1,-0.21068881
0,-0.0051260786
0,0.022328803
0,0.041525964
1,-0.02344761
1,0.48143104
1,-0.1777048
0,-0.012607299
0,-0.041022994
1,0.12018391
1,0.20970736
0,-0.21732078
1,0.013954484
1,-0.13964309
1,0.41677055
0,0.008916815
0,-0.18584062
0,0.15573883
1,0.1250298
1,-0.016364057
0,-0.001219421
1,0.25071838
1,0.21859154
1,-0.12208287
1,0.16815102
1,0.03737149
1,0.06727586
1,-0.06329278
0,-0.086354524
0,-0.08813801
0,-0.06559633
1,0.073031284
0,0.06021096
1,0.28836963
1,-0.17769253
0,0.16007738
1,0.028545683
1,-0.18034127
1,-0.039730463
0,-0.16862388
0,-0.24295925
0,0.06753223
0,0.048755586
1,0.008102499
1,-0.024489049
1,0.33860493
1,-0.12645848
1,0.06595389
0,-0.10226108
0,0.050172765
0,-0.07273121
1,-0.03955566
1,0.098711506
0,-0.08369365
0,0.2381235
1,0.12002998
0,-0.20162423
1,0.29766858
0,0.23302564
0,0.0757281
0,0.0006224441
1,0.27001813
0,-0.087441646
1,0.07970704
1,0.27225137
0,0.09132427
1,0.04858551
1,0.1524862
1,0.26877594
0,0.13175792
1,0.053508196
0,0.14294173
1,-0.21336792
1,0.012400097
0,-0.06447792
0,0.095475465
0,0.20770721
0,0.00041012652
0,0.069527976
0,-0.012789753
0,-0.06184776
1,-0.010096533
1,-0.059955847
1,0.046016227
0,0.1504786
0,0.085003056
0,0.090560794
0,-0.010502921
0,-0.047463395
0,-0.08629064
0,-0.06781376
1,0.03139836
0,0.09409882
1,-0.09161134
1,-0.015409846
0,-0.08355914
1,0.11532066
0,-0.0030599074
0,-0.017615765
0,0.112577945
1,0.36313632
0,-0.13982771
1,-0.004168299
0,-0.041075878
1,0.3001137
1,0.16123523
1,0.20177361
0,0.034864143
1,-0.19025871
0,0.057763074
0,-0.03626689
1,-0.013031253
0,0.100943685
0,-0.007286108
0,-0.057820853
1,0.032161236
1,0.14987156
1,0.45198062
0,-0.033543013
0,0.16416784
1,0.041975394
0,-0.06002795
0,-0.02523362
0,-0.01711317
0,0.16448763
1,-0.061903078
0,-0.16682856
0,0.09574243
1,0.24368364
1,-0.089973785
1,0.26746216
1,-0.09650514
1,0.23174338
0,0.23763415
0,-0.11186779
1,-0.04538108
1,0.087664485
0,-0.046693314
1,0.3093619
1,0.02305025
0,0.040494245
0,0.0624888
0,0.20447642
1,0.07505382
0,-0.024310207
1,0.09174077
0,0.059558474
0,0.1024206
0,0.046272065
1,-0.058128536
1,-0.001687536
1,-0.1410711
1,-0.23606288
0,0.03470581
0,-0.07498709
1,0.0846304
1,-0.0731317
1,0.03622292
0,0.00537614
0,0.05306632
1,-0.037802305
0,0.08653691
0,-0.057252638
0,-0.073155746
0,0.0019632922
1,-0.16961935
1,0.06475741
0,-0.035664115
1,0.03710396
1,0.03634388
0,0.014374201
0,-0.08303617
1,0.3244347
1,0.18891725
0,-0.030654296
1,0.2710609
0,-0.007943759
0,0.094322324
0,-0.018424094
1,0.06978768
1,-0.08061181
1,-0.13945784
1,0.023624852
1,-0.18566735
1,-0.21012236
0,0.024539663
0,-0.044806436
0,-0.043846622
1,-0.078091875
0,0.16209926
1,0.06684886
0,-0.0110706985
1,0.04490426
0,0.0401266
0,0.09551695
1,-0.052704096
1,0.20981319
0,-0.08471585
1,0.123478696
0,0.13032319
1,0.372918
1,-0.100286216
1,0.26649663
0,0.058504067
1,-0.3224868
0,0.044108894
0,0.008149025
0,0.11269535
0,-0.08177119
1,0.28516155
0,-0.091737136
0,0.040276997
0,-0.029313372
1,0.13984755
1,0.14626123
0,0.056349196
0,0.060987853
0,0.11611708
1,0.12277891
0,0.070948735
1,0.045505147
0,0.021332487
1,0.055857584
0,-0.010098403
1,0.20155561
0,-0.0891733
0,-0.058679383
0,-0.06455754
0,0.043686144
1,0.12305491
1,-0.08950947
1,0.19423479
1,0.11189895
1,-0.20351377
0,-0.023245096
0,0.11428711
1,0.110410646
1,0.26503742
1,-0.6189737
1,-0.022681521
1,-0.047998272
1,-0.22362518
1,0.09120446
1,-0.13478082
1,-0.09679265
1,-0.096005976
1,0.06553465
1,0.21954341
1,-0.0517575
1,-0.14845027
0,0.08185353
1,-0.011940222
0,0.038253687
1,-0.081169344
1,-0.08088991
0,0.023530068
1,-0.13108405
1,-0.020113707
1,0.060141783
1,-0.12437232
1,0.008333072
1,0.16259114
0,-0.08422645
0,-0.04733873
0,0.25910676
1,-0.054832738
0,-0.014734227
1,0.14360683
0,0.036555547
0,0.011383513
1,0.013464832
0,0.023960998
1,0.38502276
1,0.024671806
0,0.16244724
0,-0.059051827
1,-0.16856712
1,-0.17992318
0,-0.13653593
0,-0.029958345
0,0.04542672
0,0.009940663
1,-0.08324298
1,0.14182821
1,-0.18707515
0,-0.024502434
0,0.041971415
1,0.06889967
0,-0.11326301
1,0.23321721
0,0.19970459
1,-0.199514
0,-0.0004950976
1,0.06496309
1,-0.11651729
1,0.049625173
1,0.11816795
1,0.09722461
1,0.1370749
0,-0.09927204
1,0.06954499
1,0.07369709
0,-0.047043942
0,0.044250384
0,0.013118058
1,0.0082584005
0,-0.08071954
0,-0.0028655315
1,0.07507018
0,0.06601688
1,0.09764462
1,0.027856646
1,-0.044274513
1,-0.16283992
1,-0.09003154
0,0.022086713
0,-0.061623268
1,0.2733982
1,0.083365485
1,0.15639597
0,0.0804203
0,-0.008478734
1,-0.19020936
0,0.084007815
0,-0.015265061
1,0.03456072
0,-0.0378646
1,-0.21279113
0,0.11731962
1,0.18311225
0,0.033058424
0,0.07257102
1,-0.115116276
1,0.062720045
0,0.03534727
1,0.23925875
1,0.057589207
1,-0.01950305
0,0.26873016
0,-0.02289556
1,0.02820475
1,0.16489881
1,0.12716565
0,0.042263974
1,0.26174885
0,-0.023733327
0,0.13794458
1,0.2528623
1,-0.15006496
1,0.353306
1,-0.043046556
0,-0.04268622
1,-0.06683193
1,-0.092535675
1,0.16284753
0,-0.066476405
1,0.15654634
0,0.09976558
1,0.3382453
0,0.43563518
1,0.106311165
0,-0.018324438
0,0.008752622
0,0.010684174
1,0.0025737956
0,0.13422914
1,0.28076902
0,-0.07027453
1,0.005559103
1,0.09882453
1,-0.010717358
1,0.08537237
1,0.21352656
0,0.008517901
0,-0.008750004
0,0.009981545
0,0.070433386
1,0.025520494
1,-0.0015482837
1,0.006653068
1,0.108649075
0,0.033157945
1,0.17620715
1,-0.21939714
1,0.08820719
0,-0.007479553
1,-0.09112742
0,0.09465312
1,-0.13439046
1,0.14795099
1,0.19560495
1,0.021016188
0,0.038857237
0,-0.00594096
0,0.019142844
1,-0.16802174
0,0.031942606
0,-0.00697782
0,-0.044164613
0,0.06591333
1,0.31118932
1,0.24473825
0,-0.0056071896
0,0.0023622562
0,0.0055196863
0,-0.01853238
1,-0.05017158
1,0.16872771
1,-0.16529787
1,0.059254378
1,-0.036437467
1,-0.23177625
0,-0.16782555
1,-0.013720661
0,0.18085942
1,-0.26425916
0,0.07528735
1,0.13736929
0,0.0731326
0,-0.011761789
1,0.093364134
1,0.069112815
0,-0.0095556285
0,0.1725143
0,0.16106416
0,0.13439217
0,0.002706902
1,-0.19619732
0,0.094122045
0,0.17695451
0,0.035279166
1,-0.122178026
1,0.04359487
0,-0.121898815
0,0.06616415
1,0.18159826
0,0.006359918
0,-0.15591899
1,0.09942665
1,0.20062147
0,-0.05662643
0,0.002313274
1,0.17498134
0,-0.07804558
1,0.13288067
0,0.07698296
0,0.013496764
0,0.14008781
1,-0.035685413
0,-0.05462158
0,-0.013259136
0,-0.08206468
0,0.025421008
1,-0.0039903647
1,-0.060401976
1,-0.12890951
0,-0.07318357
0,-0.088239454
0,0.08459009
1,0.23336095
1,0.3231294
0,-0.028400056
0,-0.027039776
0,0.21138802
0,-0.09388377
0,0.04931976
0,0.035647064
0,0.009420911
0,-0.08310365
0,-0.06534864
0,0.02706175
1,0.23503903
0,-0.13908394
0,0.12939171
0,-0.08009307
0,-0.13947335
1,-0.014836884
1,0.52732605
0,-0.0018759161
1,0.049396574
0,0.103516094
0,0.03366996
0,-0.03963129
1,-0.015259395
1,0.0931866
0,-0.23464328
1,-0.027405664
0,0.065952994
0,0.13763483
0,0.07863878
1,-0.049382668
0,0.057408504
1,0.10778132
1,0.24673375
0,0.0029723388
1,0.19950238
1,-0.02315172
1,0.065595075
1,0.07165858
1,-0.014885041
1,-0.037345015
0,0.16417561
1,-0.033029336
0,0.13285916
0,-0.13357279
1,0.033254977
1,-0.023792911
0,0.09237921
0,-9.019859e-05
1,0.07903825
1,0.0061728
0,-0.032269508
1,0.08023375
0,0.12326822
0,0.09343958
1,-0.13795008
0,-0.026207922
1,0.03209905
0,-0.0033577366
0,0.010363915
0,0.017083423
0,-0.099425174
1,0.16083372
1,0.17352405
1,-0.086314045
0,0.15574771
0,-0.037498783
0,-0.031170618
1,0.09259996
0,-0.00024330616
1,0.12154027
1,-0.08749463
1,-0.10489285
1,0.118754126
0,-0.17509878
1,0.20986693
0,-0.044878755
0,0.08094607
0,0.16699205
0,0.08690679
1,0.23701665
0,0.09684725
0,-0.06264378
0,0.07927745
1,0.0103581045
1,0.19893968
0,0.051508304
1,0.07536706
0,-0.052891828
0,0.11085987
0,-0.11898967
1,-0.090932705
1,0.314372
1,-0.022804366
1,0.06980394
1,0.060298994
0,0.07311885
0,0.03440772
1,-0.057745315
1,0.1663481
0,0.1215408
1,0.027312389
1,0.2229831
1,-0.01553684
1,-0.085432656
1,-0.17551507
0,0.0144378515
0,0.07349226
0,0.028449636
0,0.020336762
0,0.049545318
1,0.115137964
1,0.13376656
0,-0.067258105
1,-0.004134446
1,0.019304672
0,0.012305958
1,-0.022928441
1,-0.05749426
1,0.03224752
1,-0.007522125
0,0.0061215726
1,0.08390445
1,0.3928861
1,0.3206411
1,-0.078495175
1,0.2425483
0,0.05303552
1,0.18715048
0,-0.013844554
1,0.09706422
1,0.1030803
1,0.033276323
1,0.06912453
0,-0.016800033
0,0.08441393
0,-0.047953606
1,0.16379817
1,0.07081148
1,0.13321213
1,0.12360223
0,0.061905067
0,-0.031797968
0,0.06365514
1,0.054348648
1,0.13933204
1,-0.02654705
0,-0.09728672
1,0.19142222
1,-0.22822152
0,0.0262722
1,0.20363183
1,0.08233944
0,-0.06492311
1,0.1637339
0,0.037573308
1,0.08143525
1,0.06172704
0,-0.03047404
0,0.18067652
0,-0.06053348
0,0.06318006
0,-0.03011854
0,-0.05222287
0,0.07421234
0,-0.06447707
1,-0.10728282
1,0.103906296
1,0.10331583
0,-0.034557275
1,0.17980547
1,0.050806433
1,-0.11484836
0,-0.015004137
0,-0.07071121
0,-0.064741924
1,0.27152088
1,-0.12663087
1,0.13939056
1,0.06205976
1,0.22739387
1,-0.05371115
1,0.062158573
1,0.077429324
1,0.13578676
0,-0.06636924
1,0.27856117
0,-0.023972262
0,0.017751845
1,-0.09914347
0,0.192936
1,-0.098958045
0,0.037768565
1,-0.07841936
0,0.11160896
0,0.029439947
0,-0.14243606
1,-0.106030375
0,-0.0060583795
1,-0.17597981
1,0.038355254
0,0.0032039792
1,0.15120895
0,0.036253937
1,0.26616418
1,-0.15311258
0,0.035760634
0,-0.064872235
0,0.07703758
1,0.009648846
1,0.074921004
1,-0.26187167
1,-0.20408109
0,0.060753606
1,-0.09102632
0,-0.03752849
0,-0.028741378
0,-0.09344543
1,0.14107418
0,-0.07907311
0,-0.013187831
1,0.05491687
0,-0.033960186
1,0.20380484
0,0.074032746
1,0.101923905
0,0.014619879
0,0.1202074
1,0.16159037
1,0.24450825
1,0.33082867
0,-0.08380932
0,-0.14264615
1,0.19450371
0,-0.086337574
1,-0.05085206
1,0.3050027
1,-0.15733698
1,-0.00074992515
0,0.069775864
0,0.025600154
0,-0.1691545
1,0.22913152
1,0.19625844
1,-0.04418905
1,0.37085837
0,-0.06587128
0,0.036161445
1,0.045669727
0,0.022009483
1,0.17782833
0,0.16099466
0,0.09329776
0,0.011090654
0,0.13368168
0,0.05832477
0,0.12883198
0,-0.08492514
0,0.07804271
0,-0.10002937
0,0.019491369
1,0.13388945
1,0.21906629
0,-0.056912553
1,-0.027453892
0,0.0695847
1,0.3396467
1,0.21489456
0,0.14608496
1,0.3554182
1,0.28930876
1,0.20260738
0,-0.011778539
0,-0.05318145
0,-0.198148
0,0.14374448
0,-0.058534067
1,-0.21402304
1,-0.046354346
1,-0.09752528
0,0.11063285
0,0.17608391
1,0.0024761036
0,-0.07684444
0,0.070111714
0,0.06564173
0,0.16609406
1,-0.30308825
0,0.057467606
0,0.06389824
1,-0.28390557
0,-0.017979542
1,-0.13610354
1,-0.22684735
1,0.15881574
1,-0.02525543
0,0.12529416
1,0.46019307
1,-0.14899604
0,0.09084726
0,0.16969587
0,-0.08944952
0,-0.051030535
0,0.030725023
1,0.06419663
1,0.24421708
0,-0.03941847
1,0.14432374
0,0.029161993
1,0.111436345
0,-0.0051439474
0,0.08465507
1,0.015664171
0,-0.036768753
0,-0.009112961
1,-0.2266965
0,0.16832039
1,-0.030680727
0,0.033576347
1,-0.11546919
1,-0.22210124
0,0.14801419
1,-0.17741288
1,0.29185605
0,-0.018327821
0,-0.026220672
1,0.012049029
0,0.08113031
1,0.09910399
0,0.060431022
0,0.054482773
1,-0.065535314
0,0.21327819
1,-0.090275005
1,-0.09419519
0,-0.097520396
0,-0.09364424
0,-0.13543291
0,0.11360067
0,0.09102443
1,0.18111022
0,-0.025349908
0,0.040853944
1,0.020202875
1,-0.011009679
1,-0.15199707
1,-0.016500138
0,-0.039569728
1,-0.03777523
1,0.28508264
1,0.30704534
1,0.15650077
0,-0.030974884
1,-0.09766295
0,-0.029406626
1,0.023735752
0,-0.10104827
0,-0.09423602
1,-0.07953074
0,-0.18681659
0,-0.04848358
1,0.16064636
0,-0.035815522
1,-0.060688585
1,-0.19611284
0,0.0825808
0,0.018852197
0,-0.05764415
1,0.17100157
1,0.35227185
1,0.19094725
1,0.13181782
1,0.044397876
1,-0.105730854
0,-0.10497807
0,0.00010456238
0,-0.08022716
1,0.079009436
0,0.06780249
0,-0.12245215
1,-0.027916424
1,0.037665438
0,-0.10641699
1,-0.12579773
1,0.31725097
0,-0.02767706
0,0.05248717
1,0.1919157
1,0.05302061
0,-0.093995035
1,-0.15480566
0,0.087079875
1,0.15284218
1,0.12051068
0,-0.18956281
1,-0.013713063
1,0.26419857
1,0.015741138
1,0.21313716
1,0.15307222
0,0.064168006
0,0.013852445
0,-0.19303583
0,-0.0078003686
1,-0.12604783
0,-0.057737056
0,-0.052391686
0,0.1298797
0,0.014979463
0,0.0063918424
1,-0.024022613
0,0.0098592
0,-0.09978098
1,0.13928227
1,-0.02482916
0,-0.05310707
1,-0.16123457
1,0.25382465
0,0.10930945
0,0.08707622
1,-0.15480267
0,0.07959671
1,0.038244363
1,0.06495991
0,-0.013010491
1,-0.023896033
1,-0.08258728
1,-0.17249604
0,0.08536614
0,-0.10500959
1,0.34581995
1,0.31802726
1,-0.43035868
1,0.0019877478
0,0.103525445
0,0.04355742
1,-0.32956165
0,-0.06998245
1,-0.058635294
1,0.23499343
0,0.0007651675
1,0.21108136
0,0.044371635
1,-0.096146174
1,0.08958115
1,0.15082842
1,-0.23858018
0,0.15186103
1,0.07896324
1,-0.20532414
1,0.15496442
0,-0.01949129
1,-0.37425354
1,-0.070833534
1,0.056738406
0,0.10695785
0,0.028295547
0,-0.020538814
1,-0.22388008
1,0.2515496
1,-0.07131255
1,0.19567962
1,0.14494093
0,0.114465445
0,0.21538746
0,-0.04017706
1,-0.05053117
1,0.13912494
1,-0.018527493
0,-0.1140476
1,0.504951
1,-0.054391295
0,-0.031542357
0,0.1409938
0,-0.0020546457
0,-0.078691356
0,-0.12109431
0,-0.14953855
0,-0.047723234
0,0.2204234
0,-0.0070454273
1,0.14204656
0,-0.009097369
1,0.19712847
0,-0.10011297
0,0.16512068
0,0.018500416
0,0.17137897
0,-0.06809944
0,-0.10072763
1,-0.06146414
1,0.008283352
0,-0.03660643
1,0.42499584
1,0.20238762
1,-0.008564811
0,0.01847578
1,0.076944835
0,-0.027974673
1,0.37738866
1,0.011072785
1,0.16664472
0,-0.004503559
0,-0.118522525
1,-0.15976721
0,-0.060162585
0,-0.0841794
1,0.0014801743
0,0.003907215
0,0.00072898343
1,0.08674121
0,0.00747146
0,-0.0068668104
0,-0.049688734
1,0.021086518
1,0.26608846
0,-0.05985555
0,0.18091531
1,-0.054300178
0,-0.07552248
0,0.009121156
1,0.16564207
1,-0.104375444
1,0.064758256
1,0.10908754
0,-0.0062795603
0,0.107940495
0,0.06825435
0,0.081099056
1,0.03170096
1,-0.031943437
0,0.057303928
1,0.07957541
1,-0.03581115
0,0.019359801
0,0.0281345
0,0.0749472
0,0.029762104
0,-0.022279382
1,0.07153789
0,0.012138189
1,0.19201803
0,-0.042870887
1,-0.03459817
0,0.016227283
1,-0.13582683
0,-0.0696895
0,-0.0820976
0,-0.032985084
0,0.1050317
0,-0.20795609
1,0.16014275
1,0.21301349
0,0.091504425
1,-0.0025971122
0,-0.034089617
0,0.028486935
0,0.10409675
0,0.062428214
1,-0.023831349
1,0.101076856
1,-0.10051912
0,-0.075110465
1,-0.13550492
0,0.045855764
0,-0.03235335
0,0.015737949
0,0.060584974
1,-0.38515213
0,-0.048928354
0,0.07743616
1,-0.22664307
1,0.009904185
0,-0.0018864609
1,0.22180592
1,0.02769496
1,-0.041034803
0,-0.06389434
0,0.18966207
0,-0.05710008
1,0.27782932
0,0.037025813
1,0.42755306
1,-0.030841973
0,0.0110822525
0,-0.16373907
1,0.22198384
0,0.05031031
1,-0.2577391
0,-0.079378374
1,0.21499513
0,-0.07853316
0,0.01274675
1,0.2246374
0,0.04384296
1,0.06693547
0,0.06765426
0,0.1592387
1,-0.0034807988
0,0.08933023
0,0.0423638
1,0.08426709
1,0.078545295
1,-0.004616596
1,0.37805232
0,-0.05043316
1,0.08235996
1,0.3349574
1,-0.2590936
1,0.017793046
1,0.28980482
1,0.112226576
0,0.15529503
1,0.034477655
1,0.024024725
0,0.015523432
1,0.2253845
0,-0.014346827
0,-0.011527553
0,0.05513018
1,-0.23879382
0,0.058519404
0,0.16355497
1,0.07519988
0,-0.083083294
0,0.078996986
1,0.064247206
0,0.015078798
0,0.03614483
1,0.19253522
1,-0.028878693
0,-0.069044344
1,-0.0024821288
0,-0.05283965
1,-0.17806615
0,0.13769567
1,0.33132055
0,0.06620228
1,0.33081707
1,-0.20053498
1,0.12895796
1,0.12053055
0,-0.04135542
0,-0.04273426
1,0.038254358
0,-0.03462895
1,0.18578473
0,0.13764764
0,0.0014253531
1,0.0031093254
0,-0.0743046
1,0.25871038
0,0.020149784
1,0.093767464
0,0.058527976
1,0.10317707
0,-0.11800049
0,0.18478099
1,0.11831058
0,-0.14314738
1,0.21975374
0,-0.028731495
0,-0.020967398
0,-0.035151277
0,0.03589963
1,-0.00032043643
1,-0.011627854
1,0.111413755
0,0.118433386
1,0.28122678
1,-0.20303474
1,0.3037276
1,0.16322838
1,-0.004359371
1,0.37574282
1,0.23442355
0,-0.006197097
0,-0.07192362
0,-0.083744355
1,0.0907047
1,0.113617145
1,0.06497838
0,0.16133681
0,0.020002952
1,0.2818528
0,0.042647097
0,0.05414155
0,0.1712684
1,0.10711363
1,-0.09087786
1,0.021495052
1,0.09056208
1,0.12324509
1,0.073119015
0,-0.087317996
1,-0.04574018
0,0.0034487713
0,0.28411528
1,0.14260313
0,0.083871596
0,0.020388538
1,0.12342203
0,-0.022901664
1,0.2795852
1,-0.124181286
1,0.0995906
0,-0.18863927
0,0.038329642
0,-0.04386174
0,-0.077689566
1,0.04776944
1,0.035347678
0,0.04093038
1,0.10966895
0,0.045175985
1,0.05638711
0,0.07578412
1,-0.13570538
1,-0.14418861
0,-0.029186334
0,0.000535463
0,0.04982302
0,0.012284129
0,-0.030291881
0,-0.22919734
0,0.2672693
1,-0.24770626
0,-0.048281778
0,-0.005334476
1,0.07039756
0,-0.027823608
1,0.0065128226
1,-0.0122510865
0,0.105940305
1,0.16971005
0,-0.10312495
1,-0.1124501
1,-0.10715859
1,0.17363551
1,0.18454863
1,0.1321167
0,-0.08971855
1,-0.1572228
0,-0.079809174
1,-0.020834439
0,-0.05549959
1,-0.11521566
0,0.084231965
0,-0.064330354
1,0.25160196
1,0.11570396
1,-0.34991384
0,-0.085673526
1,0.51390153
1,0.15660109
0,0.20755294
0,0.056267004
0,0.04152484
0,0.0019576764
1,0.23311651
0,0.19301707
0,0.12545595
1,-0.022388738
1,-0.13815777
0,0.05684101
0,0.0562993
1,0.26464036
1,0.15903006
1,0.05584925
0,-0.029290978
1,0.12041039
0,-0.061437573
0,0.072844215
1,-0.17299995
1,0.38444632
1,-0.14762114
1,0.0936364
1,0.11098461
0,-0.0006879028
0,-0.049034446
0,-0.00063962606
1,-0.31637728
0,0.049003758
0,-0.027780175
1,-0.14299524
0,0.12829909
0,-0.0007308605
1,0.10256468
0,0.11035469
1,0.31734604
0,0.007991159
1,0.16322932
0,0.02414181
1,0.28177768
0,-0.006715629
1,-0.044667136
1,0.074705996
0,-0.053519674
1,0.45621738
0,0.012422087
1,0.2057862
1,0.069544286
0,-0.112523556
1,0.05262733
0,-0.0957441
0,0.0809459
0,0.06796003
0,0.041471303
0,-0.021149362
1,0.025632232
1,-0.13013694
1,-0.04519726
1,0.00018773042
1,0.0839132
0,-0.10995615
1,-0.11379905
0,0.024088705
0,0.058484502
1,-0.103013545
1,-0.058697585
1,-0.18285939
1,0.02613493
0,0.06328858
1,-0.28331476
1,0.029002776
1,0.12336986
1,0.00025362615
1,0.20651364
1,0.15147811
0,0.24728438
1,0.07122268
1,0.26398903
1,0.080942385
1,0.11226647
1,-0.22773068
0,-0.13968465
1,-0.010508774
0,-0.053998794
0,-0.041249514
0,-0.017907768
0,-0.08674749
0,0.05040162
0,0.2401586
0,0.18746917
1,-0.13482971
0,-0.13154116
1,0.06869859
0,0.13082278
0,0.21311168
1,-0.12865505
0,-0.08930579
0,-0.030491544
1,0.12840721
0,0.094642095
0,-0.13681239
0,0.0066713737
0,0.12044117
0,0.0053915884
1,-0.19186771
1,0.06431708
1,0.34007508
0,0.038406104
1,-0.039526813
1,-0.13943939
1,0.3396921
0,0.1451587
1,0.24684806
1,0.25313282
0,0.0061305864
0,0.110737175
1,-0.043742567
0,0.0064718504
0,-0.014213815
0,0.05944181
0,0.12984018
1,0.11834375
1,-0.059063993
0,0.0046158973
1,0.14502095
0,-0.064463034
0,0.11004235
1,-0.027953632
0,0.17200658
0,0.10516529
0,0.11845013
0,-0.040188245
1,0.20480074
0,0.01825908
0,0.015331062
1,0.026924709
0,0.011017133
0,0.060583815
1,-0.15048158
1,0.017106444
1,0.12728505
1,0.20129667
1,0.08388721
1,-0.22111927
1,-0.03979203
0,0.100379705
1,0.040595558
1,0.09703286
1,0.20036553
0,-0.0810084
1,-0.03775803
1,-0.12771629
0,0.23474832
1,-0.04008735
0,-0.039645556
0,-0.07561752
0,0.108597584
0,0.008126083
0,-0.1567185
1,-0.10994167
1,0.119979806
1,0.13796642
0,-0.02075822
0,-0.061150134
1,0.17405142
1,0.2700202
1,0.041280754
0,0.0648368
0,0.01917034
0,-0.098356046
1,0.15814333
0,-0.1694374
1,-0.1604304
1,0.19017476
0,0.067186765
0,-0.12126417
0,-0.06999926
0,0.065129176
1,0.026461123
0,-0.1460676
1,-0.13175312
1,0.019252403
0,0.059710246
0,0.05117731
1,0.36985272
1,0.21453495
1,0.13220541
0,0.027755313
1,-0.043118306
1,0.18703648
1,0.37110654
1,0.32549137
1,0.272861
1,-0.12805
1,0.18703324
0,-0.1181214
1,-0.32324824
0,-0.1549911
1,0.116821766
0,0.054537717
1,0.050424095
0,-0.0143840555
0,0.123881325
0,-0.10475365
0,-0.045936894
1,0.11509482
1,0.18037198
0,-7.106189e-05
1,0.23161952
1,0.058318086
0,-0.023981815
0,-0.0050284136
1,0.0047509503
0,0.019015057
0,-0.07497952
1,0.112520784
1,-0.08582292
1,0.3613079
0,0.049171776
1,-0.08806067
0,-0.054205332
0,-0.04825021
1,-0.16683036
0,0.001617434
0,-0.08398245
0,-0.06547446
1,-0.13950965
1,0.2347561
0,0.12617646
0,-0.08251152
1,0.3309762
0,0.16990885
0,0.038999625
0,0.045052603
1,-0.07578569
0,0.020609045
1,-0.12435204
0,0.09484547
0,0.14543016
0,0.1572907
1,0.384172
0,0.003463104
0,-0.082188666
0,-0.053297788
0,-0.07553611
1,0.109112546
0,0.077698275
1,0.20100076
1,-0.016832985
0,0.016935559
0,0.17835
1,0.19238736
0,0.053692993
0,-0.14346474
1,-0.1506914
0,0.01571014
0,0.033437554
0,-0.051564984
1,0.034334496
0,-0.08957257
1,0.3015175
0,-0.008918775
1,0.29302555
1,0.17482483
1,-0.060153592
0,0.12744002
1,-0.18309726
0,0.038188577
1,-0.068325564
1,-0.24077183
1,-0.13850912
1,0.1949846
0,0.039298754
0,-0.0078988345
0,-0.01984388
0,-0.049385473
0,-0.2774013
0,0.08885403
1,0.2398347
1,0.04118469
1,0.0797854
1,-0.19149764
0,-0.08996846
1,-0.07713133
0,0.0046832673
1,0.10790604
0,0.030936116
0,-0.06877861
0,-0.11100822
1,-0.26874274
0,0.22198123
1,-0.11754117
0,0.023040231
1,0.03605362
1,0.12499942
1,0.060805432
0,-0.20022647
1,-0.15942127
1,0.061658587
1,-0.17990029
1,0.035536755
1,0.1419858
0,0.05046434
0,0.11159344
1,-0.016541239
1,0.40161243
0,-0.05959028
1,0.058280207
0,0.03592042
0,0.14420728
1,0.07774869
0,-0.016115692
0,0.03502497
0,0.08885716
1,-0.06889124
0,0.009947036
1,-0.2045288
1,-0.11768124
0,0.17038937
1,0.010586731
1,0.120422706
0,-0.09300169
1,-0.14708
0,0.060806237
1,-0.06827913
0,-0.018757999
0,-0.0037404122
0,-0.066989385
1,0.16241632
1,0.16490658
1,0.4709978
1,-0.13837244
1,0.016272034
0,0.12564833
1,0.096825145
1,-0.08282884
0,-0.026810372
0,0.07783615
0,0.00013770722
0,-0.049207702
1,0.112193584
0,0.07554724
0,0.048176713
0,-0.11220454
0,0.0006133504
1,0.14671955
1,-0.10408265
0,0.04040858
0,-0.053188313
1,-0.0077488343
1,0.024572078
0,-0.08442652
0,-0.026837349
1,-0.27828607
0,0.086283214
0,0.058979563
1,-0.080602914
0,-0.0005189399
1,-0.17885384
0,-0.003826212
1,0.20881622
0,-0.063555755
1,-0.07382959
1,0.15032756
0,0.089043826
0,-0.049712937
0,-0.011979166
1,0.11332303
1,-0.20628071
0,0.24531321
1,-0.10593668
1,0.28805187
0,0.06600124
1,0.3849502
0,0.22022621
1,-0.18444894
1,-0.063962184
0,0.08093195
0,0.15494016
1,0.11544622
0,0.13688596
0,0.012976336
1,0.10146788
0,0.03867949
0,-0.03255012
0,-0.067333505
1,-0.08783089
0,0.112502486
0,0.12539229
1,0.20373505
0,0.035047214
1,-0.025415203
1,0.36397907
1,-0.079270035
1,0.0077340887
1,-0.02171564
0,0.014755949
0,-0.020651793
1,0.013809115
1,-0.49154213
1,-0.005369149
0,-0.022834774
0,0.14499025
0,0.03210663
1,-0.11646855
1,-0.06352968
0,0.22814958
0,0.027113661
0,0.06877325
0,0.039213255
0,0.120177895
0,0.15149228
0,-0.07667696
0,-0.07125947
1,-0.07295711
0,-0.14121817
1,0.11334539
0,0.044586986
1,0.35910282
0,0.0035568709
1,-0.01921168
0,0.12317266
1,-0.1027716
1,0.33735275
1,0.03422817
1,0.3913761
1,0.030223854
1,-0.073523685
1,0.0778146
1,0.23132677
0,-0.052011788
0,-0.06598207
0,-0.03326093
0,-0.029925153
0,0.12879987
0,-0.0083203325
1,0.23333792
1,-0.09430195
0,0.021596374
1,0.0439423
1,0.24047202
0,-0.0054285284
0,0.07752316
1,0.043641772
0,-0.004808708
0,-0.031376004
1,0.016927822
0,0.056503862
1,0.19559649
1,0.13062505
0,-0.08902728
1,0.068242185
1,0.13551284
1,0.09948706
1,0.15873261
0,-0.015869219
1,0.040308174
0,-0.058056064
0,-0.16405436
0,-0.05311749
0,0.034901954
1,-0.08443749
0,-0.010149641
0,-0.10665904
1,0.00887106
1,0.31666616
1,-0.21881714
1,0.024177762
0,-0.012457361
1,0.041446183
1,0.01012757
0,-0.070039704
1,0.109053716
1,0.12249674
1,0.021063281
0,0.03580866
1,0.09995319
0,-0.020671807
1,-0.040799335
0,0.07203255
0,0.07653427
1,0.3896264
1,0.07609836
1,-0.17337553
1,0.042463124
1,0.25407505
0,-0.0125977425
0,0.13833459
0,0.110649206
0,-0.059629433
1,0.10951227
0,-0.23032743
1,-0.10581083
0,-0.0047634505
1,0.23388985
0,-0.15998787
0,-0.00041317847
1,0.05202394
0,-0.009326231
1,-0.102870874
0,-0.054369405
1,0.012434769
0,-0.21321698
1,0.104899414
1,-0.15031058
1,0.061880022
0,0.046392925
1,0.120649695
1,0.23001719
0,0.029195929
1,-0.06864768
1,0.11139686
1,-0.059108302
1,-0.0033086587
0,-0.06312233
0,0.093266934
1,0.4144462
1,0.14441612
0,-0.036697406
1,-0.14828448
0,0.11437629
0,-0.009341576
1,-0.20813888
1,0.20552282
0,-0.07784227
0,-0.039262265
1,-0.20914732
1,0.21502137
0,-0.079185456
0,-0.13584298
1,-0.13424863
0,0.016535826
1,0.3499409
1,-0.3408928
1,-0.15224235
0,-0.029377159
1,-0.22889899
0,-0.012267944
0,-0.03652194
1,0.22828394
0,-0.005949838
1,0.07123539
0,-0.05104775
0,0.035352558
0,0.010064432
0,0.034324735
1,0.011325315
1,0.28619134
1,0.14886771
0,-0.038038664
1,0.0017322928
1,-0.0733647
1,0.08830923
1,0.10689989
1,0.12849258
1,0.018156435
1,-0.003501552
1,0.04315413
0,-0.047164187
1,-0.064601004
1,0.0035635447
0,0.11438729
0,0.036448296
1,0.2716417
1,0.115462855
0,0.00046872534
1,0.2808376
1,0.2600068
0,0.005099388
0,-0.04930047
1,-0.03355772
1,0.16421275
1,0.16395493
0,0.028606944
1,0.14320469
0,0.07189694
1,-0.04179793
0,0.014439436
0,-0.06466033
1,0.11651182
1,0.10362482
0,-0.001259054
0,-0.027827952
0,0.093332574
0,0.0089795925
0,0.09872532
0,0.0051483046
0,-0.035547122
1,0.096809335
1,-0.11393095
0,0.13037384
0,0.027749442
1,0.13580537
1,0.059698194
1,0.19102727
0,0.013515388
1,-0.10748767
0,0.024605412
1,0.1434416
0,-0.05423225
1,0.23312284
1,0.007024243
0,-0.048237476
0,0.07205048
1,0.080499634
1,0.3774816
0,-0.21294324
0,0.110627405
1,0.0018679528
1,0.063714735
1,-0.019774787
1,-0.043119606
1,-0.11971797
0,-0.03566312
1,0.1516262
0,0.18121587
0,-0.054518208
1,0.11898933
1,0.11539465
1,0.21264826
1,0.2768849
1,0.13243878
1,0.08519797
1,0.44504136
1,0.14033397
1,0.11682738
0,0.06824803
0,0.028690346
1,-0.08304046
0,-0.010586476
1,-0.12351556
0,0.064767584
1,0.06542372
0,-0.019214623
0,0.07614807
1,0.01765265
1,-0.075100705
0,-0.090227425
0,0.08350696
1,0.21970779
0,-0.06227654
1,-0.07200852
1,0.21584427
1,0.41684464
1,0.08695877
1,-0.17940272
0,-0.0049916795
0,0.06413636
1,0.17422587
1,0.034390092
0,0.05738731
1,0.24426177
1,-0.32707313
0,0.17217112
0,-0.0021880344
0,-0.021117643
1,-0.00054534944
0,0.07287042
1,0.34253055
1,0.16297773
1,0.060966965
1,0.107635215
0,0.077050455
1,0.19215259
0,-0.15835136
1,0.20963937
0,-0.07645724
1,-0.0072736507
0,0.073170476
0,0.019481227
1,-0.08298313
0,0.09017824
0,-0.033871517
0,0.1789183
0,0.03463556
0,-0.15119284
1,0.1699088
1,-0.28760862
0,-0.08829269
1,-0.029778585
0,0.13688913
1,0.2709836
0,0.0028938605
1,-0.06668523
1,-0.091382496
1,0.081515595
1,0.29892278
0,-0.0072075105
1,0.024329154
0,0.11210548
0,0.12708871
0,-0.05532921
0,0.04265435
0,0.019793577
0,0.045313604
0,-0.0028945766
0,-0.036564168
0,-0.13820133
1,0.17353
1,0.012053559
1,0.048984095
0,-0.037902184
1,0.15150668
1,0.05560506
0,-0.06206368
1,-0.05715678
1,-0.2794799
1,-0.07349904
0,-0.083387464
0,-0.16289407
1,0.22036538
1,-0.23342063
0,0.015021435
1,0.17830652
1,0.084056415
1,0.24672061
0,-0.03841973
1,0.036468275
1,0.22816858
1,0.009540786
1,0.25302342
1,0.31139854
1,0.110127404
0,-0.032610375
0,0.030062033
1,0.030014839
0,0.024819318
0,-0.0023460472
0,-0.044959255
1,0.037386373
0,-0.16929556
1,0.3033464
1,0.18259367
1,0.09663532
1,-0.05884672
1,-0.06078913
1,-0.076856226
0,0.07398594
0,0.009653124
1,0.13137083
0,0.08780898
1,-0.1516867
1,-0.0042606583
0,0.02380678
1,0.20799823
1,0.10304334
1,0.15508097
0,-0.06495026
1,-0.46812987
1,0.13048853
0,-0.01374918
0,-0.01594514
0,-0.033540756
1,-0.03572804
1,-0.1749605
0,-0.098172106
0,-0.043481417
0,-0.1335593
0,0.041505463
1,0.06938281
1,0.089836545
0,-0.068503425
1,0.2619641
0,0.10124501
1,0.119129166
0,0.06961135
1,0.20133637
1,0.16648208
0,-0.104540065
0,0.066293314
1,-0.016333427
1,0.0526617
0,0.072292835
0,0.03564002
1,0.018151442
0,0.022448333
0,-0.14576362
0,-0.07762544
0,-0.031964608
1,0.18194324
1,-0.026274376
0,0.01051823
0,0.17622805
0,0.055660054
1,0.26294798
1,0.08023591
0,0.0048620617
0,-0.107597895
0,0.03969682
1,0.13298777
0,-0.030033505
0,-0.22152758
1,-0.17576744
1,-0.06465162
0,-0.030837545
1,0.058774777
1,-0.2097534
1,0.20309517
1,0.19912711
0,-0.049171165
1,0.09543074
0,0.023094254
0,0.11735519
1,0.14255384
0,0.036876034
1,0.15417078
1,-0.17906508
1,0.24718638
0,-0.1394714
1,-0.015428619
0,-0.012336128
1,0.13296041
0,-0.027058542
1,0.021456312
0,0.13327666
1,0.00012233667
0,0.076389015
0,0.09714883
0,-0.058245223
0,-0.038272034
1,0.12690209
1,0.17358416
0,0.18731159
0,0.041763168
1,0.016896782
0,0.039876938
0,0.08914131
0,0.14476576
1,-0.038433872
0,-0.17380026
0,0.041997418
1,0.09394162
1,0.04052087
1,0.062270142
1,0.09908177
0,0.046872165
1,0.043923747
1,0.22348708
0,0.1580319
0,0.0023168148
1,0.06682797
0,0.10558366
1,-0.03512749
0,0.1818396
0,-0.101634234
0,0.12557551
0,-0.15889718
0,0.014564115
1,-0.019793088
1,0.095537245
1,-0.080110535
0,-0.018457849
0,0.075620845
1,0.09290434
0,-0.01339603
1,0.26153833
1,-0.15470786
0,-0.035202425
0,-0.074387714
1,-0.26902553
0,0.022082627
1,0.14020212
1,0.43315127
1,0.30889395
1,0.1862594
0,0.022856127
0,-0.035629977
1,0.12325444
1,-0.114631
1,-0.010675419
1,-0.083374806
0,-0.085736774
0,-0.10971573
1,0.10499109
0,-0.020188183
1,0.17122257
0,0.033985794
1,0.07295762
1,-0.07904132
1,-0.23561504
1,0.07692256
1,0.041137174
1,0.15528019
1,0.034079537
0,0.030550715
1,0.055532582
1,0.27569893
1,0.03609087
1,0.054197602
1,0.33527038
1,0.12088966
0,0.05695539
1,0.21538776
1,0.03809641
1,0.030481067
1,0.1569714
0,-0.066876516
0,-0.018176258
0,0.18337141
0,-0.15038876
0,-0.060700223
0,0.027406875
1,0.16615428
1,-0.056411855
1,0.20150925
0,0.016852248
1,0.029297404
1,0.048220653
0,-0.2359924
1,0.1465884
0,0.102026254
1,0.09898303
1,-0.04594655
1,0.27670655
1,0.050387032
0,0.12328822
1,-0.1173646
1,-0.14937586
0,-0.138298
0,0.014157774
0,0.086401336
0,-0.036944997
1,0.02601656
0,0.073607534
0,0.0023336662
0,-0.033129614
0,0.12382045
0,-0.022579735
0,-0.015181134
1,0.39739686
1,0.032996446
0,-0.1124762
0,-0.04609412
0,0.16971736
1,-0.31344587
0,0.015333349
1,0.19329023
0,0.040143885
1,0.18798408
1,0.3471893
1,0.05969837
0,-0.21836254
0,0.008009411
1,0.16383919
0,0.074213535
1,-0.1450418
1,0.3041897
0,0.0044604284
0,-0.016942326
1,0.06256789
1,0.0625957
0,-0.0011491366
1,-0.031573556
0,0.0062671537
1,0.03045966
0,0.013553745
1,-0.21788248
0,0.0033636251
0,-0.07582235
1,-0.122925036
0,-0.04883192
0,-0.124891154
1,0.20029122
0,-0.0421999
1,0.24885234
0,0.0060668513
0,0.19843523
1,0.36985314
1,0.0032963892
0,0.034967393
1,-0.038447667
0,-0.09057653
0,0.2946468
1,-0.040067658
0,0.057771567
0,-0.017290726
1,-0.29512057
1,-0.14888267
0,-0.16835068
1,-0.038273748
1,0.020395642
1,0.12843718
1,-0.033749633
1,0.024335124
0,0.0008982271
1,0.16870154
0,0.13489962
0,0.043577954
0,0.15607174
1,-0.31846514
0,-0.02376423
1,-0.24422735
0,0.034323424
1,0.18186975
0,-0.10265088
0,0.05070612
0,0.0710237
1,0.2663484
0,0.04020708
1,0.11501456
0,0.05653855
0,0.039146233
1,0.14314336
1,-0.030948708
1,-0.041705303
1,0.22398673
0,0.005828166
1,-0.2177216
1,-0.12990409
1,0.23184034
0,-0.13213417
0,-0.09291116
0,0.29919073
0,0.022854056
0,0.061924364
1,0.10577258
0,-0.06590772
1,0.0032134138
1,0.1580481
0,0.14697973
0,0.0149922725
0,0.15747933
0,-0.060026567
1,-0.23529074
0,-0.04026815
1,0.08948518
1,0.12472379
1,0.23657039
0,-0.062431384
0,-0.10866064
0,0.05533807
0,-0.021058451
0,-0.13158372
1,0.001972609
1,-0.064683154
1,0.32325965
1,0.10362586
1,0.110116795
1,0.16502492
0,0.09841805
1,0.2342667
1,0.09646036
1,0.030879702
1,0.05861897
0,0.014440762
1,0.19334242
0,0.06809524
0,0.06967269
0,-0.031650577
0,-0.027042527
0,-0.0030496088
0,0.27852392
1,-0.20376028
0,0.044801544
1,0.17084596
0,-0.14843264
0,-0.02762388
1,-0.01265506
0,-0.1309399
1,0.20242156
1,0.2546872
1,-0.07017989
1,0.28813237
0,-0.16189419
1,-0.034293685
1,0.16277947
0,0.07874687
1,-0.111729674
1,0.09580225
0,0.13415602
1,-0.13510667
1,0.031919494
1,0.006210046
1,0.16111088
0,-0.071578875
0,-0.20191166
0,0.030726574
1,0.018064091
0,-0.021320982
0,-0.097106904
0,-0.08645562
0,0.0014100708
1,-0.02107938
0,-0.14783372
0,-0.17364623
0,-0.007660472
1,-0.03327727
1,0.05846732
0,0.17331703
1,0.13346528
1,0.22984698
0,-0.10821118
1,-0.14083509
0,-0.13294956
1,0.032717746
1,-0.10931936
0,0.05607899
0,-0.107000686
1,0.019843044
1,0.008058162
1,-0.012905477
1,0.09631601
0,-0.099056475
0,0.04502507
0,-0.14067984
1,-0.25660488
1,0.059815235
1,0.025327912
1,0.08567831
1,-0.14369366
1,0.18444784
0,0.078370124
0,0.09300378
1,-0.036779
0,0.009258023
1,-0.22943023
0,-0.054999582
0,-0.014772531
0,-0.008620354
1,0.104380794
1,0.25324517
1,0.22666539
0,0.005241717
1,0.19888271
0,-0.17258185
0,0.072611146
0,0.22465959
1,0.09827742
0,-0.059491854
1,0.34082842
1,0.03959327
0,0.14178877
1,-0.12314191
1,0.15738289
0,-0.058068234
1,0.13518265
0,-0.035936397
1,0.007959993
0,0.01727574
0,-0.023458755
0,0.14338335
0,0.014293547
1,0.4439619
0,0.0057235286
1,-0.14798713
1,0.09612091
0,0.23267817
1,-0.05085029
0,-0.034620598
1,-0.12561186
1,0.0638572
1,0.3270234
0,0.012165641
0,0.009334308
1,0.016278315
1,0.08005368
0,0.08068584
0,0.03424845
0,0.114506654
1,-0.2514493
1,-0.3134516
1,0.0042098025
0,-0.07982374
0,0.007976531
1,0.11143016
1,-0.10238589
1,0.022173159
1,-0.02019122
1,0.13269414
1,0.024957474
1,-0.20009883
0,-0.036275886
1,-0.27006814
0,0.013352062
1,0.06452436
0,-0.11547859
0,-0.0349323
0,0.007740422
0,-0.06205883
0,-0.012179583
0,0.0037827734
1,0.39253235
0,-0.28993255
1,-0.07046136
1,0.11564569
1,0.021615462
0,-0.06354914
0,-0.01189621
0,-0.07179496
0,-0.013081351
1,-0.105954766
1,0.028385732
0,-0.072904214
0,0.015191024
1,0.04993619
0,0.20781668
1,-0.06524402
0,-0.11368893
1,0.046286155
0,-0.036647573
1,0.2574138
1,0.35915264
0,0.029608222
0,0.044287696
0,0.056588683
1,0.2091201
1,-0.08835911
0,0.035528235
1,-0.07627917
0,-0.070136875
0,0.16896133
0,0.09462985
0,-0.24592657
0,0.034843657
0,0.04652525
0,0.11441456
1,0.11024025
1,0.11872023
1,-0.03266976
0,-0.029280074
0,-0.045506634
1,0.055517524
1,-0.4029299
0,-0.12183881
1,-0.23670559
0,-0.13753872
0,-0.061639156
0,-0.027980056
1,0.105578244
1,-0.075806685
1,0.46317473
0,-0.049414977
0,-0.13462165
0,-0.007487883
1,-0.09391175
0,-0.039039947
0,-0.05654843
0,0.058274284
1,0.123639494
0,0.03500286
0,-0.028191712
1,0.12291782
0,0.042973153
1,-0.0061802557
0,0.011931293
0,-0.08247426
0,-0.0019807601
0,0.021881402
1,0.16726765
1,0.088438004
0,-0.19339465
1,0.020308461
0,-0.081526056
1,0.16532221
1,-0.007754594
0,-0.23334414
0,0.03798016
1,0.2060957
1,0.1352687
0,-0.023138199
1,0.32071295
0,0.011224407
1,0.03982338
1,-0.14271653
1,0.2746903
0,0.08559562
0,-0.19626525
0,-0.0054812143
0,-0.048050903
1,-0.010122486
0,0.03459368
0,-0.0028448969
1,0.18976998
0,0.0067114956
1,0.1626699
1,-0.048781406
1,0.076751545
1,0.11183457
1,0.14355522
1,-0.07281562
1,0.19631791
0,0.08291956
1,-0.30263987
1,0.045216765
1,0.032236774
1,0.20041123
1,0.15059246
1,0.004618478
0,-0.09095897
1,0.16825101
1,-0.071738854
1,0.10989501
1,0.011541669
1,0.045709893
0,0.0073436275
1,0.08893439
0,0.010616333
0,0.063516006
1,0.05743748
1,0.18983825
0,0.01509339
0,-0.07421162
1,0.19041727
1,0.0700583
0,-0.018730698
1,-0.009945574
1,0.15147477
1,0.107275866
1,-0.015103509
1,0.04160179
0,-0.08383437
0,0.122384675
0,-0.04798271
1,-0.06889569
1,0.055649076
1,0.028593607
0,0.012223628
1,0.18617024
1,-0.15011598
1,0.21253927
1,-0.12119474
0,-0.047631074
0,-0.08361571
1,0.08438624
1,0.14066392
1,-0.11796468
1,0.11506817
1,0.0007437933
1,-0.011208048
1,0.022588957
0,0.047814045
1,-0.15517311
0,0.053390678
1,0.17579176
1,0.14749056
0,0.014968726
1,0.24774759
0,0.030119184
0,-0.24121208
0,0.024745818
0,0.026383782
1,0.26591298
1,0.03620816
0,0.07855265
1,-0.045051605
0,-0.07313794
0,0.02193605
1,-0.04299281
1,0.18822065
1,0.1570573
0,0.06658241
0,-0.016809937
0,-0.1327299
0,-0.16640517
0,0.05223706
1,0.053757038
0,-0.20162909
1,0.26617038
0,0.17864946
1,0.18829276
0,-0.07267174
0,-0.012401194
0,0.111510776
1,-0.094604954
0,-0.08065767
1,0.18254517
0,0.05817082
0,-0.03727436
1,-0.014490603
1,0.2417269
0,-0.026566584
1,0.07932383
0,0.14426328
1,0.0807411
0,-0.051993664
0,0.06327651
0,0.04417506
0,-0.105632596
1,-0.05974067
1,0.34646687
1,-0.08965778
0,-0.12417851
1,0.06495889
1,0.39872742
0,-0.049218178
1,-0.18605852
0,0.1451459
1,-0.15840368
1,0.046662435
0,0.06588679
0,-0.027083786
0,0.113146976
0,0.028881416
1,0.0883242
1,-0.27637556
0,-0.059972614
0,-0.014407942
1,0.13685164
1,0.0656346
1,-0.057356108
1,0.019144379
0,-0.041299853
1,-0.13768199
1,-0.19334382
0,-0.070502415
1,-0.22588494
1,0.11176179
0,0.13736366
1,-0.024053296
1,0.2668627
0,0.010984218
1,0.09708757
1,-0.19077756
1,0.29700363
1,0.13943034
1,-0.103498235
1,0.14434657
0,-0.07902378
1,0.16492052
1,0.21940897
0,-0.09954435
0,0.14080717
1,0.46315333
1,0.06597395
0,0.12007803
1,-0.098652184
1,0.18921314
1,0.27658945
0,-0.101250336
0,-0.027020149
0,0.049776636
1,0.11436536
1,0.25411993
0,-0.09267235
1,-0.16148505
0,0.18655714
1,0.12126716
0,0.144812
1,-0.12581874
1,-0.09894566
1,-0.15886304
1,-0.18289533
0,-0.018806936
0,0.039098058
1,0.18436761
0,-0.08653759
1,0.054553244
1,0.06370099
1,-0.09470088
0,0.09702504
0,0.09344686
0,-0.035438307
1,-0.11396657
1,0.1838935
1,-0.020868488
0,0.0815676
0,0.053093396
1,0.10902761
1,-0.07646254
1,0.06714309
1,0.04665561
1,0.15141012
1,0.15445676
1,-0.11797078
1,-0.030083269
1,0.033791043
1,0.119243525
1,0.08755037
0,0.07010293
1,-0.22479482
1,0.11034378
0,-0.047540925
0,0.017021181
1,-0.10271208
0,-0.000877982
0,-0.035482593
0,0.076426074
1,0.0680173
0,0.084433146
0,-0.06918135
0,-0.028754737
0,-0.019054392
1,-0.20173652
0,0.0074071847
0,-0.011058958
0,-0.08509887
1,-0.2824414
0,0.040620558
1,0.05874452
0,-0.09946511
0,0.0057516084
1,0.101534694
1,0.22302109
1,0.18861216
0,0.097423844
0,-0.08722225
0,0.013932891
0,0.01959617
0,0.07332492
0,-0.1144343
1,0.1474653
0,0.12051911
1,0.06952295
1,0.17597006
0,0.059278443
1,0.18848032
0,0.056053158
1,0.0022340724
1,0.06857882
1,0.09770792
0,-0.11735498
0,-0.062100064
1,-0.027366169
1,-0.00014682487
1,0.044906158
0,-0.13062419
1,-0.23665553
1,0.15886873
1,0.0036746254
1,0.21511291
1,-0.032812938
0,-0.13978891
0,-0.10224639
0,-0.19544984
0,-0.047514785
0,-0.21541841
1,-0.017888706
0,-0.074352376
0,-0.021791646
1,0.19490257
1,-0.18188994
1,0.09047418
1,0.11074565
0,-0.04234287
0,0.05995619
1,0.2378957
1,-0.005831575
0,-0.084668264
0,-0.07575184
1,0.22831266
1,0.10922269
0,0.016758816
0,0.03456835
1,-0.0359748
0,0.08392504
0,0.059177674
0,0.03973282
1,0.10332073
0,0.028960347
0,-0.03308686
1,-0.1028236
1,-0.054923523
0,-0.00899166
0,-0.03808849
1,-0.053162687
0,-0.106754094
0,-0.085232176
1,0.10601564
0,0.014541689
0,0.05406646
0,0.034525696
0,0.03427618
0,0.12610921
1,0.08307895
1,-0.15307221
0,0.14738035
0,0.08992171
1,0.21194902
1,-0.2389937
1,0.08383808
1,0.19332053
0,0.015534675
1,0.3472932
0,0.23222621
1,0.021761969
1,0.09643207
0,0.07459225
0,-0.064382814
0,-0.15424104
1,0.09546974
1,-0.057268318
0,0.091610536
0,0.03207325
1,0.17383842
1,0.21331944
0,-0.05563926
1,-0.07167583
1,0.001569693
1,0.014460812
1,-0.06939375
0,0.16691244
0,-0.07206267
0,-0.13928479
1,0.13897908
1,-0.07777536
1,-0.002527832
1,-0.07276407
1,-0.032652713
0,0.017400194
0,-0.14979409
0,-0.0032726135
0,-0.019960381
0,-0.017190669
0,-0.024862235
0,-0.06103673
0,0.016763378
0,0.070874244
1,0.040288355
1,0.043059696
1,0.34675997
1,0.14194453
1,0.23893657
0,0.2223074
1,0.29355282
0,-0.056991637
1,0.015331386
1,0.025064293
0,-0.013918873
1,-0.19232076
1,-0.08589611
1,0.10796709
1,-0.063555494
1,-0.059799865
0,-0.04681893
0,0.039083928
1,0.06259243
0,0.028818883
0,0.16440634
0,-0.009923622
0,0.1498088
1,0.10925958
0,0.01228657
1,-0.12182509
0,0.0542111
0,-0.007398987
1,0.20102774
0,-0.10472042
0,-0.039758556
1,-0.027737802
1,0.016080573
1,0.24186295
1,0.06991767
0,0.044511724
1,0.040047515
1,0.04643136
1,0.13166758
0,-0.15007035
0,0.1241014
1,0.006029574
0,0.020157352
0,-0.096743524
1,-0.18202104
1,0.1933759
0,-0.035224963
0,0.06086722
0,-0.0043505416
1,0.052911326
1,0.15243071
1,-0.061590657
1,0.25640407
1,0.09505613
1,0.11407153
1,0.15835482
0,-0.11457438
1,0.045165434
1,0.045300215
0,-0.036083184
1,0.22640799
0,-0.03769013
0,-0.059830837
0,0.17721981
1,0.097129986
1,-0.008005041
1,0.12476193
1,-0.032520056
0,-0.071577616
0,0.05533976
0,-0.0063629216
1,0.23145498
1,0.19304208
0,-0.017151276
0,0.16738488
0,-0.041501097
0,0.14169835
0,-0.040924672
0,-0.018642368
0,-0.08361049
0,0.073423974
0,0.035067573
0,-0.21212691
0,0.031513352
0,-0.016925324
0,-0.13178873
0,0.0544192
1,0.05121128
1,0.1328471
1,0.019731551
1,0.15793383
1,-0.0048834137
0,0.14081031
0,0.057664856
0,0.12685502
0,0.020474795
1,-0.09893207
1,0.039191216
1,-0.09824464
0,-0.009663769
0,-0.025584472
0,-0.06511539
1,0.1043319
0,-0.045619905
1,-0.023997787
1,0.095531896
1,-0.07964731
1,0.24807115
0,0.07958639
0,0.097666405
0,-0.025885766
0,0.026778944
1,0.3834448
1,0.045361016
1,0.15690501
1,-0.10146487
0,0.043472297
1,0.085758284
1,0.12394926
0,-0.035693392
0,0.01949265
1,-0.066311575
0,0.11093587
1,0.24078682
0,-0.06987822
0,-0.066781245
1,0.39552
0,0.01684389
0,0.024550792
0,-0.1224209
1,-0.12278098
1,0.13485146
1,0.3462424
0,0.08900639
1,-0.07776274
0,-0.075416595
0,-0.008120203
1,-0.03783123
0,0.15875171
1,0.0038003046
0,0.011131157
0,-0.00042938028
0,0.061438307
0,-0.07854359
1,-0.13289814
0,0.15382768
0,0.1104701
1,0.13123235
1,0.098723315
1,-0.0064735804
1,0.1907221
0,-0.12885837
0,-0.037585057
0,-0.09008762
1,-0.06862539
1,0.20946197
0,-0.08666583
1,0.124995425
0,0.064964965
0,0.074198075
1,-0.009303831
1,0.041427325
1,0.1908666
1,0.22210322
0,-0.01644812
1,0.06780309
1,0.23621364
0,-0.12892193
0,0.0845474
0,0.0026028976
1,0.1730108
1,-0.07258931
0,-0.1477633
0,-0.011910284
1,-0.029390108
0,0.041464865
0,0.26254043
1,0.3777175
0,0.01643126
0,0.049458534
1,-0.095503375
0,-0.11166592
0,0.01616844
0,-0.0816866
0,-0.034258317
0,0.020383287
0,0.023080904
1,0.1669517
0,0.077273294
0,-0.023589274
1,0.14258826
0,-0.1000114
0,-0.13589507
0,-0.15454842
1,-0.20940532
1,0.17947985
0,-0.005786459
1,0.2877297
0,-0.019340169
0,-0.12225737
1,0.026797181
1,0.04602728
1,-0.043649554
0,0.15216643
1,0.25172415
1,0.1412694
0,0.019225165
0,0.0035783388
0,0.0750129
1,-0.029410178
1,-0.04133776
1,-0.0160648
0,-0.05080663
1,0.082345635
1,0.14561972
1,-0.09516811
0,-0.063281514
1,-0.0022245096
0,0.006764176
0,0.04033921
1,0.19154361
0,-0.07129009
0,0.002225045
0,0.1325561
1,0.05593532
1,0.037353627
0,0.14107049
0,-0.064062566
0,-0.0030932296
0,0.021377187
1,-0.09238827
1,-0.12940155
1,-0.027860437
0,4.47575e-05
0,-0.0039908625
0,0.12564844
1,0.29825225
1,-0.010847669
1,0.035992496
0,-0.07505083
1,-0.0865128
0,-0.07549627
1,0.15745412
1,-0.11279392
1,0.08298895
1,-0.0032843808
1,-0.007834744
0,-0.10727735
0,0.04076901
0,0.017043334
0,-0.068262726
1,0.014038778
0,-0.019081783
0,0.06452424
1,-0.099621765
1,0.24498078
1,-0.04866808
1,0.14168951
0,-0.050766326
0,-0.115533166
0,0.033322796
1,-0.04837104
1,0.18385129
0,0.055617217
1,0.108356856
0,-0.041613888
0,-0.09014267
0,-0.023431446
1,-0.06757903
1,-0.017218728
1,0.058947265
1,0.115026824
1,0.056613375
0,0.0035398877
1,0.04768064
1,0.11390228
0,-0.050884604
0,-0.11770232
0,0.054807074
0,-0.066544324
1,-0.24891694
1,0.087902
1,-0.10760605
0,-0.07942822
1,0.103103906
0,0.027009014
0,-0.13985556
0,0.06719375
0,-0.151198
0,-0.013430736
0,0.085271955
1,0.18901178
1,0.21075402
0,-0.069537535
0,-0.023010146
1,0.11292768
1,-0.090730906
0,-0.09104115
1,-0.11729414
1,-0.28131312
1,0.09147012
1,0.15458564
1,0.2589854
1,-0.05439572
1,0.06856917
1,0.3424006
0,0.042565085
0,-0.06163716
0,0.110468104
1,0.16955711
1,-0.032777756
0,0.18777272
0,-0.044037618
1,0.073601305
1,0.061410435
1,0.16466475
0,-0.035464596
1,-0.10229493
1,0.05774446
1,-0.08519252
1,0.08753847
1,-0.19416478
0,0.05740794
0,0.039951142
1,0.17936054
1,0.005507482
0,-0.08468275
0,-0.03403417
0,0.051049143
1,-0.052667163
1,0.21850865
1,0.10258302
1,-0.18354024
1,0.03371259
0,-0.0028578667
1,-0.07517778
1,0.13944043
0,0.006759553
0,-0.009315469
1,0.13836212
1,0.06261855
0,-0.08047898
1,0.30027336
1,0.04863401
0,-0.074012585
0,0.10273368
0,-0.05543637
0,-0.063211985
0,-0.0444922
1,-0.03442274
1,0.18584664
1,-0.13431033
1,0.08862172
0,0.014604684
0,0.17457652
0,-0.003949836
1,0.2148566
0,0.035097636
1,-0.12059291
0,0.02544386
0,-0.04055481
1,0.19880027
0,-0.012303521
0,0.03901274
1,0.13894427
0,0.061853427
0,0.10498887
1,-0.11791857
0,0.22058292
0,0.021700261
1,-0.009609643
1,-0.13086312
1,0.09265565
0,0.013350685
0,0.07947632
1,0.049855586
0,-0.044173483
0,0.029395746
1,-0.043225188
1,-0.031334788
1,-0.18778177
0,0.0132815745
1,0.15983926
0,0.036831804
0,-0.00970594
0,0.04109849
1,-0.10340136
0,0.19076934
0,-0.049479775
0,-0.049776357
1,-0.29798612
0,0.010875897
0,0.04362629
1,0.079117425
1,-0.022501117
0,0.0052798633
0,-0.0069546895
1,0.025849972
0,-0.037779555
1,0.40738595
1,0.00033893995
1,0.27421334
1,-0.0756984
0,-0.029585732
0,0.012670662
0,-0.047683094
1,-0.008102933
0,0.015045748
1,0.01658161
1,-0.13347723
0,0.08180037
1,0.22562355
1,-0.058966205
1,-0.15652816
0,0.008521093
1,-0.06259995
1,0.03366104
1,0.0987255
0,-0.043469734
1,0.26968908
0,0.15880783
0,0.06564264
0,0.1347789
0,0.16725436
1,-0.13708982
0,-0.053420953
0,0.057725843
0,-0.047137808
1,0.007865477
0,0.15680175
0,-0.021733487
1,0.3204752
0,0.04265404
1,0.112958506
0,0.012175925
1,0.018285815
1,-0.08520988
1,0.14673375
1,-0.0075907987
1,-0.03221696
1,0.04710263
0,-0.033146873
1,0.11651449
0,-0.0809292
0,-0.02823282
1,-0.26053372
0,0.021949567
0,0.11690083
0,0.037495308
0,-0.08353651
0,0.06090437
1,0.02581843
1,-0.12536268
0,-0.10029649
0,-0.047867488
1,-0.25993228
1,-0.3275959
1,0.10959768
1,-0.098320514
0,-0.03833333
0,-0.050755654
0,0.084963314
1,0.18260266
1,0.12771432
1,-0.037108958
1,0.07640167
0,-0.068056606
1,0.009725985
1,-0.2177093
0,0.0013797819
1,-0.068437
0,0.13315886
1,-0.0680266
0,-0.020516982
1,0.19488311
0,-0.053143255
1,0.04527629
1,-0.03896703
0,0.061214093
1,-0.025219874
1,0.11244832
1,-0.3198008
1,-0.06794601
0,0.082023956
1,-0.018799247
1,0.111116074
1,-0.029063243
1,-0.083080664
1,0.40644675
0,0.005509928
0,-0.057724234
0,-0.13035244
1,0.082570344
0,0.084125705
0,0.047076534
1,0.029999182
0,0.04819895
0,-0.011495987
1,0.15584622
0,-0.0030898391
0,-0.054454282
1,-0.045456577
0,-0.14383861
0,0.08210292
0,0.045089807
1,0.115807846
0,0.06482337
0,0.062499944
1,0.021472331
0,-0.039288126
0,-0.1080929
1,-0.30517247
0,0.091143616
1,0.38284206
0,0.069583416
0,-0.067010686
0,-0.10900613
0,-0.11532387
1,0.0677733
1,-0.051424146
1,0.15011777
0,-0.112746485
1,0.11269572
1,-0.19823618
1,-0.08946326
0,-0.08648202
0,-0.037869487
1,0.12837085
1,-0.29000187
0,0.03645387
0,0.071301095
0,0.016156206
1,-0.046500057
0,-0.023916975
0,-0.01868498
0,0.03381455
0,-0.14136225
1,0.30351546
0,-0.038063794
0,-0.077598296
1,0.16986154
1,0.35768747
0,-0.05879485
1,0.12112273
1,0.3331842
0,0.08942935
1,0.009997115
1,0.0996041
1,0.06745781
1,0.035013538
0,0.13796732
0,-0.0018461095
1,-0.08397451
0,-0.12267679
0,-0.051994443
1,-0.47428545
1,0.29192433
1,0.038382057
0,0.03921844
0,-0.05285222
1,0.13644208
1,0.03407055
0,-0.04592848
0,0.063846454
1,0.116596796
1,0.17918503
0,0.13188346
0,0.06387931
1,0.31063676
1,-0.12975262
1,0.34896708
0,-0.0028080381
0,0.1141553
0,-0.19812103
0,0.04382786
1,0.21698749
0,0.1707247
0,0.036836434
1,-0.075623095
0,0.12238843
1,-0.22816996
1,0.07374648
0,0.02342382
0,-0.006731595
1,-0.20481914
0,-0.032722477
1,0.06746131
0,0.16969073
1,0.0752084
0,0.12746322
1,0.2508312
1,-0.17579558
1,-0.058129344
0,-0.038312968
0,0.075172864
0,0.15335254
1,-0.123501666
1,0.22411625
1,-0.07427281
1,-0.20361762
0,0.010361691
1,0.034028694
0,0.2590758
1,0.10086464
0,-0.11832782
0,0.016703177
1,0.07104337
0,0.09721393
1,0.053264998
1,0.16029683
1,0.234869
0,0.07273398
1,-0.0028255135
1,0.25051785
0,-0.053088915
1,0.32115528
1,0.009418624
0,-0.07018682
1,-0.11847612
1,0.029134128
0,-0.0039299103
1,-0.07419959
0,-0.107949086
0,0.041919038
0,-0.030511696
1,0.14691518
0,0.093156986
1,0.17003235
0,0.011313544
0,-0.06426757
1,0.042959683
1,-0.07596431
0,-0.03148266
1,0.124185555
0,0.24181028
1,-0.18301566
1,-0.19208275
0,-0.09137772
0,-0.06286846
1,0.15051754
0,0.067952126
1,0.46060967
1,0.004869258
0,0.22595482
0,0.18013759
0,-0.10992105
0,0.13179155
0,0.10776438
0,0.04330811
1,-0.16893718
0,0.04177536
1,-0.0006918026
1,0.016911741
1,-0.03927536
1,0.1823279
1,-0.07833492
1,0.008085532
0,0.09863951
0,0.08439564
1,0.35633978
1,0.032575484
0,-0.004078964
0,0.06635231
1,-0.0018932074
1,0.075347796
1,0.15071884
0,-0.031593874
1,-0.24541028
0,-0.03184303
1,0.31726775
1,0.05830125
0,-0.06365833
1,-0.03154365
1,-0.056275573
0,0.06436627
1,0.031743776
1,0.36101562
0,-0.11957671
1,0.09332902
1,-0.1543916
1,-0.24026747
0,0.0047713146
1,-0.016754935
0,-0.09454438
1,0.06317206
0,0.009989126
0,-0.011566911
0,0.090329446
0,-0.10779053
0,0.0066201654
0,0.10739969
0,-0.024717126
0,0.13957329
1,-0.040452633
0,-0.121638775
1,-0.0059149805
1,-0.005169449
1,0.15856498
1,-0.09588455
1,0.39391991
1,0.052810226
1,0.1904001
1,0.06712897
1,0.25166792
0,0.18540126
1,-0.31888115
1,0.18933178
1,0.10790212
0,0.10081381
1,0.08839054
1,0.006866036
1,0.023517184
0,0.12942295
1,-0.0737732
0,0.012063282
0,0.10337459
1,0.056584023
0,-0.16849157
0,0.2652634
1,0.07259643
0,-0.04613486
0,0.11771348
1,-0.0851558
1,-0.1585189
0,0.004882565
0,0.045432247
0,-0.0430352
1,-0.05180215
1,0.14434993
1,0.009546999
1,-0.03826482
0,0.007928125
0,-0.027322575
0,-0.046780564
0,0.012701761
1,0.07846698
1,-0.370296
1,0.030291844
1,0.2587567
1,0.12888774
1,0.09375538
0,0.16731305
1,-0.23704988
1,-0.18922329
0,-0.041538384
0,-0.05482416
0,-0.06277246
0,0.113561526
0,0.05435756
1,0.1379348
1,-0.1774562
1,0.018866261
1,-0.18562257
0,0.03678263
1,-0.25096664
1,0.033353288
1,0.07662096
0,0.007614658
0,0.048216656
0,0.059996687
0,-0.037789397
1,-0.123871915
1,-0.030760797
0,0.09347119
1,-0.081274614
1,0.10717528
0,0.010832599
1,0.48522243
1,0.0036970824
0,-0.009246196
0,-0.033252977
0,-0.0789501
1,-0.08296204
0,0.0110601215
0,0.05970217
1,0.19080818
0,0.0625906
1,0.004365773
1,0.14462379
0,0.050546758
1,0.25124344
1,0.027926067
1,0.21023564
1,-0.116730146
1,0.18848065
1,0.13576685
0,-0.018385017
0,0.15721768
0,-0.02734857
0,-0.08507511
0,0.0306365
0,0.081061944
0,-0.123305686
1,0.07755827
1,0.054999053
1,-0.18565086
1,0.19535986
0,-0.025774516
0,-0.059284367
1,0.14023837
0,0.080871366
1,-0.015438162
1,0.076963976
1,0.134861
0,-0.061431795
1,0.06487061
0,-0.12335351
1,-0.031560585
0,-0.02950995
1,0.043311223
0,-0.056401853
0,-0.055484593
0,0.021817794
1,0.026351623
1,0.39981928
0,-0.018861212
0,0.04811941
0,0.08284701
1,-0.02165339
1,0.07307989
0,0.002759155
0,0.060822707
0,0.05338178
1,0.13585421
0,0.016905436
0,0.018954534
0,-0.04493829
0,-0.08659501
1,0.2953948
0,-0.04305639
1,0.018834691
0,0.06790628
1,-0.18425398
0,0.04838825
1,0.050781652
0,-0.036624204
0,-0.025148297
0,0.00077129493
1,0.10433967
0,0.07775996
0,-0.053245317
1,0.1344461
0,0.04100493
0,0.109100506
1,0.00041008694
0,0.092538536
0,-0.054808304
0,-0.028007321
0,0.05434559
1,0.23734462
0,0.110814594
0,-0.15548472
1,-0.02255844
1,0.2777401
0,-0.022155877
0,0.14107174
0,-0.07469439
0,-0.09362313
1,0.14941639
0,0.093714364
1,0.07429386
0,0.21370822
0,-0.04170516
1,-0.06679407
1,0.40554756
0,0.29541817
0,0.079728834
0,0.033619042
0,0.05225098
0,0.052160718
1,0.12827495
0,0.026058163
1,0.1791024
1,0.051057786
0,-0.01839825
0,0.10332855
0,0.031064918
0,-0.13833702
1,0.13087133
0,-0.17320174
1,-0.032940805
0,0.03440669
1,0.3305723
1,-0.013335493
0,0.00786227
0,0.10498997
0,0.074004084
0,-0.0209333
1,0.21074736
1,0.0813551
1,-0.07147235
0,0.00155066
0,0.094928905
0,0.08594378
0,0.106475666
1,-0.106223546
0,0.049572393
1,0.1704304
0,-0.010538471
0,-0.018660795
0,-0.028291665
0,0.059051357
1,0.07473207
0,-0.106538534
0,0.011925004
1,0.12851514
0,0.15942465
1,-0.13719015
1,0.12638085
1,-0.06557411
1,0.25443882
1,-0.09165384
1,0.2637532
1,0.24963674
0,0.04644547
1,-0.17439114
1,-0.2155527
1,-0.03254637
1,-0.16397968
0,0.103814885
0,-0.07701198
0,0.14830747
0,0.09258542
0,-0.09003514
1,-0.19477448
0,-0.09608648
1,0.20148595
0,0.03345433
0,-0.01887694
1,0.086124346
0,-0.015145589
1,0.12255955
1,-0.25486228
1,0.40089357
1,-0.017985005
1,-0.05939761
0,-0.0035690777
0,0.114371344
1,-0.0043708296
0,0.0831857
1,0.13173905
0,0.039216816
0,0.0443233
1,0.027891064
0,-0.065935455
0,0.09154849
0,0.015617596
1,0.01737013
1,-0.14686084
1,0.46703964
0,0.21951184
0,-0.028933402
1,0.074924216
1,0.08914699
0,-0.09944095
1,-0.23157266
1,-0.18487422
0,-0.1409494
1,-0.16393179
1,-0.25718442
1,0.13921177
0,-0.116907805
0,0.12816301
1,-0.078025565
1,0.56464607
0,0.023212863
0,-0.10559038
0,-0.036849916
0,-0.005145357
1,0.25031552
1,-0.0146471625
0,-0.14371084
0,-0.12324715
0,-0.011627881
1,0.21707141
1,-0.04710892
1,-0.098190404
1,0.2569334
0,-0.062307965
0,-0.008611462
0,0.1110014
0,-0.03379721
1,0.1024908
0,0.13176152
1,-0.0064381342
0,-0.08570023
0,-0.017082542
1,0.27715623
1,0.35149688
0,0.119737834
0,0.011056673
1,-0.47892183
1,0.17659149
1,-0.11096393
1,0.15646596
1,0.018782577
1,0.0394285
0,-0.15284452
1,0.05452731
0,0.09372685
0,0.028110243
0,-0.033317525
1,0.35953623
0,0.07238358
0,-0.11090981
0,0.118867435
1,0.17288722
1,0.092495784
1,0.15698609
1,-0.07905558
0,0.21557868
1,0.019786537
1,-0.27549493
0,0.09227377
1,0.057273574
0,-0.09921224
0,-0.01510311
1,0.2601869
0,0.06359589
0,0.019628089
0,-0.14961655
0,0.026614562
1,0.018341873
0,-0.0024019592
0,-0.005110439
1,0.12613912
1,0.20949776
0,-0.015639342
1,-0.112374656
1,0.09933183
1,0.07188866
0,0.05535227
0,0.0063446146
0,-0.049634255
0,-0.020308167
0,-0.00819351
1,-0.1163239
0,-0.03648833
0,-0.11830795
0,0.11156559
0,0.09511896
1,0.03720985
0,0.1281076
0,-0.11216374
1,0.036632925
0,0.0134738125
1,0.12679169
0,0.065075345
1,0.11067727
1,0.10589541
0,-0.03448041
0,0.07474337
0,0.0070417766
1,-0.038545527
1,0.19798106
1,-0.027044324
0,0.23866741
0,0.11400987
1,0.073375985
0,0.07485153
1,-0.13686489
1,-0.03705117
0,0.19448613
1,-0.04502945
0,-0.12369433
0,-0.015472296
1,-0.118896484
1,0.061546806
0,0.07068545
0,0.010208427
1,-0.12464881
0,-0.06734303
1,0.28850782
0,0.031297192
0,-0.0068687294
1,0.050517123
1,-0.20789495
1,0.2357156
1,0.016456299
1,0.28258708
0,0.014678273
1,-0.07424659
0,0.08934394
1,-0.04106672
1,0.4047738
0,0.0021979301
0,-0.05841799
1,-0.05684993
0,0.09654937
0,0.09752854
1,0.20698225
1,0.22961882
0,0.037239134
1,0.34171304
1,0.14526565
0,0.003924207
0,-0.20748164
0,-0.15856883
0,-0.12132469
1,0.23374479
0,0.24598823
0,-0.13089077
0,0.0295742
1,-0.05362107
0,0.02942564
0,0.027394474
0,-0.0064121955
1,0.22085816
0,-0.015889838
1,-0.16931997
0,0.11868402
0,-0.10461221
1,0.15028976
1,0.007668378
0,0.18181665
1,-0.06686467
1,-0.017736003
0,0.01246305
0,0.0031391643
0,-0.15611589
1,0.0940366
1,0.17801245
0,0.11584463
0,-0.08490976
1,0.106909394
0,-0.035664883
0,-0.05997356
1,0.10883714
0,-0.005596347
1,0.049667127
0,-0.02122395
1,-0.060604706
1,0.046519265
1,-0.022029664
1,-0.12363136
0,-0.061939526
1,-0.12771809
0,-0.07574621
0,-0.103601575
0,-0.0510237
1,-0.19466428
0,0.031578496
1,-0.061160877
0,-0.03325769
0,-0.19872174
1,-0.14866951
1,0.4368084
0,-0.06114143
1,-0.06847793
0,-0.034105413
1,0.0978112
1,0.008999456
0,-0.027050484
1,0.026380036
0,0.1979943
0,-0.05710898
0,-0.086929865
0,-0.014032261
1,-0.32574224
1,-0.06940134
1,0.14260836
0,0.066475965
0,0.14139648
1,0.037421543
0,0.028581437
1,0.2533103
1,0.08451162
1,0.30213973
0,0.02170977
0,-0.007401387
0,0.13347891
0,0.10986033
0,0.028143879
0,0.12128266
1,0.17490633
0,0.10324754
1,-0.06624642
0,0.00089975813
1,0.048668116
0,0.089187324
0,0.03916966
0,-0.054370668
0,-0.010402704
0,0.08104839
1,-0.056150932
0,0.1340481
0,0.021285178
1,0.261082
0,0.055620942
1,0.034804095
1,-0.21374848
0,0.076390505
0,-0.11035901
0,0.0449892
1,0.050766766
1,0.37254906
0,-0.014127152
0,-0.07884165
1,0.14032331
0,-0.06397251
0,0.17799254
0,0.2949117
0,0.050160535
0,-0.030692358
1,-0.008583464
0,0.07925919
1,0.20974551
1,0.09512318
0,-0.12754339
1,0.13515738
0,0.09856718
0,0.07554709
1,0.35204953
0,-0.10201928
1,0.13501908
0,0.0030432846
1,-0.0861574
0,-0.042588294
1,-0.15260594
0,0.024498153
1,0.069514856
0,0.069068745
1,-0.28369004
0,0.020800455
1,0.27943584
0,0.090482086
0,-0.04027387
0,0.10257403
0,-0.14706744
1,0.10166231
1,-0.13234115
1,0.17198901
0,0.006837504
1,0.007891039
0,0.09038596
1,0.19826353
0,0.06642928
1,0.13054702
0,-0.035798393
0,-0.055571467
1,-0.36081204
1,-0.011920629
0,-0.061468843
0,0.034080867
0,-0.004551119
0,0.008918345
0,-0.06439402
1,0.24521294
1,-0.025308058
1,-0.010103693
0,0.0032760706
1,0.10399241
1,0.20484626
1,0.15164183
0,-0.07215407
1,0.31823537
0,0.018113019
0,-0.00010239403
1,0.021208439
1,0.0067584887
1,0.2372749
0,-0.079522595
1,-0.1610637
1,0.033868127
0,0.015092311
0,-0.022245202
0,0.021474764
0,0.015584145
0,0.031950865
0,0.014545555
1,0.07642032
0,0.022376869
0,-0.11746595
0,0.041032787
1,-0.09640471
1,0.039115835
0,-0.0021828478
1,0.051976684
0,0.18508172
0,0.007550491
0,0.041366126
1,0.020330306
1,-0.16047573
0,-0.18744762
0,0.04597253
1,0.20383926
1,0.15777712
1,0.0047160937
1,0.035051152
1,0.15773249
0,0.025793301
1,-0.019337296
1,0.07443779
0,-0.035758566
0,0.06296833
0,0.044233315
1,0.18400572
0,-0.024004303
1,0.34199572
0,-0.063063085
1,0.15769903
0,0.15424483
1,-0.054365255
0,0.020778002
1,-0.008790463
0,-0.07201402
0,-0.092849866
0,-0.08081309
1,0.20594662
1,-0.09621342
1,0.07569394
0,0.10310845
0,-0.0542114
0,0.091263175
0,-0.10625136
1,0.12973207
0,-0.09982819
1,0.1947225
1,0.1236231
1,0.13651125
1,-0.14087479
0,0.10700584
1,-0.09869872
1,0.16081561
0,-0.022852417
0,-0.094881944
0,-0.01551718
1,-0.20203625
1,0.18481375
0,-0.02351944
0,0.10470124
1,-0.12402696
0,-0.049020875
0,0.040497303
1,-0.03604106
0,-0.04297515
0,0.045079958
1,0.096168086
1,-0.10225448
1,-0.08618449
1,-0.017269606
1,0.05436466
0,-0.0063968003
1,0.046103764
0,0.08456212
0,0.059971616
0,-0.14741826
1,0.0564525
1,0.0023289882
1,-0.02985349
1,-0.13563703
0,-0.06460415
1,-0.14005946
1,0.16684188
0,0.018817341
1,0.19276379
0,0.0547881
0,0.072311714
1,-0.052178714
0,-0.09150474
0,0.023717305
1,-0.08152953
0,0.022432182
1,0.029498696
1,0.043940928
1,-0.008938191
1,0.14641094
0,0.018502772
1,0.08868312
0,-0.030466404
0,-0.009485624
1,0.11928649
0,-0.041376937
0,-0.07094369
1,0.024006322
1,0.06433116
0,0.0496898
0,-0.011052456
1,0.018543769
1,-0.13323322
0,0.010925825
1,0.005605109
0,-0.049929295
0,-0.13883302
0,0.035470814
0,-0.05415054
1,0.09140486
1,0.18036512
0,-0.04447295
0,-0.09911988
0,0.1038887
0,0.016310787
0,-0.044834133
0,-0.011983743
1,-0.11165551
0,-0.041501064
1,0.20975327
0,-0.008113257
1,0.3306673
1,0.15353703
1,0.25797486
1,0.08822995
1,0.19996302
0,-0.033872243
1,0.26469514
0,0.017488036
0,-0.07842499
0,-0.12718186
1,0.09587943
0,0.03248098
1,0.058025084
1,0.24544908
1,-0.24951994
1,0.3048579
0,-0.06306351
1,-0.045218684
0,0.042653635
0,-0.0005656136
1,0.034882437
1,0.08712136
0,-0.06353958
0,-0.16427015
1,0.029353919
1,0.18986732
0,-0.018513523
0,0.08328869
0,0.12204717
0,-0.071927674
1,0.31067464
0,0.07959663
1,-0.08018062
1,-0.17342721
0,0.093462296
1,-0.13737677
0,-0.028444637
0,-0.093213655
0,-0.00305619
0,-0.052104533
1,0.07776024
0,0.026843045
0,0.022862691
1,-0.04160061
1,0.19340575
0,-0.16397858
0,0.17306384
1,0.15147778
0,-0.025682779
0,0.02300571
1,-0.09349969
1,0.08179863
1,-0.17645785
0,-0.10141861
0,0.09327111
1,0.13238682
1,-0.11682365
1,0.03408507
0,-0.0123564545
1,0.034765255
1,0.15179405
0,0.02803931
0,0.073001936
1,0.16784725
0,0.112579994
1,0.055973392
0,-0.009144611
0,0.0711237
1,0.41249484
0,0.09645483
1,-0.24313743
0,-0.015999135
0,0.01873207
0,0.026173793
0,-0.071339965
0,0.04101617
1,0.26086336
1,0.079538055
1,-0.11966106
1,0.020668533
0,0.012066494
1,-0.10767849
0,0.012996193
0,0.10707318
1,0.10294189
1,0.2761192
0,-0.04442851
1,0.08912469
1,-0.14584458
1,0.24371278
0,-0.00036865368
1,-0.15256417
1,0.014336077
0,-0.08513411
1,0.13609128
0,0.08091187
1,0.10745351
0,-0.01476974
0,-0.1261378
0,-0.022098485
0,-0.105227046
0,0.0031236978
0,-0.15195018
0,0.0471694
0,-0.04116164
0,0.095738046
0,-0.00429135
0,0.015249869
1,0.14003417
0,-0.09969908
0,0.1461918
0,0.08929022
1,-0.025506046
1,0.20642187
1,0.07849768
1,0.18157062
0,0.07221394
1,0.11345934
0,0.03851215
1,0.34229603
1,0.22451541
1,0.17058828
0,0.0781202
0,0.021513563
0,0.14022951
0,-0.10872249
1,0.1331361
1,0.00014761556
1,-0.01588235
1,-0.016594915
0,-0.020268204
0,-0.064946786
0,0.0897724
1,0.077294655
0,0.044710618
0,0.018002933
0,0.028000332
0,-0.03648465
1,0.09570736
0,0.07724849
1,0.10226658
0,-0.11375279
0,-0.0859176
1,0.13265966
1,0.36206797
1,0.18014519
1,-0.030442748
1,0.20415796
0,-0.0742681
0,0.039290734
0,0.09067735
0,-0.07011567
0,0.18469636
0,0.1181907
1,-0.012553262
1,-0.011235491
0,0.123813905
0,0.04069798
0,-0.12740089
1,-0.009557427
1,0.12700967
1,-0.041315492
1,-0.24399708
0,-0.023207156
1,0.4293648
0,0.003276939
0,0.08197798
0,-0.036229454
1,-0.107070945
0,-0.14451385
1,0.104359396
1,-0.008857295
0,-0.051335175
0,0.07577855
1,-0.040376205
1,0.12519939
1,-0.007018665
1,-0.031251755
1,-0.18310256
1,0.06588568
1,0.17242545
0,-0.019054703
1,0.058037058
0,-0.13182965
1,-0.057218883
1,0.21531558
0,0.054434832
0,0.039897017
1,-0.27256957
0,-0.07248224
0,0.03480386
0,-0.09625319
1,0.22150071
0,0.13223375
1,-0.13944985
0,0.20239647
0,0.005642674
1,0.118879914
1,0.2087198
1,0.025484376
0,0.026740195
1,0.10803415
0,0.095763244
0,0.10481159
1,0.16428438
0,-0.008436062
0,0.085116625
0,-0.076615766
1,0.20059538
0,0.056141447
0,-0.010436593
1,0.28496718
1,-0.06629129
0,-0.094947316
1,0.04157386
1,0.105568804
1,0.027411431
1,0.043047223
0,0.017916873
1,0.11043992
0,-0.046602
1,-0.10512999
1,0.026480764
1,-0.046707433
0,0.082999445
0,0.20899229
1,0.02199189
0,-0.12366269
1,0.026776742
0,0.012831955
0,0.07770662
1,0.040029496
0,-0.06001083
1,-0.12883192
0,0.0426853
1,0.1638207
0,-0.06940657
1,0.16448928
0,0.11048745
0,-0.024137491
0,0.0029062247
1,-0.25346294
0,0.12392763
1,0.23158342
0,0.030714614
1,0.13890967
1,0.081235275
1,0.10245655
1,0.13337849
0,0.052628733
0,0.14290224
0,-0.055025775
1,0.21917878
0,0.20506631
0,0.09312591
1,0.1652088
1,0.015139923
1,0.0025233533
0,-0.088825576
0,-0.010403406
0,0.23840468
1,0.096898764
0,-0.026150241
1,0.033322215
0,-0.12806432
1,0.15066317
0,0.035565585
0,-0.03981476
0,0.0041170004
0,0.06168703
1,-0.2763778
0,0.018043881
0,-0.009721549
0,-0.011323901
1,-0.28565064
1,0.21998723
0,-0.02640872
0,-0.0865611
1,0.10379928
0,-0.043852523
1,0.034330085
0,-0.050599635
0,0.089707986
0,0.024537507
0,0.012504832
0,-0.0788442
1,0.010075299
1,-0.031147286
0,-0.021518532
0,-0.062642634
0,0.17025806
1,0.48351407
1,-0.39580476
1,-0.017295849
1,0.0661875
1,-0.023597958
1,-0.21855476
0,-0.10985522
0,-0.1277043
0,-0.021453232
1,-0.07576459
0,0.064018324
0,-0.044314276
1,-0.060358472
0,0.09499356
1,0.07139094
0,0.101119414
0,-0.037151445
1,0.006500193
1,0.023326594
1,0.19314946
0,0.037473142
1,0.15907863
0,-0.07742701
0,-0.025636462
1,-0.12610562
1,0.14260057
1,0.28056452
1,0.34169132
1,0.053040214
0,-0.086873315
1,0.05219136
1,0.13993251
1,-0.17166936
0,-0.054466974
1,0.07072711
0,-0.09573218
0,-0.047773086
1,0.13015075
0,0.08317215
0,0.15161575
1,-0.29893723
0,-0.17521206
0,-0.07354501
1,-0.045830265
0,-0.043078523
1,-0.07176048
0,-0.020451657
1,0.26971593
1,-0.089633286
1,0.09807974
0,0.0022051705
1,-0.08610369
1,0.06525226
1,0.284598
0,-0.04074186
1,-0.18836848
0,-0.1049184
1,0.30691487
1,-0.03321503
1,0.10703496
1,0.3137891
0,0.32501623
1,0.08676155
0,0.03517735
0,-0.098130316
1,-0.11976266
1,0.11792931
0,-0.022776326
0,-0.044917986
1,0.1184211
0,0.24114077
1,0.07816087
0,0.062293094
0,0.10295162
0,0.03341715
1,-0.16552712
0,0.1967548
0,0.037882254
0,0.07746944
0,0.14446017
0,0.1774729
0,-0.103397846
0,0.17430303
1,-0.18520957
0,0.030393746
0,-0.037541058
0,-0.0037734816
0,-0.053637758
1,0.057421014
1,0.18049197
0,0.03884918
0,0.04238857
1,0.10040209
1,0.2801685
1,0.04733422
0,0.013527575
1,-0.037099954
1,-0.10111735
1,0.046194352
0,-0.13255182
0,0.07266722
1,0.089739464
1,0.30962667
0,-0.15733047
1,0.06587987
0,0.079564825
0,-0.17990592
0,0.03768024
1,-0.04009971
0,0.0730603
1,-0.33670494
0,0.06585922
1,0.12532671
0,-0.06786994
0,0.048165966
0,0.012819886
0,0.009515895
1,0.10083911
1,0.32450488
0,-0.06369758
0,-0.033985738
0,0.07292185
1,0.14039867
1,0.05311781
0,-0.07100564
0,0.0018453598
1,0.08679362
1,-0.17974721
1,0.067618124
1,0.03696096
1,-0.002613876
1,0.14036694
0,0.11892288
0,-0.11983959
0,0.06220068
0,0.088985085
1,0.0104825655
0,0.036434498
1,0.114245154
1,0.09058924
1,-0.2165064
1,0.10146567
1,0.06879449
0,-0.17608939
1,0.15972143
1,0.45914167
0,-0.007124779
0,0.07494879
0,0.09769565
0,0.168206
1,-0.16979977
1,0.16813146
1,0.017327083
0,0.05600438
1,0.20247139
1,-0.1526225
1,-0.32714608
1,0.16194364
0,-0.11760331
0,0.046702582
0,0.08679406
1,0.044238023
1,0.14125647
1,-0.17189857
0,-0.06232877
0,0.009777488
1,0.10379195
0,0.062683314
0,-0.037383195
1,-0.300713
1,-0.19331561
0,-0.06450367
1,0.08172287
1,0.0005875975
0,-0.012413732
1,-0.14137657
0,0.0035768705
1,0.14362644
1,-0.12247366
0,-0.046304133
0,0.001790001
0,0.14525482
0,0.0048915967
0,0.039452836
1,-0.11974835
1,-0.17992255
0,-0.091765486
0,0.12942044
1,0.0026728078
0,-0.0069793332
1,0.059300393
1,-0.048969917
1,0.1652727
1,-0.24373588
1,-0.15252654
1,-0.17841446
1,-0.15062778
0,-0.18864642
1,-0.12085603
0,-0.0075127874
1,-0.21142544
1,-0.065868765
1,0.17065708
0,-0.018671583
1,-0.08168868
0,-0.050418045
0,-0.053718973
0,-0.096778266
1,0.034796342
0,-0.038064092
0,-0.06361722
1,0.22526889
1,0.009284031
0,-0.008466017
1,0.07910132
0,-0.076309115
1,0.0900416
0,0.08043838
0,0.06618609
1,0.10796215
0,0.14418429
1,0.107975125
0,-0.0011586923
0,-0.043616578
0,-0.11475216
1,0.16989501
0,0.09903695
1,-0.23236193
1,0.058502704
1,0.033669814
0,-0.032346502
0,-0.017729377
1,0.08100933
1,0.15571609
0,0.03317694
1,0.07389111
1,0.12043462
0,-0.0047062915
1,0.14430536
1,0.09339117
0,0.18111444
1,0.1693054
1,0.06302131
0,0.13041906
0,-0.07512779
0,-0.07286572
0,0.0062136576
1,-0.08737436
1,-0.12649664
0,-0.010940077
1,0.13066575
1,-0.012005817
0,-0.032791894
1,0.1325738
1,-0.013100829
1,-0.014365297
0,0.07996682
1,0.11211894
0,0.04646546
0,0.08331742
0,-0.116542146
1,-0.0673206
1,0.035801638
1,0.074771814
1,0.28787798
0,-0.090785265
0,0.0018395004
1,0.18030229
0,-0.014675414
1,0.033495605
0,0.11297527
1,0.34569025
1,0.02443764
1,0.14782633
1,-0.07616708
1,-0.055848993
0,-0.037531666
0,0.012144592
0,-0.03828048
0,-0.052717134
1,-0.008146151
0,0.032108985
1,0.097938515
1,0.10018847
1,-0.08233791
1,0.08763167
0,-0.06580347
1,-0.27700514
1,-0.20150006
1,0.10966487
0,0.2706482
0,-0.08816712
1,0.18369071
1,-0.20407212
0,-0.09541747
1,0.06364491
0,-0.038208425
0,-0.0028953855
0,0.1742006
0,-0.110913366
1,0.009064454
1,-0.063989304
0,0.09076756
1,0.031884648
0,-0.005199011
1,0.18619311
0,0.009998869
0,-0.13747567
0,0.031154925
1,0.1110595
0,0.07497316
1,-0.027034238
0,0.09257697
0,-0.052946802
1,-0.3134747
1,-0.039928414
1,-0.026415173
1,0.34330645
0,-0.14297056
0,0.17279342
0,0.062385723
0,0.047975667
1,-0.056453146
0,0.13432129
1,0.332292
0,-0.015326728
1,0.2846649
1,-0.019730099
0,-0.08590424
0,-0.029249873
1,0.07414077
1,0.21646123
1,0.2256666
0,0.13431223
1,0.043842673
0,-0.11286651
0,-0.06185528
1,-0.1897123
1,0.075782835
1,0.003028444
1,-0.13544409
1,-0.015180387
1,-0.111917585
0,0.028845817
0,0.026442334
0,0.14407212
0,0.18449934
0,-0.012421435
0,-0.011686223
0,0.043187037
1,-0.18890463
0,0.06677663
1,-0.038653895
1,0.0120653855
0,-0.050787404
0,0.23790981
0,0.024019575
1,-0.12708323
0,0.08958919
1,-0.09565757
1,0.1540031
0,0.02921342
0,0.020827292
0,-0.03447026
1,-0.14501373
1,-0.091109484
0,-0.13318823
1,0.085224904
0,0.0139034
1,0.020308798
0,0.08397726
1,0.28236595
0,0.11609024
1,-0.27957126
0,0.1369821
1,-0.0015270431
0,0.008889116
1,-0.005600903
0,0.1916852
0,0.07636008
0,-0.010123344
1,0.054659333
1,0.21070674
0,0.05130878
0,0.06480791
1,-0.040401053
0,-0.09305763
0,-0.027187794
0,-0.08800843
1,0.03352819
0,0.0476738
0,0.13375315
0,0.051428236
0,0.11751204
1,0.14791313
0,-0.055020444
0,0.003926182
0,-0.06000078
0,0.04159264
0,0.07012446
0,-0.16341883
1,0.055259615
1,0.13908084
1,0.009162325
0,0.12274415
0,0.03026061
1,-0.055896394
0,-0.096535444
1,0.1355503
1,0.016130399
0,0.05673296
0,0.044833135
1,-0.012819972
1,0.13377573
0,0.022448514
1,0.19661109
1,0.0010822767
1,0.0040276563
1,-0.001979398
1,-0.012188194
1,0.0011802474
1,0.11935946
0,0.08280564
1,-0.31240276
1,0.05653874
1,-0.01912991
0,0.08816446
0,-0.10445509
0,-0.006111687
1,0.2061839
0,0.13094395
0,-0.040423732
0,0.24215397
1,-0.24808218
0,-0.036278658
1,0.014869243
1,0.074316
1,-0.07812024
1,0.1287821
0,0.018303487
1,0.2363983
1,0.078458086
1,0.29650941
1,0.11582568
1,-0.11200047
1,0.08879909
0,0.10047117
0,-0.098873
1,0.097849466
0,-0.06771498
0,0.17953826
1,-0.09253028
0,0.10077788
0,-0.006400015
0,0.016635511
1,0.31874514
0,0.15452069
0,-0.06902687
1,0.043748222
0,-0.036544003
0,0.038963694
0,-0.10093444
1,0.24634482
0,-0.019494917
1,-0.06740002
0,0.038097467
1,0.03435545
1,-0.042256624
0,0.049026735
0,0.010441983
0,-0.11544638
0,-0.04759258
0,0.16653578
0,-0.070921175
0,0.13874744
1,-0.03937953
1,-0.14427987
0,-0.07151018
0,0.1041476
0,0.0026479578
0,-0.017611526
0,-0.036612626
1,0.39782378
0,-0.022516755
0,0.087155916
0,0.034479808
1,-0.11193995
1,-0.10797558
1,-0.17636906
0,-0.0912742
0,-0.1354665
0,0.018141514
1,0.03520575
1,0.08462238
1,0.051764768
1,0.13361503
1,-0.2443126
1,0.13880272
0,0.048360743
0,-0.28134918
1,-0.16304165
1,-0.16898568
0,-0.051460676
0,0.109459035
0,-0.024688592
1,0.08941529
0,-0.056482393
0,-0.014273526
0,0.025749626
0,0.12197354
0,-0.047711134
0,-0.049792584
1,-0.036811948
0,0.10718276
0,0.05818949
1,0.12310856
1,-0.068594605
0,0.039799802
1,-0.02480312
1,0.29869416
1,0.09220361
0,-0.037926644
0,-0.10934163
1,0.08901375
0,-0.049062245
1,0.13219279
0,0.180974
1,-0.16126494
1,0.1698432
0,-0.079164445
1,0.044808507
0,0.027890835
0,0.04675616
1,-0.007388819
1,0.019554315
1,0.020145673
0,0.0067666527
1,0.16184096
1,0.02587118
1,0.09311794
1,-0.14640786
1,0.053957865
1,-0.06040745
1,0.06190723
0,0.108720765
1,0.15610808
0,-0.029292477
1,0.027568487
0,0.040507536
0,0.060216706
1,-0.15282957
1,0.18482615
0,0.014224965
0,-0.011466909
0,0.040015653
1,0.0809337
1,0.010681456
0,-0.0077542784
1,0.13823663
0,-0.10887343
0,0.030240389
0,-0.056604758
1,-0.09544299
1,0.1843871
0,0.036839157
1,-0.05896148
0,0.037746612
1,0.22824244
1,-0.068522714
1,-0.0878732
1,0.042736255
1,-0.043551557
1,0.03714653
1,0.11458013
1,0.12672342
0,-0.0694506
0,-0.03565391
1,-9.59388e-05
0,-0.03394784
0,0.017525977
1,0.20652281
1,-0.12220711
1,-0.07936234
0,0.012474767
1,0.11557192
0,-0.04579309
1,0.17171182
0,0.0020343957
0,-0.13330705
0,-0.044442825
1,-0.07830994
0,0.035631653
0,-0.051320184
0,0.06867473
1,0.17163934
0,0.13074353
0,0.0843649
0,0.15137525
0,0.09557676
0,0.05259165
0,0.13667952
1,0.31464812
0,0.050490208
1,-0.039501324
0,0.02595944
0,-0.04337444
1,-0.40479544
1,0.27839148
0,-0.05666156
0,0.0187132
1,0.064307734
0,0.011192596
0,0.024294574
0,-0.065347426
1,-0.08218483
1,0.12904361
1,-0.06604418
1,-0.027609538
1,0.13648811
1,-0.1382
0,-0.011960528
0,-0.078602746
0,0.029465415
1,0.047491
1,0.06261018
1,0.09111008
1,-0.19040136
0,0.11454022
1,0.07786406
1,0.12436934
0,-0.079533525
1,0.20044872
1,0.08921083
0,0.15219535
1,-0.04975096
1,0.07174956
1,-0.071436636
0,0.07717495
1,-0.033515222
1,-0.3140712
1,0.049450792
0,-0.059508305
0,0.0873294
1,-0.09902443
0,0.06573822
0,0.048574664
1,-0.0049505853
0,0.018014833
0,0.16791883
1,0.12779649
1,-0.16916025
0,0.0019685645
0,0.08614086
1,0.006949503
1,0.26357996
1,0.10556478
1,-0.03942687
0,-0.120069884
1,-0.13160644
1,0.064618744
0,-0.0034505224
1,0.14824031
1,-0.041957423
1,0.22914205
1,-0.15092467
1,0.28767517
1,0.06819464
0,0.021060098
0,0.10692325
0,0.19540508
0,0.028674707
0,-0.034088895
1,0.121810034
0,0.036858816
1,-0.19291727
1,0.017765157
1,0.06070845
1,0.20119268
1,-0.25308082
0,-0.026786454
0,0.0813199
0,-0.023610868
1,-0.21410666
1,-0.109649315
0,0.015458109
1,0.06509008
0,-0.029993193
0,0.22403525
0,-0.08911589
1,0.13877335
1,0.07238278
0,0.024260145
0,0.040778343
0,-0.12020339
0,-0.003962212
0,-0.10680873
0,-0.013791413
0,0.03960659
0,0.039129082
0,0.065154836
0,-0.03438534
1,0.095384985
1,-0.060920864
0,-0.054208525
0,0.04208629
1,-0.2474914
1,0.4082521
0,-0.0035695483
0,-0.05616046
1,0.0028531924
1,0.041487563
0,-0.14186636
0,0.12879927
1,-0.091681086
1,0.06871432
1,0.066027544
0,-0.01928116
1,0.15386589
0,0.0047805784
0,-0.007055618
1,-0.030692609
1,0.1326971
0,0.008182091
0,-0.112769775
0,-0.123834305
0,0.04090282
0,-0.07225838
1,0.08628335
1,0.0099503435
0,0.084252924
0,-0.0020074658
0,0.13395114
1,0.09268384
1,0.22789814
0,-0.045198914
0,0.11529508
0,0.016822018
0,-0.15777288
1,0.089343145
1,-0.022833206
0,0.17554766
1,0.18009247
1,-0.2643346
1,0.022887519
0,-0.09516857
1,-0.121589296
0,-0.12758575
1,0.12816139
0,-0.03322821
1,0.2025715
1,-0.02603155
1,0.1279398
0,-0.015144054
0,0.03203462
1,-0.007675493
0,0.086634815
1,0.18030715
1,0.1955741
1,0.13758159
1,-0.051834315
1,-0.0628776
1,0.10883412
1,0.05002635
1,0.29423788
1,0.29937524
1,0.03377924
0,0.21648148
0,-0.03546487
0,0.107265584
1,-0.07461501
0,0.12132624
0,0.022136018
0,-0.1807536
0,0.013499225
1,0.10172331
1,-0.030037548
0,0.017259153
0,-0.025217596
1,0.2261518
1,0.12900902
1,-0.3464404
1,0.08882341
0,0.019624028
0,-0.0009079538
0,-0.022899589
0,-0.037539355
0,0.008483924
0,0.04805711
1,0.13881473
1,0.34116173
1,0.21349774
1,-0.081904285
1,0.18133715
0,-0.023345377
1,0.38435933
0,0.0073445626
0,-0.22735797
1,0.013463841
1,0.036721177
0,-0.025140401
0,-0.06998291
0,-0.0436013
1,0.0958888
0,-0.076881506
0,-0.003464295
1,0.25382668
1,-0.14920378
1,-0.016970426
0,-0.051288318
0,0.14099242
1,-0.13669758
1,0.04851068
0,0.08737401
0,0.10757796
1,0.17858662
1,0.061730556
1,0.23240474
1,0.28886586
1,-0.19346821
1,0.11459984
0,-0.06347544
0,0.048201416
0,-0.044914044
1,0.10231916
0,0.004346734
1,0.023644537
0,-0.018491458
0,-0.11960971
0,0.13222894
0,0.025349379
0,0.00046545872
1,0.30106276
0,-0.1065414
0,0.07648487
1,0.07175389
1,0.04229893
0,0.108666755
0,-0.06057648
1,0.24628477
0,0.08129093
1,0.19374312
0,0.048812114
0,-0.092766725
0,-0.038080983
0,0.07390271
0,0.012488482
1,0.20557801
1,0.17329234
1,0.12002359
1,0.22638902
0,0.0736172
0,-0.03319656
0,-0.056336585
0,0.1291676
0,-0.0823939
0,-0.06276607
1,-0.10568477
0,0.15124117
0,0.13344094
0,0.08005737
1,-0.040094797
0,-0.034717955
1,0.03274315
0,-0.2621331
1,-0.16149972
0,0.060334317
1,0.08491237
0,0.045166526
1,0.09859821
1,0.094735526
0,-0.039010275
1,0.12358307
0,0.06103189
0,0.053828906
1,0.056169096
0,0.10785152
0,0.08050601
1,0.038163185
0,0.047459394
1,9.957515e-05
0,0.03716927
0,0.0037258826
0,-0.04245294
0,-0.09106706
1,-0.113425985
1,-0.15545191
0,0.23815556
0,-0.028323866
1,0.13355492
1,-0.28782633
0,0.048252832
1,-0.06522905
0,-0.12262396
0,0.19533534
0,-0.010393415
1,-0.013038173
0,0.11741252
1,-0.31755581
1,-0.033576254
1,-0.032147557
1,0.17997581
1,0.28616625
0,0.009594157
0,-0.18248177
0,0.008012932
0,0.038594574
0,0.047764946
1,0.14646193
1,0.06318087
0,0.26405588
0,0.023017287
1,0.028427083
0,-0.062705904
1,-0.1465542
1,0.09048725
1,0.07587575
0,-0.056006424
0,0.10851553
1,0.08156207
0,-0.07000482
1,-0.09036669
0,0.017138865
0,-0.03319011
1,0.09089132
1,0.22883148
1,0.091885045
1,-0.15458427
1,-0.12243727
0,-0.116587244
1,0.10458266
0,-0.11060468
0,0.05334839
1,0.23141243
0,0.046574906
0,0.18680924
1,-0.3014066
1,-0.18493293
1,0.16263415
1,0.10397141
0,0.046848595
1,0.2445173
0,-0.026345544
1,-0.21879195
0,-0.014494746
0,0.049881164
0,0.04573298
0,-0.1455376
0,0.0025735446
0,0.05291385
0,0.033846177
0,-0.0039682463
0,0.08131895
0,0.079209596
1,-0.17199895
0,-0.02542238
1,-0.04264366
0,-0.074157365
0,-0.10941522
0,-0.08341851
0,0.0030728062
0,-0.036349222
0,0.011726912
1,0.0061754915
1,-0.03278781
0,-0.10360994
0,0.016968163
0,1.7582206e-05
1,-0.03558045
0,0.09788475
0,0.14753547
0,-0.014591138
0,-0.05856283
0,-0.08005597
0,0.014793138
1,0.13280757
1,-0.092403494
0,0.026401976
1,-0.08492825
1,-0.11800265
0,0.13802627
1,0.16357473
0,-0.09483305
1,-0.16675237
0,-0.05494809
0,0.08696277
0,-0.082911074
0,0.07491189
1,-0.027953882
0,0.027457997
0,0.042962417
1,-0.020307707
1,-0.32492873
1,0.0011936938
1,0.08220231
1,0.24413742
0,-0.070054084
1,0.25942528
0,-0.06453544
1,0.030045928
1,-0.102425076
0,-0.0060498724
1,0.08136167
0,0.028422046
1,-0.07545891
0,-0.036971446
0,0.059337784
0,0.049762506
0,0.05727132
0,-0.04195025
1,-0.00082344376
0,-0.07494446
0,-0.04064852
0,0.015531514
1,0.0071868515
0,-0.05953218
1,0.19974889
0,0.065415576
0,0.019301584
1,0.12116811
1,-0.082043655
0,0.09410378
0,-0.026542153
0,0.028751804
1,0.029884316
1,-0.072969355
0,0.05170981
0,-0.027504284
0,-0.09614592
1,-0.34107116
0,0.050660204
1,-0.13720495
0,0.022204982
1,-0.21487239
1,0.19842225
1,-0.026761081
0,0.064452805
1,-0.0082817385
1,-0.0031656232
1,-0.26587152
0,0.014732286
1,0.28852627
1,0.13055088
0,-0.0227748
1,0.06518394
0,-0.09030083
1,0.30964807
0,0.040047966
0,0.083405204
0,0.05465936
1,0.06676902
0,0.14378382
0,-0.039005935
1,0.15764578
0,-0.0014414014
1,0.07901377
1,0.03375787
1,0.22408278
0,-0.02383353
0,-0.12187813
0,0.010859537
1,0.3089261
1,-0.024974048
0,0.036072716
1,0.117401764
1,0.27677447
0,0.0810677
1,0.17539054
0,0.093859814
1,0.046821423
1,-0.23005019
0,-0.07018509
0,-0.16484888
0,0.06146026
1,-0.18228626
0,-0.06286927
1,0.03261105
0,0.019155264
1,0.10676766
1,0.20267676
1,0.026344117
1,0.11005605
1,-0.1808009
1,-0.087943
0,0.0041863043
1,-0.022606444
1,0.3149269
0,-0.050733473
1,0.09162975
0,0.030815572
0,0.10955661
0,-0.040419437
1,0.26404342
0,0.015874812
1,0.23836334
0,0.03955629
0,0.1003988
0,-0.0046167327
0,0.0049788635
0,0.09653536
0,0.046484288
0,-0.070845455
0,-0.108242646
1,0.119542345
1,0.20350586
1,0.17912544
1,0.029858185
1,0.04273469
1,0.23316567
1,0.05626672
0,0.10655374
1,-0.020529646
0,-0.11419886
0,0.026534572
1,0.14910288
1,0.12782012
1,-0.013057094
0,0.09232592
1,0.43929252
0,0.09782634
1,-0.17264563
0,0.16124572
0,-0.04615777
1,0.14459336
0,0.098600924
0,-0.031226609
1,-0.061021905
0,-0.12975238
0,0.09128837
1,-0.07334112
0,0.08970893
1,0.11101836
0,0.08645507
0,-0.056229744
1,0.22735128
1,0.029596955
1,0.073385924
0,0.014708016
0,0.055045955
0,-0.028451778
0,-0.094517246
0,-0.07437143
0,0.016962884
1,-0.042591546
0,-0.12358292
1,-0.15734294
1,0.29675037
0,-0.0045873886
0,0.07261434
0,-0.10151363
1,0.1275402
1,-0.08651174
1,0.13408744
0,0.06392627
0,0.042084232
0,-0.027709857
0,0.049621135
1,0.012056237
0,-0.18294531
1,0.036042392
1,-0.07450686
1,-0.08573848
1,-0.108090855
1,0.0017719287
1,0.20262326
1,0.34024492
1,0.25230742
0,-0.042874873
1,0.06002483
0,-0.038692545
1,0.12847209
0,0.007115759
0,-0.06909602
1,-0.13440546
1,0.22584982
1,0.1603539
0,0.061009653
0,-0.11066792
1,0.09648046
0,0.03040931
0,0.06108708
0,-0.0003054887
1,-0.020703852
0,0.0013708991
1,0.06191936
0,0.04066693
0,0.1197768
1,0.32183927
1,-0.15387124
1,-0.21946996
1,0.10653896
1,0.25251713
1,0.056542877
0,-0.08693282
1,0.26518622
0,0.08828449
1,0.28590143
1,0.13337177
0,-0.021163503
0,0.005376213
0,0.07491793
0,-0.025623528
1,0.14192626
1,0.28562623
0,-0.08680935
0,-0.05246219
1,-0.0708097
1,0.06642478
0,0.05201399
1,0.028607592
0,0.03190366
1,0.33176297
0,-0.076038994
1,0.06439056
0,0.17847124
1,0.3676964
1,-0.11753962
1,0.20296222
1,-0.029044744
1,0.08644538
1,-0.16690184
0,0.0018944882
0,-0.011012277
0,-0.09504682
0,0.073415816
0,0.08763178
1,-0.014364896
1,0.10759612
0,0.09530391
0,0.058749422
1,0.1622888
1,0.111079246
0,-0.023649517
0,0.05350609
1,0.2336722
1,0.12796886
1,-0.11295929
0,0.0942579
1,0.34550473
1,0.12894246
1,0.03001001
1,0.14013402
1,-0.19145018
1,-0.05565273
0,-0.13176474
1,0.18697165
0,-0.120436996
1,0.26279423
1,0.043525323
0,0.14564683
0,0.11989702
1,0.110614285
0,0.22518851
0,0.033247806
0,-0.01632321
1,0.12418516
0,0.02338428
0,0.02679329
0,0.15529342
1,0.35276073
0,-0.002857965
0,0.17699236
1,0.06742187
1,-0.30253828
0,0.052281827
0,0.1500705
1,-0.032975662
1,-0.005226859
1,0.10297626
0,0.007596073
0,0.07582361
0,0.014695898
1,-0.18816613
0,0.21486315
0,-0.07182773
1,-0.11760964
0,-0.11629825
0,-0.14955963
0,0.02718633
1,0.41359213
0,0.099586375
0,0.12420863
0,-0.043526158
0,-0.04122641
1,0.11320226
0,0.08927237
0,-0.16897553
1,0.119349256
1,0.082526274
0,0.038873676
0,-0.11405907
0,0.09095436
1,-0.15475976
1,0.24470633
0,-0.008598512
1,-0.045342352
1,0.17562778
0,0.021543855
1,-0.013304597
1,0.14447077
0,-0.22584698
1,-0.075919904
0,0.058710482
0,0.10310869
1,-0.12250851
0,0.14577883
1,0.09102
1,0.1910075
0,0.083877414
1,0.12268713
1,0.06413138
0,-0.08760297
1,0.03994766
1,-0.0494905
1,0.07462888
0,0.031143071
0,-0.19637387
0,-0.18947679
0,0.110166155
0,0.20143469
0,0.043060966
0,0.13363741
1,-0.07768377
1,-0.03741558
1,0.080037735
1,0.008808192
1,0.23727344
0,-0.013268696
0,-0.1857347
0,0.020087145
1,-0.08537154
1,0.09060181
1,0.15948525
1,-0.057302244
0,0.066573694
1,0.24216509
1,-0.07589188
1,0.057023916
0,0.07732173
0,-0.04883942
1,0.0017999709
0,0.15187095
1,0.24208865
0,-0.10749278
1,0.11548036
0,-0.05332914
0,-0.10060802
0,0.07051287
1,0.06790474
1,0.023176199
0,0.09198154
0,0.04795049
1,0.08109555
0,0.13259335
1,-0.06723118
0,-0.09824568
1,-0.17731301
0,-0.016789615
0,-0.031437393
0,-0.031718463
1,0.13969918
0,-0.059452865
1,0.14925414
1,0.03053366
1,0.031892132
1,0.084919445
1,0.14004192
1,0.02803627
1,0.08894982
0,-0.105308965
1,0.12128086
0,-0.06308883
0,0.069193564
0,-0.102068916
1,0.24557078
1,0.06657721
0,-0.038686763
1,0.027860949
1,-0.064256154
0,0.18786092
0,-0.13645689
0,0.022479698
1,-0.22222695
1,0.19399798
0,-0.052308515
1,0.19773506
1,0.36560345
0,0.062228132
1,-0.030834682
1,-0.13904494
0,0.07272548
0,-0.052461077
0,0.035256498
1,0.26235485
1,0.29629484
0,-0.07804831
1,0.18931022
0,0.010441189
0,0.07370286
0,-0.044011217
0,0.07259842
1,-0.14717862
0,-0.07444984
0,-0.051095966
1,0.0143415695
0,0.14971247
0,0.14101526
1,0.081833825
1,0.08504859
0,0.22261733
1,0.13836038
1,-0.018245094
0,-0.046079226
1,-0.15351012
1,-0.050335705
1,0.37115946
1,-0.022062862
0,0.11470569
0,0.063842066
0,0.03821791
0,0.108113475
1,0.08304513
0,0.027104435
0,-0.033110216
0,-0.028348986
1,-0.08010352
0,0.21456051
1,0.32603893
0,-0.030295271
0,0.014307307
1,-0.0345919
1,0.1900512
1,-0.08927553
0,0.028326044
0,-0.025634779
0,-0.007500695
0,-0.092330195
1,-0.045415226
0,-0.06046138
0,-0.03146379
0,0.07905708
0,0.053618126
1,-0.19812268
1,-0.061765395
1,0.15743943
0,0.041666415
0,0.04725871
0,-0.02604903
1,0.05324988
1,0.045987166
0,-0.07086163
1,0.06698414
0,0.025057634
1,-0.15826248
0,-0.026518479
1,0.034260407
1,-0.28450623
0,0.06876073
0,0.05904076
1,-0.15331307
0,0.11011535
0,-0.005364701
0,0.021970293
0,-0.052649986
0,-0.055922832
0,-0.045541056
1,0.16231881
0,0.119647555
0,-0.053305842
1,0.045441464
0,-0.04030843
0,-0.014166488
0,0.043860476
1,-0.06268347
0,-0.016648404
1,-0.052575722
1,-0.09916717
0,-0.0556336
1,-0.107702434
1,0.08422818
1,-0.061938554
1,0.069526635
1,0.14003241
1,-0.044519015
0,0.045358647
0,-0.020404749
1,0.104490526
1,0.031888783
1,0.26578182
1,0.05735739
0,0.07238176
0,0.020193955
1,-0.14736204
1,-0.15115431
1,-0.055178218
1,0.17974363
0,-0.07368982
1,-0.03756801
0,0.010634074
1,-0.24494927
0,0.08911455
1,0.03945602
1,0.05350822
1,-0.14467683
0,0.13087027
0,-0.13577199
0,-0.015091567
0,0.051432673
0,0.14726159
0,-0.3040573
1,-0.0016170421
0,-0.03970818
0,0.07859602
1,0.24791174
1,-0.11448416
1,0.07026987
0,0.09504833
1,0.015735544
0,-0.08311459
1,0.059404097
1,-0.11460755
0,-0.08019483
1,0.18679306
1,-0.16284294
0,0.12743357
0,0.012169255
0,0.16264582
1,-0.052713815
1,-0.14392053
1,0.17287047
1,0.534178
1,0.48040053
0,-0.002980991
0,0.019952564
1,0.30594975
0,-0.077516034
1,0.03383784
0,-0.025867334
0,-0.009391988
0,0.12519601
0,0.036726188
0,0.229007
1,-0.001106923
1,0.24708684
1,0.09067733
0,-0.03482308
0,-0.08630523
1,-0.01579621
0,0.015836328
0,-0.07533998
0,-0.024558127
1,-0.08452118
1,-0.03509872
0,-0.013489978
0,0.0040651895
1,0.21655288
1,0.19172576
0,0.0363011
1,-0.060046185
0,-0.055691645
1,0.009399755
0,-0.0024159136
0,0.07045098
1,0.29052895
0,0.1287652
1,-0.19327094
0,-0.046769056
1,-0.1227189
0,0.16347319
1,-0.2219497
0,-0.0983845
1,0.036374785
1,0.09379981
1,0.19156541
0,0.05703751
0,0.024663419
0,-0.06815599
1,0.1169852
0,0.037192937
1,0.06376389
1,0.0570038
0,-0.0043594297
0,0.02770595
1,0.3561899
1,-0.03499999
1,0.033378255
1,0.0025863135
1,0.05485775
0,-0.045086075
0,-0.2415846
0,-0.073262095
1,0.09092571
0,0.075615704
1,-0.12734967
1,-0.029915629
1,-0.1530361
0,-0.04103711
1,0.22982556
1,0.23628753
0,-0.048546813
1,-0.18066862
0,0.00997099
0,-0.10153485
0,-0.15205725
0,-0.017404713
1,-0.10161083
0,-0.080567166
0,-0.017394096
0,0.040126786
0,-0.013360024
0,0.24359776
0,-0.009378204
0,-0.07435764
1,0.075202085
1,0.1811799
1,0.0051270584
1,-0.23018543
1,-0.032019008
1,0.4256071
0,0.16769278
1,-0.046484582
0,0.03858324
0,0.06763446
0,0.098458506
0,0.08177868
1,0.30970773
1,0.096720204
0,-0.009164333
0,0.03920382
1,-0.09572261
1,-0.10263062
0,-0.016338473
0,-0.15661833
0,0.07995761
1,-0.32654795
1,0.2785135
1,0.111017354
1,0.0838038
1,-0.20667839
0,-0.028097387
1,-0.07231655
0,0.035304755
1,-0.050502893
0,-0.01684904
1,-0.18002707
0,-0.09660744
0,0.10927378
1,-0.19757272
1,0.060532723
1,0.046577618
0,-0.07073936
0,-0.15872341
1,0.22468947
0,0.05132886
1,0.32125404
1,-0.12733926
1,0.24872734
1,0.031372353
1,-0.21450688
1,0.2704384
1,0.10746877
0,-0.10575118
0,0.09660596
1,0.025270125
0,-0.13424104
1,-0.15191315
0,0.137486
0,0.10737589
1,-0.15225929
1,-0.0022399286
1,-0.01315113
1,0.18636289
0,-0.011422943
1,0.2680611
0,-0.11096679
0,-0.018936977
0,0.044562478
1,0.38645142
0,0.0167509
1,0.4026101
1,-0.09379302
1,-0.010135863
1,0.36405438
0,0.04753603
1,-0.0013903249
0,-0.030048234
0,0.059616387
1,0.15104301
1,0.15671517
1,-0.11546276
1,0.24325354
0,-0.1508858
0,0.046077214
0,-0.09858042
1,0.21203135
0,0.030038957
0,-0.16503455
0,-0.0522951
0,0.16756116
1,0.004727941
1,-0.036574062
0,-0.08460322
1,0.15683691
0,0.00022555632
0,0.10158473
1,0.14407155
1,-0.15925995
1,-0.10824338
1,-0.2619465
1,0.021495454
1,-0.15885335
0,-0.010765789
0,-0.05998773
0,0.12655367
1,-0.07921675
1,-0.15262975
0,0.015736477
1,-0.3285567
0,-0.075865455
1,-0.15661706
0,0.022739034
0,0.039437164
0,0.16878301
0,0.010661381
0,-0.010183934
1,-0.10528458
1,-0.06767799
1,-0.010647874
0,0.10579891
0,-0.05003215
0,0.012956799
0,-0.013861955
1,0.2098042
0,0.02050477
0,0.17844568
0,0.037740663
0,-0.10213592
0,-0.045114364
1,0.09984814
0,-0.08602583
1,0.26461303
0,0.05258881
0,0.07352371
0,0.08085537
0,0.06421896
0,0.13580213
1,0.18848862
0,0.024027832
0,-0.00022956403
1,-0.1061805
0,0.11499324
1,-0.052760348
0,0.042170577
1,-0.07036668
0,-0.12830037
0,-0.03409085
0,0.047440067
1,0.18113606
1,0.2639302
0,0.010152577
0,-0.034542695
0,-0.15030038
0,0.05402651
1,-0.16869517
0,0.066000566
0,0.061916597
0,-0.019959666
0,-0.09003085
0,-0.007055193
1,0.0020208256
1,0.18331912
1,-0.21763727
1,0.068918705
0,0.08180262
0,-0.032082915
1,0.08473567
0,-0.05370425
1,-0.003492076
1,0.42306176
0,0.09790228
0,-0.13611455
1,-0.29225987
1,-0.27502865
1,0.021806676
1,-0.082417086
1,0.011651266
1,-0.12534377
0,0.066195816
1,0.24161084
0,-0.04223857
0,-0.033429053
0,-0.14876702
1,0.35549912
1,0.006116042
1,0.11877387
0,0.058049254
0,0.0026183913
1,0.10119845
0,0.083935544
1,0.18825558
1,0.29637602
1,-0.27168557
0,-0.14097014
1,-0.15044369
0,0.038875606
0,-0.07046466
0,-0.07507323
1,0.06797056
1,0.10150584
1,-0.064132206
0,0.060926653
1,0.0058630193
1,0.18205932
1,-0.17052521
1,0.20641626
1,-0.11422972
1,0.058914095
0,-0.017878294
0,-0.06454534
0,0.03344702
1,0.18341607
1,0.033778835
0,-0.011696194
0,0.010879204
1,-0.001966915
0,-0.028454818
1,0.18124267
0,-0.01106391
1,-0.11312544
1,-0.005537074
0,-0.11208097
1,-0.106959976
1,0.14055926
1,-0.12920627
1,-0.15804331
1,0.13696261
0,0.08577107
1,-0.14452197
0,0.019485593
0,-0.09900233
0,-0.021462927
0,0.010753624
1,0.23378327
1,0.18145739
1,0.13846105
0,0.025191525
1,0.027225688
1,0.2807269
0,0.14214678
1,0.034101486
0,-0.067803554
0,-0.05230314
0,0.0038742167
0,0.002126038
1,0.112793945
1,0.12847263
1,-0.0582255
1,-0.09045816
1,-0.056760672
1,0.11728083
1,0.0230424
1,-0.1301804
0,-0.026654154
0,0.038012937
1,-0.035356227
0,0.022101965
0,-0.16314778
0,0.032162018
1,-0.120738536
1,0.19385014
0,-0.006536249
0,0.037428167
1,0.101615496
0,-0.0391377
1,0.41323736
0,0.14811869
0,0.013419281
0,0.036759093
0,0.020190952
1,0.116487324
1,0.01901435
0,0.07996128
1,-0.2534721
1,-0.20772015
1,0.1543053
0,0.031681474
0,0.062274836
0,0.03385083
0,0.06283128
1,-0.068772756
1,0.04277197
0,-0.008866377
1,-0.06935763
0,0.14932995
1,0.04276853
0,-0.11553354
0,-0.04002906
1,0.13736133
0,-0.07907996
1,0.013324795
1,0.14199953
1,0.37969807
0,0.010840667
0,-0.05876447
1,0.033576146
0,-0.08408857
0,0.1337045
0,-0.03201452
1,-0.052175626
0,-0.08777179
0,0.106066436
0,0.1552847
0,0.027321052
0,-0.10767485
1,0.12864447
1,-0.04611153
0,0.16520946
0,-0.04593759
1,-0.15667187
0,-0.027911026
0,-0.0050123213
0,0.12534186
1,-0.053473067
0,0.02356511
0,0.023952745
1,0.0095919585
0,-0.06780197
1,-0.055328995
1,0.19014122
0,0.025869418
1,0.11129999
0,0.096317194
1,0.12347574
1,0.080127984
0,0.05277283
0,-0.07381737
1,0.0037269443
1,-0.095271334
0,-0.16502112
1,-0.16005164
1,-0.100742176
1,-0.03831374
0,0.06187526
0,-0.029642658
1,-0.04221656
1,0.031289026
1,0.018067874
0,0.044895727
1,-0.03625962
0,0.04110512
1,0.0358278
0,-0.00058927014
1,0.08541886
1,0.2801092
1,-0.2693533
0,0.087844715
0,-0.054754235
1,0.07196363
0,-0.04846874
0,0.06958369
1,0.013707882
0,0.04708579
0,-0.09772224
0,0.04605064
0,0.02652559
0,-0.13392314
0,-0.0032363958
1,0.16803512
1,-0.021737661
0,-0.037940953
1,-0.054816995
1,0.085410364
0,-0.13867088
0,-0.15338752
1,0.28608423
0,0.0060780924
1,0.3382081
0,0.018841824
1,0.07580589
0,-0.1762542
0,0.015038263
0,0.021436155
1,-0.0009693091
1,0.1219268
1,-0.1236517
0,0.026134994
1,0.30457872
0,0.102354765
1,-0.07246789
1,-0.32006893
0,-0.03390863
0,-0.09825021
1,-0.19676073
0,0.092211716
0,0.05575572
1,0.10182095
0,0.057413664
0,-0.10503486
1,-0.3589111
0,0.04106273
1,-0.06413886
0,0.033928864
0,0.21455352
1,0.111173786
1,0.31334084
1,0.33847877
0,-0.04932962
1,-0.09546949
1,-0.046293035
0,-0.012634767
1,0.34079057
1,0.07569305
1,0.3422803
1,-0.06434443
0,0.017544601
1,0.062928125
0,0.036471177
0,-0.070978194
0,0.07965036
1,0.3371464
0,-0.05996364
1,0.25685567
1,-0.19163068
1,0.3707169
0,-0.01722628
0,0.080168314
1,-0.20681667
1,0.17162114
0,0.013497568
1,0.14558257
0,-0.002650261
0,-0.04341434
1,0.035729863
1,-0.2321582
1,0.13643335
1,0.12938681
0,-0.0152759915
0,0.13034952
1,0.060326453
1,-0.097140774
0,0.026564438
1,0.57582504
0,0.08378814
0,0.009259499
0,-0.0064879493
1,0.016650006
1,0.2846827
0,-0.06273326
0,-0.090182036
0,0.049279924
1,-0.2423311
1,0.13028927
0,0.005648051
1,0.009294126
0,0.08626254
0,-0.014676861
1,0.100648195
1,0.20667966
0,0.07886556
1,0.13524507
0,-0.11444808
0,0.090303026
0,0.018689796
0,0.118429445
0,0.13866432
0,-0.13167615
1,0.06887841
1,0.40504876
1,-0.004167891
0,0.11562545
1,-0.026698042
0,-0.006054067
1,0.15841846
0,-0.17531504
0,-0.09513304
1,-0.05777983
0,0.0023081847
1,-0.00931281
1,0.14349952
1,-0.129704
1,0.14640981
0,0.014976866
0,0.069392316
0,-0.025127469
1,0.15906316
1,0.031445317
0,0.04091619
0,-0.16247787
0,-0.03652937
1,0.027229978
0,0.13943297
0,-0.02199912
1,-0.0068346485
1,-0.14452925
1,-0.1998018
0,0.027503766
0,-0.1274517
1,0.05975107
0,0.089445084
1,-0.11887729
1,0.1442565
1,0.04370282
1,-0.0087507665
1,0.15704179
0,0.030257763
1,-0.0006376244
1,0.22093475
0,0.14366053
0,-0.28321534
1,0.23723365
1,-0.04631412
1,0.03641369
1,-0.059948348
0,-0.052237175
1,-0.09154481
1,-0.21449043
1,-0.19243777
0,0.023362413
0,0.031972244
1,0.19147612
0,0.008700603
0,-0.06290903
0,0.025608048
1,-0.09128933
0,-0.071847655
0,0.074066184
0,-0.04937239
1,0.10778388
0,0.11646331
0,-0.07361697
1,0.16571398
1,0.11195978
0,0.074683696
1,-0.08429148
0,0.09216597
0,0.046673395
1,-0.04941334
1,-0.106860064
1,-0.041273903
0,0.05527047
0,-0.0035715685
1,0.2508602
1,0.11600389
1,-0.05798406
0,0.045076434
0,-0.04353431
1,0.11593914
0,0.022746623
0,-0.087306
0,0.0439484
1,0.25023508
1,-0.27910924
1,-0.05710715
1,0.30413657
1,-0.25600648
1,0.011880869
0,-0.02645608
1,0.23673466
1,-0.13726555
1,0.47884047
0,-0.04328088
0,-0.15439186
1,-0.22995713
0,-0.12319557
1,-0.032493725
1,0.19486782
0,-0.017752638
1,-0.086891405
1,0.13732772
0,0.0021767127
1,0.018761072
0,0.15166804
0,0.114340365
0,0.08347927
1,0.2614839
0,-0.17008796
0,0.009496422
1,0.28444132
0,0.07882011
1,0.060656276
1,0.023350371
0,-0.07286828
0,0.08697216
1,-0.054276608
1,-0.062463965
0,-0.1029772
0,-0.01695305
1,0.3942654
0,-0.034643125
0,-0.029845532
1,0.18884328
1,-0.044651773
1,0.15777169
1,0.13846926
1,-0.09829369
0,0.15030855
0,-0.004096101
1,-0.03818942
1,0.14108115
1,0.23563069
0,0.019752499
0,0.18197753
1,0.04221757
1,-0.08765352
0,0.009968749
1,0.11973314
0,-0.015643531
1,0.15550165
1,-0.32637691
1,0.18366
1,-0.22167124
1,0.34911212
1,0.13887115
0,-0.018854197
1,0.20667513
0,-0.025597576
0,0.058017723
0,-0.1204865
1,-0.09924792
0,0.065423965
0,-0.1552668
0,0.15003245
0,-0.006011022
0,-0.059463914
1,0.10981266
1,-0.14356281
0,-0.13075352
1,-0.083016634
1,0.46764335
1,0.10476715
0,-0.08725044
0,-0.076836675
1,-0.06285553
0,0.004072327
0,0.06255421
1,0.021493243
1,0.094776504
1,-0.12492227
0,0.023872253
1,0.16607173
1,0.04172715
1,-0.27224052
1,0.10756833
0,-0.02357771
0,0.08191752
0,-0.018230554
0,-0.06388377
0,0.03985117
1,0.09277258
0,0.0217318
0,-0.065669365
0,0.029629644
1,0.00320656
0,-0.07778022
1,-0.012500533
0,-0.022023357
1,0.20269468
0,-0.02219741
1,0.17463543
1,-0.11380416
0,-0.015326081
1,0.135531
0,0.0074425717
0,0.047382396
1,0.09752654
1,-0.3175749
0,0.1472626
1,0.023344083
1,0.4338927
0,-0.08358359
1,0.006288795
1,0.30670854
1,-0.04708854
1,-0.0785949
0,0.014129095
0,0.038630642
0,0.07089991
1,0.004383864
1,0.17121176
0,0.04637261
0,0.09959795
1,-0.2035118
1,0.1945576
0,0.085650556
1,0.08453473
1,0.065152496
0,0.044940744
1,0.2101919
1,0.022649594
0,-0.017851572
0,0.05229051
1,-0.07122587
1,0.037924618
1,0.09060306
0,-0.045769874
1,-0.21056576
0,-0.02377183
1,-0.054202158
1,0.03337599
1,-0.0035017878
0,0.021452587
1,0.18349984
0,-0.018003654
0,-0.03132702
1,0.17203636
0,-0.3666835
0,-0.094072476
0,0.12977995
0,-0.06573575
0,0.0006261186
1,-0.07948151
0,-0.088192776
0,0.13084623
1,-0.024273101
1,-0.17322044
0,0.053813405
0,-0.111097954
1,0.23312998
1,0.10514427
0,0.12918173
1,0.06612607
1,-0.031258635
0,-0.016786117
0,-0.036084317
0,0.030364333
0,-0.032976538
1,-0.11120877
1,0.24505106
1,0.25902626
0,0.011567392
0,0.024590008
1,-0.0010323478
1,-0.3369912
0,0.18628691
1,0.20874937
1,0.20791408
0,-0.048681032
1,0.16677883
1,-0.008839117
1,-0.1628986
0,0.029767238
1,0.09187282
1,-0.04507722
0,0.017660977
1,0.048050717
0,-0.096601576
0,-0.06264275
1,-0.095511176
1,-0.06620741
1,0.0649827
0,-0.05776273
0,-0.0645361
0,0.19041592
1,-0.08848892
0,0.09651918
0,0.11856333
1,0.10502369
1,0.22960106
0,-0.06945666
0,0.08239691
0,-0.13030219
1,0.28452703
1,0.026946366
1,-0.049662873
1,0.28116706
0,0.1415162
0,0.06579826
1,-0.36261034
0,0.16748004
0,0.025224688
0,0.11249596
0,-0.036937963
0,0.003918127
0,-0.0044464357
0,0.05331195
0,0.047015414
1,0.11611714
1,-0.1286939
0,0.13465837
1,0.0017623013
1,0.050797403
0,0.062244147
0,-0.058683075
1,0.025784086
0,-0.07751748
0,0.1078219
0,0.041915532
0,-0.057039145
1,-0.17123547
1,-0.12399963
0,-0.04586262
1,-0.14430477
0,-0.05650478
0,0.05291689
0,0.05377967
0,0.22223529
1,-0.033465385
0,0.055069707
1,-0.017755123
1,-0.26095212
0,0.041320253
1,0.20333761
0,0.0063978042
1,-0.08814977
0,-0.0102292495
0,0.08853689
1,0.03865035
0,-0.05544714
1,-0.016152298
1,0.05326623
1,0.23522969
1,-0.003480655
1,0.088177375
1,-0.19035831
1,0.11047674
1,-0.09846193
0,0.10708951
1,0.1771669
1,-0.040051866
1,0.083371595
1,0.043849915
1,-0.27978468
1,-0.29617235
0,-0.024060525
1,0.17292619
1,-0.08255249
0,0.1732624
0,-0.072084524
1,-0.14267252
1,0.13728786
1,0.0734627
1,-0.04351522
0,-0.04331881
0,0.05659874
0,-0.021516165
0,-0.058535174
1,0.046269365
1,-0.12357582
1,0.06881681
0,-0.08210926
0,0.20153245
0,-0.0570645
0,0.06720801
0,0.05385721
1,0.08045656
0,-0.04664512
0,0.17019385
0,-0.020325232
0,0.0025272772
1,0.17279851
0,0.014604233
1,0.3016586
0,-0.1364273
1,0.13921739
0,-0.0049829613
1,0.30759728
1,-0.11674299
0,0.14760101
0,-0.07186646
1,0.1280144
0,0.00691038
1,0.30623406
1,0.2567982
1,0.006060509
1,0.09138324
0,-0.004578974
1,-0.08720512
0,-0.047571424
1,0.0041056396
0,0.016492214
1,0.065818325
0,0.023326373
0,0.10085625
0,0.038767714
0,-0.042504124
1,0.18430136
0,-0.054759193
0,0.13719955
0,0.122768566
0,-0.017446587
1,0.1057757
0,0.0710139
0,-0.04898689
0,0.119236134
1,-0.06699911
1,-0.096676454
1,-0.045012612
1,0.09513157
1,0.13647
0,-0.08592875
1,-0.047847413
0,0.11825594
1,-0.19539896
1,0.064392805
1,0.110811114
0,0.022132186
1,0.034276932
0,0.06736664
1,0.19241114
1,-0.040657748
0,0.06255734
0,0.040974576
1,0.10375582
0,0.03287184
1,-0.021025496
1,-0.05983113
1,-0.15695183
0,-0.11702844
0,0.068136804
0,-0.19799452
0,0.02302339
1,-0.26034197
1,0.078895174
1,-0.12784757
0,-0.11744875
0,0.012131651
1,-0.20195717
0,-0.1074176
0,0.029864194
0,0.027732467
0,-0.036048185
1,0.06222256
0,0.101111405
1,0.0774904
0,0.013067061
1,-0.018851586
0,-0.018713411
1,0.07024045
0,0.026423778
0,-0.10448303
1,-0.2065465
1,-0.12912299
0,0.021926004
1,0.040506385
1,0.2525151
0,0.056561507
0,-0.04944949
1,0.011804128
0,-0.049265333
0,0.06167116
1,0.078298405
0,0.02712847
0,0.032544173
1,0.24263202
0,0.08307223
0,0.05067648
1,-0.06788498
0,0.3013508
1,0.033483118
0,-0.020225499
0,-0.040631548
0,0.032054935
0,0.068229906
0,-0.1109564
0,0.049747333
1,-0.016474683
0,-0.12197988
0,-0.014040693
1,-0.14239019
0,0.03380691
1,0.058972284
1,-0.09434481
0,0.18385273
0,-0.15438741
1,0.13193819
1,0.06410936
0,0.10325734
0,0.076157585
1,0.082463615
0,-0.12358475
0,0.0016891616
1,0.056123756
1,0.029158274
1,0.19284315
0,-0.03911802
1,0.2873435
0,-0.11480969
1,0.07866639
1,-0.16300486
1,-0.07005165
0,0.04886094
0,0.03771144
0,0.095054455
1,-0.23364612
1,0.30279446
1,-0.20215991
0,0.1338383
0,0.041343786
1,-0.014313478
1,-0.37610132
0,-0.040129483
1,0.012351148
0,-0.019670459
0,0.18116152
0,0.043318525
1,0.01559509
1,0.11444658
1,0.10724421
0,-0.0035291926
1,0.034750465
0,0.020979948
1,-0.13727319
0,-0.12288491
1,-0.00854959
0,-0.022790182
1,0.20349096
1,0.060455643
1,0.12596947
0,0.13072221
1,0.15111141
0,0.049317464
1,-0.074343786
0,0.0012658974
0,0.008759508
0,-0.035077486
1,0.2709201
1,0.15629488
1,-0.21689579
1,-0.004078227
0,0.039623976
0,-0.00084035983
1,0.3435938
0,0.059643425
0,0.093985364
0,-0.054991953
0,0.007841573
0,-0.053117137
0,-0.056549482
1,0.09522724
0,-0.033805855
0,0.027738435
0,-0.045082234
1,0.041809663
0,-0.01907504
1,-0.17230831
0,0.068061925
1,0.2107744
0,-0.06555843
1,0.12187654
1,-0.2802823
0,0.22631204
1,0.1463927
1,0.035012387
0,-0.1178121
0,-0.01668576
0,0.034040455
0,0.032546118
1,0.2892043
1,0.44884545
1,0.06634825
1,0.2068195
1,-0.18850751
1,-0.059466746
1,0.3270469
1,0.0030384855
0,-0.0019178623
0,-0.022276761
0,0.024834324
1,0.2859842
1,0.0077309515
0,-0.036392733
1,-0.14882839
0,-0.06005638
0,0.015678553
0,0.06047196
0,0.18237104
1,0.114531785
1,0.20902473
0,-0.030321775
1,-0.038386777
1,0.18074065
0,-0.031644415
1,0.0911422
1,0.19337097
1,-0.02964155
1,0.039045624
0,-0.05019598
0,-0.025834287
1,0.025397839
1,-0.02922423
1,0.26428548
1,0.36973572
0,0.14923908
1,0.1263178
1,0.18448675
1,0.18412945
1,0.23005658
1,-0.24703053
1,0.07502696
1,-0.10146922
0,0.033821367
0,-0.039881766
0,-0.12083938
1,0.16331472
1,-0.018535659
0,-0.006045263
0,0.12126122
1,0.022373667
1,-0.15454368
0,-0.1206331
0,0.09929709
1,-0.12612903
1,-0.10217993
0,-0.06468445
0,-0.051738024
1,0.13640913
0,0.11622739
0,-0.059759248
0,-0.12615022
1,-0.327511
1,0.2977165
1,0.0011501454
1,0.31158912
0,-0.040275663
1,-0.19797872
1,0.15608533
0,0.1928954
1,0.24920346
1,0.15440796
1,-0.20336501
1,0.3836564
0,0.061056554
0,-0.08918426
1,-0.11019375
1,0.05976861
0,0.026485847
0,0.107730374
0,-0.065136224
1,-0.09986316
1,-0.075376816
0,0.0021983907
0,0.036533587
1,0.26432845
0,-0.018538754
0,-0.006133727
1,-0.24701054
0,0.20210323
1,0.09316862
0,-0.05371917
1,0.26737988
0,0.0058815554
1,-0.044289492
1,0.24689388
0,0.013019739
0,-0.0851556
0,0.07374604
0,-0.036780756
0,-0.062262874
1,-0.059923626
0,0.04649885
1,0.0483007
1,-0.030442022
0,0.048147548
1,0.018720528
0,0.04462303
0,0.078412525
1,0.054999314
0,-0.25523448
1,-0.13645975
0,-0.09568213
1,-0.06839553
0,0.076156385
1,0.23319231
1,-0.040714603
1,0.2769481
1,0.2573544
1,0.07018166
0,0.041505247
0,0.1778341
1,0.21325435
1,-0.0076606944
1,-0.10637797
0,-0.06936701
1,-0.013691687
1,-0.09723733
0,-0.07431844
0,0.07739122
0,0.061559316
1,0.08933948
1,-0.041062854
1,-0.22964795
0,-0.0115687335
1,0.2015431
1,-0.096565135
0,0.045616124
1,-0.06273477
0,0.0313793
0,-0.050926503
0,0.026405893
0,0.05110986
1,0.031109272
0,0.007583443
0,0.100924954
1,-0.037838798
0,0.019127985
1,0.09555819
1,0.45738694
1,-0.06682588
0,-0.08569596
0,-0.027430553
1,0.2185096
1,0.33621162
1,-0.20573428
0,-0.0005088416
0,-0.032175936
1,-0.0923778
0,0.09894076
1,-0.017886668
0,0.11260159
1,-0.010416154
0,-0.15472436
0,-0.00439028
0,0.1244844
0,-0.05816607
0,-0.103592105
0,0.09735814
1,0.17137563
1,-0.019537557
1,0.067687884
0,-0.041336503
0,-0.026065037
1,-0.010730162
0,-0.022012211
0,0.098020986
1,-0.4173279
1,-0.035199616
0,-0.16345046
1,0.06837848
0,-0.0866559
1,-0.14898904
1,-0.08757121
1,-0.15972051
1,0.16005726
0,0.016646609
1,0.23458439
0,-0.050876223
0,-0.035252035
0,-0.047855113
0,-0.033976823
0,-0.058728434
0,0.11319569
0,0.00050532434
0,0.18501522
0,-0.08305828
1,0.17878577
1,0.27596486
1,0.048551373
0,0.054277517
1,0.15730704
1,0.09287394
0,-0.12513764
0,-0.07544366
1,0.21764214
1,0.0941589
0,0.0062159887
0,0.1578771
0,-0.016245965
0,-0.077997625
1,0.2059463
0,0.1523624
1,-0.20495026
1,0.12133028
0,0.025178097
1,0.14883085
1,-0.15641974
0,-0.04593091
0,-0.08078573
1,0.047551703
0,-0.0005251861
1,0.040289797
1,0.14065969
1,0.092811465
0,0.021089617
1,-0.0034750276
0,-0.18296774
0,0.12285694
1,-0.08319216
0,0.035159655
0,0.03762804
1,-0.08763562
1,0.13728233
1,0.06525653
0,-0.09343026
0,-0.016209569
0,0.082180694
1,0.09138592
1,0.02791216
1,-0.0036010756
1,-0.1472
1,-0.36448926
1,0.13717592
1,0.10876942
0,0.023521174
1,0.07197485
0,-0.0707178
1,-0.22226861
1,-0.06300332
1,0.077334195
0,0.015200783
0,-0.042340215
1,-0.029634971
1,-0.015894253
0,-0.089473315
1,0.016404899
0,-0.04916479
1,0.21108237
1,0.3216614
1,-0.018358883
1,0.13272496
0,-0.0010420168
1,0.10790803
0,0.043119784
1,0.114054725
1,0.014695723
0,-0.013365965
1,0.20676641
0,0.013935483
0,-0.09513023
1,0.25931054
1,0.08922173
0,0.06930304
0,-0.017276242
0,0.053645507
0,-0.0044752285
0,0.11160982
1,-0.24155092
0,-0.0105470065
0,0.18065253
0,0.02385638
1,0.0802166
1,0.14345214
1,0.10610004
0,-0.08519142
1,0.44007513
0,0.2550606
0,-0.010725446
0,-0.0354337
0,-0.020958174
1,0.012364075
1,0.19260712
0,-0.03636324
0,0.03897919
0,-0.047451563
1,0.001190275
0,0.0039190226
0,0.081382565
1,0.16188186
0,0.0027239402
1,0.21059452
1,0.020604588
0,0.020092031
1,0.112169504
0,0.032508112
1,0.22775353
0,0.020213079
0,-0.055050384
1,0.062246718
1,0.052649274
0,0.1611293
1,-0.07827809
1,0.037461467
1,0.14120221
1,0.023870263
0,-0.12004734
0,0.010873733
1,0.07609406
0,0.08690792
0,-0.058326997
1,-0.1382148
0,-0.15833102
1,-0.014555466
0,0.023790587
1,-0.018441033
0,0.004726001
0,0.23532002
1,0.32169876
0,0.14376648
1,0.033853658
1,-0.023778033
1,-0.32058042
1,0.18438388
1,0.12156193
0,-0.116802275
1,-0.17137255
1,0.26065585
1,0.039255906
1,0.32320923
1,-0.041783847
0,-0.04464606
0,0.035110515
0,0.07666732
0,0.061023325
1,0.12712233
1,-0.12869826
1,-0.30506852
1,-0.04046917
1,0.021788267
1,0.13370323
1,0.041880876
1,-0.14781787
0,0.04675261
1,0.17225452
0,0.24273235
0,0.047758784
1,0.21336952
0,0.13749364
1,-0.0782628
1,-0.023673994
0,0.13083677
1,0.21743967
0,0.007049261
1,-0.013363288
1,-0.041682154
1,0.3937508
0,0.0036949217
0,-0.031874508
1,0.06242229
1,-0.06502649
0,0.022755705
0,-0.06823141
1,0.14487983
1,-0.026031826
1,0.32729164
1,0.064599946
1,0.16557032
0,-0.052665632
0,-0.012759643
1,0.21355799
1,-0.0114006875
0,-0.16743603
0,-0.017980346
1,0.061090846
0,0.01700863
0,-0.012714709
1,-0.14502363
1,-0.019953731
1,-0.056609314
0,0.024772555
1,-0.13424918
0,0.16854969
0,0.10349135
0,-0.078542076
1,-0.036083814
0,0.097541794
0,0.018484306
1,0.04101931
1,0.162488
0,0.08099736
0,-0.028535496
0,0.018900078
0,0.017818777
1,0.24186976
0,0.056214593
1,0.031206034
0,-0.020148804
1,0.034899462
1,0.08523975
0,-0.04720063
1,0.16082019
0,-0.0031661983
1,0.0055464944
0,0.014348223
1,-0.076235674
1,-0.12067676
0,0.07610763
0,-0.1627406
1,-0.13982424
1,-0.07337004
1,0.043771066
1,0.07740009
0,0.021023009
0,0.05260329
1,0.22081368
0,-0.13252471
1,-0.11763761
1,0.60204256
0,0.049640592
0,-0.02793536
0,-0.027840821
1,0.08967345
1,0.010728665
1,0.39993975
1,0.14998293
1,0.07481419
0,-0.05295932
0,0.020821238
0,-0.020130042
0,0.2487857
0,0.08542816
1,-0.021114297
0,0.020269174
0,-0.11952197
1,0.011268607
1,0.21906793
0,-0.060791925
1,-0.18577874
0,-0.013466446
0,-0.046545353
0,-0.08092101
1,0.21273308
1,0.27542457
1,-0.061843067
0,-0.077895045
1,-0.10207641
0,0.11553384
0,0.0765976
1,-0.16099131
0,0.10773211
0,0.033581626
0,-0.03344532
1,0.15217277
0,0.09522317
1,-0.1295512
0,-0.12589689
1,0.20426798
0,-0.038118176
0,0.06309779
1,0.029391607
0,0.07605648
1,0.3257873
1,0.21285878
1,-0.08350089
0,0.007221301
0,-0.16399553
0,-0.12440603
1,0.243702
1,-0.07638183
0,-0.030476108
0,0.019269729
0,-0.037708975
0,-0.13137886
1,0.052296493
0,0.04852439
1,0.067594
1,-0.087835394
1,0.055955276
1,0.06992006
1,0.14523545
0,-0.11068687
0,0.014621521
1,0.0013774895
0,0.2618165
1,-0.11501153
1,-0.11521574
1,0.4181204
0,0.023588192
1,-0.118245415
1,0.09602624
1,0.09731921
1,-0.022216322
1,-0.07677746
0,-0.13535264
1,-0.24372175
0,-0.072248936
1,-0.13804694
0,0.026260624
0,0.15475607
1,0.15895319
0,-0.105858035
0,-0.048917383
0,-0.0060966224
1,-0.188629
1,0.2779049
0,-0.071390145
1,0.010034744
1,-0.24594645
1,0.20045857
0,-0.055891514
0,0.053939227
1,0.092600785
0,-0.009499949
1,0.08583293
1,-0.112979084
0,0.044948637
1,-0.071372546
0,0.06694782
1,-0.007828113
1,0.16256435
0,0.03431676
1,-0.36228368
1,0.00043439236
0,-0.03264853
0,-0.011670185
1,-0.072117016
1,0.054678075
1,-0.028511899
0,0.11605847
0,-0.057675038
0,0.052714895
0,-0.21673317
1,0.015327262
0,0.10497604
1,0.21331763
1,-0.038505483
0,-0.0936073
0,0.03786275
1,-0.01877351
1,0.11374292
0,0.07571814
1,0.021679772
1,0.002592213
1,0.10037486
1,-0.32237923
0,-0.010222001
1,0.0049709314
1,0.07689377
0,-0.104437865
1,-0.04799186
0,-0.16503659
0,-0.08609106
1,-0.1479176
1,0.044432294
0,0.056214064
1,0.28037542
1,0.29677212
0,-0.009172494
0,0.016028257
1,-0.29960623
0,-0.03350182
1,0.13298163
1,0.030778654
0,0.0036393595
0,0.14575894
1,0.10973661
1,0.1146057
0,-0.029691767
0,0.09129897
1,0.0729807
0,-0.044378527
1,0.17211813
0,-0.12171706
0,0.085091144
0,-0.0017720971
0,-0.041539274
0,-0.13823147
0,-0.03788931
1,0.063005485
0,-0.21369061
0,-0.047447752
1,0.08512819
0,-0.07945434
0,0.3405145
0,0.11198828
0,-0.04846807
0,0.04038434
0,0.00097172335
0,-0.020377554
0,-0.08530459
0,0.016599571
0,0.025267433
0,-0.016939389
1,-0.07119341
0,-0.22439164
0,0.0763126
0,0.09359065
1,-0.17088018
1,0.016249666
0,0.047743563
0,-0.035286475
1,-0.12055546
0,0.084115334
1,-0.022300411
0,-0.022785254
0,-0.13824898
0,-0.04335475
1,0.48380888
1,0.15447333
1,0.021061506
0,0.006618415
1,-0.09011179
0,0.16267872
1,0.24776039
1,0.27728158
0,-0.10437463
1,-0.16987753
1,-0.34180745
1,0.07223889
0,-0.04698157
1,0.30772346
1,0.1442548
1,0.31046146
1,-0.089332245
1,0.22775255
1,-0.008385195
1,0.25891706
0,-0.021354957
1,-0.16721438
1,0.18380998
0,0.030175157
1,-0.10310524
1,-0.23773558
0,0.026120361
1,0.10906571
1,0.2159998
1,0.0030760155
1,0.23694618
0,-0.076580174
0,0.12415224
1,-0.049526546
1,0.34891894
1,0.12438866
0,0.114948645
1,-0.033415288
1,-0.006351509
0,-0.015015741
0,-0.12916811
0,0.06792594
0,0.026470562
1,-0.09788503
1,-0.10223354
0,-0.053094275
0,-0.051241614
1,0.03433053
1,0.20779936
1,-0.05333705
1,0.4570307
1,0.16237505
1,-0.2508403
1,-0.04748794
1,0.16269869
1,0.16690753
1,0.002900782
1,0.21857308
1,-0.15796375
0,0.070824035
1,0.21597083
1,0.28766495
1,0.04037996
1,0.12340461
0,0.067646615
0,0.045023426
0,0.039244447
1,-0.13459642
0,0.071981885
0,0.022933519
1,-0.05517838
1,0.26800868
0,0.013417538
0,0.014284751
1,-0.028865077
0,0.015715193
1,-0.21981522
1,0.03361425
1,0.1869049
0,0.0365308
1,-0.13175482
1,0.21333924
1,0.13787186
0,-0.14213288
1,0.27897018
0,-0.05467067
1,-0.14264981
0,0.069166645
1,0.13942541
0,0.10699556
1,0.34166637
1,-0.09685759
1,0.08598255
0,0.14519857
1,-0.2652089
0,0.038426787
0,0.2199716
1,0.07057864
0,0.06003155
0,-0.028329168
1,0.059518985
0,0.076539695
0,-0.034684617
1,-0.014589064
1,0.17523313
0,-0.0020988546
1,-0.18816496
0,0.062440455
1,-0.062149324
0,0.0012819003
0,0.0547621
0,0.05130184
1,0.05828238
1,-0.13061765
0,0.16446511
1,0.042660642
1,-0.008046161
0,-0.020802915
1,-0.14008826
0,0.05410597
1,-0.07943624
0,-0.008209424
1,0.047455035
1,-0.019249534
0,-0.05119958
0,0.017287329
1,-0.030907286
1,0.31178162
1,-0.023973074
0,0.009343257
1,0.26708692
0,0.05296327
1,0.06846063
0,-0.035758775
0,0.18650198
1,-0.021521837
0,0.022795267
0,-0.04865417
1,0.116590016
1,0.18334697
1,-0.18005037
1,-0.11410916
0,0.11132748
0,0.026985008
1,-0.2676261
1,0.2803009
0,0.22982728
1,0.17478016
1,0.01939219
0,0.09799469
1,0.018445328
1,-0.1403609
0,0.032573294
1,0.16674696
0,0.0728002
0,0.12023927
0,-0.02002666
1,-0.12832254
1,-0.029902272
0,0.048313625
0,0.06924941
0,-0.028590992
0,-0.08948218
1,0.20457458
1,-0.12837483
1,0.12808098
0,-0.12203637
1,0.14536476
1,0.054679908
0,-0.0746269
1,0.19440228
1,-0.1789408
1,-0.046937924
0,0.06884577
0,-0.010365548
1,-0.028717577
1,0.19198532
0,-0.045956988
1,-0.19180731
0,0.047500066
1,0.20786668
0,0.06590311
1,0.0667492
0,-0.053988636
0,-0.0046930155
0,0.18472949
0,0.22608253
0,0.13049543
0,0.046844583
1,0.30903688
0,-0.1229
1,-0.031566303
1,-0.0759589
0,-0.055714607
1,-0.038697504
1,-0.07909185
0,-0.060542434
1,-0.35741192
0,-0.095345505
0,0.102857165
1,0.100843474
1,-0.15082847
1,-0.027056102
0,0.012244145
1,0.05759574
1,-0.16516265
0,-0.044491872
1,0.1292176
0,0.14057855
1,0.15111701
0,-0.039517935
0,0.012101641
0,0.12759699
0,-0.092164405
1,-0.14710137
1,0.06860899
1,-0.13759004
1,0.055220295
1,-0.073115826
1,0.17398553
1,-0.12535837
1,0.12139134
1,0.06952116
0,0.02498578
1,0.45993343
0,-0.047604166
0,0.048208274
0,-0.083132185
1,-0.09687529
1,0.1342877
0,0.08850507
1,0.20227662
0,0.02134425
0,-0.11936795
1,-0.014084432
1,0.1330782
1,0.17325063
1,0.016462639
1,0.101644665
0,-0.03878909
1,0.03603843
1,0.10143018
0,0.050841957
1,0.10500172
0,-0.023170244
1,-0.29378232
0,0.008083601
0,-0.117333844
1,-0.13384743
0,-0.01967169
1,-0.13214132
1,-0.16720931
0,0.0130519755
1,-0.12871382
0,0.08844991
0,-0.14191255
1,-0.042049244
0,0.022995496
0,0.029107537
1,0.08368143
1,-0.08270104
1,-0.19650507
0,0.10313981
1,0.044414762
1,0.04953512
1,0.0953662
1,0.106549114
0,0.06951026
1,0.1800925
1,0.05881132
0,-0.088562794
1,-0.04330964
1,-0.016776746
1,-0.06344285
0,-0.119356066
1,-0.021313893
0,0.1544046
0,-0.07821153
0,0.02402993
0,0.024344075
0,-0.10553929
0,-0.022982867
0,-0.028280964
1,0.24175465
1,-0.1478723
1,-0.0712013
0,0.06341107
0,0.15584987
1,0.09311543
1,-0.08138617
0,0.12810172
0,-0.07622893
1,0.2980164
0,-0.034907766
1,-0.11618257
0,-0.016060343
1,0.061863456
0,0.09349318
1,0.24652505
1,0.057105035
0,-0.029133964
0,0.14146215
1,0.34876564
1,0.119740844
1,-0.25335515
1,-0.17905867
1,-0.055546574
0,0.097286314
1,-0.22979102
1,0.07627528
1,0.040232282
0,-0.13706756
0,0.055551462
0,0.05792069
0,-0.04667659
0,0.095156156
0,0.032603532
0,-0.061715968
1,-0.076762736
1,0.15620779
0,-0.123373024
1,0.23066562
1,0.025033157
0,-0.24123551
1,0.048561245
1,-0.05269073
1,0.07514537
0,0.11926431
1,-0.018562911
1,-0.014570087
1,0.1593489
1,0.12929448
0,-0.052163176
1,0.12085785
1,0.1945734
0,0.049852483
0,0.048778947
0,-0.06876843
0,0.04952736
0,-0.107473955
1,0.13265212
1,-0.020684585
1,-0.094540566
0,-0.13681547
1,-0.03973364
1,-0.16269305
0,-0.0094588995
1,0.087064564
1,0.022178218
0,0.098587364
0,-0.06316614
1,0.20525952
0,0.12639236
0,-0.11170997
1,0.18357508
1,0.093428105
1,0.08525315
1,0.107184015
0,-0.16391173
0,-0.02428247
0,-0.18601511
1,-0.012574308
1,0.043300565
0,-0.054903764
0,-0.05852081
0,-0.09800771
0,0.10668318
0,0.018482316
0,0.015221464
1,-0.0070718117
1,0.22032195
1,0.1258936
0,0.18936546
0,0.030494196
1,0.1320217
0,-0.033950828
1,0.03915905
1,-0.28087124
1,0.33646187
0,-0.04040288
0,-0.03017952
0,-0.13016304
0,-0.06551687
1,-0.13769795
1,-0.07329529
0,-0.03913527
1,0.028920459
1,0.15665968
0,-0.01582835
1,-0.053416975
0,0.18141878
1,0.086120516
1,0.03016657
1,0.35891923
1,0.13998386
0,-0.01576243
1,0.29914403
1,0.25761253
0,0.09798357
0,0.016241586
1,0.064253606
0,-0.0470085
0,0.030729195
0,0.02566485
0,-0.043658696
0,0.047966182
1,0.23147835
1,0.1440236
1,-0.040504057
1,-0.011840988
1,0.31261674
1,0.16873442
1,0.0550699
1,0.08993018
1,0.15521161
0,0.12755021
0,-0.0025306912
1,0.18056192
0,-0.028192945
0,-0.107855275
1,0.22414769
0,0.029239498
1,0.30830044
0,0.049963154
1,0.19207874
0,0.027616778
1,-0.19028838
1,0.31020835
0,0.0043030228
1,-0.31896067
0,0.07257108
0,-0.17578116
0,0.10568221
1,0.05750269
0,0.21515106
1,-0.03551474
0,0.12179141
0,0.06863993
1,0.00079286844
0,0.1242783
1,0.04051575
0,0.032122016
0,0.045702137
0,0.13480003
1,0.0558127
1,0.12658875
1,0.3300491
1,0.10454028
0,-0.10117172
1,0.11805301
0,-0.038269825
1,0.108626105
0,-0.037740402
1,0.22165884
0,-0.09855673
0,-0.08987376
0,0.059532706
1,-0.15541849
1,0.021346226
0,-0.066135235
0,-0.053955443
1,0.021949165
0,-0.11567755
0,0.2495307
1,0.21833357
1,-0.09639604
1,0.15655345
0,0.073396705
0,0.02854399
0,0.066752456
0,0.0048653544
1,-0.011906287
1,0.041984323
0,-0.025120873
1,-0.1964544
0,-0.017640132
1,0.15591422
1,0.08919722
0,-0.07222935
1,0.23693202
1,0.21178418
0,-0.054217335
0,-0.033718277
1,-0.054724626
1,-0.12560135
0,0.014510803
1,0.06761241
0,-0.036823105
0,-0.0040246993
0,-0.18140599
0,-0.07583411
0,0.016172085
1,-0.19726005
1,-0.020756092
0,0.11112491
0,-0.003585916
0,-0.04777144
1,0.1236394
1,-0.06974333
0,0.00030096248
0,0.08995979
1,0.1241571
0,-0.08229602
0,-0.06757307
1,0.17926468
0,0.051027395
1,-0.19596842
0,0.05368086
1,-0.31200552
0,-0.029338747
0,0.01323287
0,-0.14192036
1,0.2511957
1,0.23971736
0,-0.041866634
0,-0.012914612
0,0.050980076
0,0.10335636
1,-0.1403212
0,-0.039528675
1,0.13413805
1,0.028527886
1,-0.1495988
0,-0.06565468
0,-0.088936724
1,-0.19808578
0,0.10118532
0,-0.06917781
0,0.09054275
0,0.024090681
0,0.06866723
1,-0.11891605
1,0.012685984
0,0.15877967
0,0.022090621
1,-0.133975
1,-0.09881928
1,-0.019165736
0,0.008700303
1,0.1909253
0,0.04026337
1,0.36489207
1,0.11521859
1,0.24355197
1,0.06324007
1,0.10949406
0,-0.11111605
1,0.1743766
0,0.122947216
1,0.21940905
1,-0.0026182425
1,0.12532589
0,-0.0237427
1,0.012505148
1,-0.042788986
1,0.026393201
0,0.014615823
0,-0.003082998
1,0.19540569
1,0.13466817
0,0.041727643
1,0.062268868
1,0.13731569
1,0.1258594
1,0.3357246
1,0.0943913
0,0.007570615
0,-0.027899176
1,0.18760587
0,-0.0092803305
1,0.19319929
0,0.02826148
1,0.14888483
0,-0.006889182
1,0.15856762
0,0.30945683
0,-0.028854452
1,0.3162979
1,0.36301234
0,0.07076675
0,0.10171856
0,0.0031285547
1,0.14853767
0,0.054466516
0,0.161431
1,0.24952461
0,-0.056582734
0,-0.027101554
0,0.068281025
1,0.05241999
1,0.10043213
0,0.08788753
0,0.016683044
1,-0.06877728
0,0.1876218
0,0.31117302
0,-0.08358626
0,0.024645228
1,-0.0917548
1,0.062411543
1,-0.19469035
0,0.2003848
0,-0.018016107
1,-0.115936495
0,0.013736032
1,-0.18791138
0,0.095827386
1,-0.17244494
0,0.101032905
1,0.022967542
0,-0.06760947
0,0.09779503
0,0.07988271
1,-0.07121406
1,-0.002613537
1,0.060328476
0,0.10164237
1,0.01166172
0,0.05904658
1,0.11228147
0,-0.059591237
1,0.26246718
0,-0.014609397
0,0.19878902
1,0.17086923
1,0.18244404
0,-0.05612795
0,0.077275015
1,-0.3215337
0,0.11432077
1,-0.1905363
1,0.103487015
1,0.017167795
0,0.05819144
1,0.030281717
0,-0.04989795
1,-0.28548467
0,-0.013835825
1,0.0044229524
1,-0.13234615
1,0.106524415
1,0.15877496
1,-0.1483163
1,-0.19364062
0,0.11121121
1,-0.2920689
1,0.009094205
0,0.13869068
1,0.13336268
0,-0.01754574
0,0.22990611
1,-0.13199419
1,0.14692123
1,-0.017544398
0,-0.04961684
0,0.044171263
1,0.16827777
0,0.14759286
1,0.09687827
0,0.040065557
0,0.14993599
1,0.13805196
1,0.12518625
0,-0.0055048494
1,-0.26821765
0,-0.024165997
1,0.14201558
0,0.09105109
0,0.073078424
1,-0.19265816
0,-0.009797482
0,0.057256047
0,0.035465293
0,-0.0031419145
0,0.03561197
0,-0.1137403
1,0.1328333
1,0.20107806
1,0.042416997
0,0.04968659
0,0.03616785
0,-0.038106598
0,0.17038496
0,0.08566561
0,0.00941599
0,0.09167763
1,-0.07341672
1,0.12999511
0,0.0077449065
0,0.015699252
1,0.2321364
1,0.007635737
0,-0.08069517
1,-0.0047928775
0,-0.1674642
1,0.09405438
1,0.020133762
1,0.15254076
1,0.10631258
1,0.20688544
1,-0.21047959
1,0.044962756
1,-0.0168229
1,0.3205982
0,0.026467953
1,0.064589694
0,-0.06072458
0,-0.08504955
0,0.050129358
1,0.16795175
1,-0.030870657
1,-0.12316349
0,0.088118404
1,0.0040287334
0,0.13008857
0,0.045100983
0,0.013841531
1,0.09108033
0,0.03711754
1,0.14656712
1,0.24425791
1,-0.09373493
1,0.11539502
0,-0.03566509
0,0.07820873
0,-0.08723967
0,-0.050856557
0,0.066029765
0,0.02465748
1,0.10252385
1,-0.10038253
1,0.12548994
1,-0.018986115
0,-0.07314957
1,-0.13220069
0,0.029634349
1,0.14503509
1,-0.34736773
1,0.08235497
1,0.11313142
0,0.02883534
1,-0.37762523
1,-0.14875641
1,-0.11339951
1,-0.029232934
0,-0.13992652
1,0.17453825
0,-0.017739147
1,0.2562704
1,0.02336144
1,0.11260644
1,0.21858917
1,-0.18785104
0,-0.036423594
1,0.035210647
1,0.24065036
0,0.022665309
0,0.01445622
1,0.06477841
0,0.0047458946
1,0.0065602893
1,-0.07918005
0,0.07955825
1,-0.08106443
1,0.30027494
1,0.21551691
1,-0.18163934
1,0.05985802
0,-0.070786834
0,-0.13189529
1,0.14116943
1,-0.064914696
0,0.056431815
0,0.018869607
0,-0.058407728
0,-0.07811611
0,0.16800562
1,0.128683
1,0.020341925
0,0.021528728
1,-0.10036656
1,0.11661112
1,0.27211168
1,0.21270876
1,-0.07114162
1,0.18429507
0,-0.12837522
1,0.34546146
1,0.19582126
0,0.12061386
0,0.04697194
0,-0.16015798
1,-0.0151223
0,0.13983214
0,-0.00027628237
0,-0.050763953
0,-0.04937563
1,0.28357625
0,0.16830991
1,0.13763364
0,0.023272825
0,0.024745418
1,0.13094056
1,0.050703436
0,-0.13795553
0,-0.17927869
1,-0.079051495
0,-0.05682107
0,0.06521975
1,0.08288445
1,-0.023239069
0,0.19387445
1,0.16960488
0,0.08768797
1,0.21776083
0,0.14085954
0,-0.082997926
0,0.06600911
1,0.18130724
0,-0.09159787
1,0.07335051
1,0.11982569
0,0.07410129
0,-0.090846956
0,-0.050210074
1,0.15365808
0,-0.024258401
0,-0.04173077
1,0.15648887
1,-0.040597152
1,0.02148555
1,0.36474636
1,-0.09118426
1,0.41417605
0,0.072250776
1,0.060982257
0,0.02199599
1,0.08878294
1,0.083557785
1,0.25320578
0,0.05922195
0,0.0074661626
1,0.11041063
1,-0.021457892
1,0.27406785
1,-0.0676775
0,-0.030224122
0,-0.098750904
1,-0.28828824
0,0.049427345
1,-0.19372243
1,0.08405428
1,-0.1469916
0,-0.016491156
1,0.5113106
1,0.11167817
0,-0.032527205
0,0.064570345
1,0.10997046
0,0.124038614
0,-0.09479415
1,-0.032596815
1,0.14403364
0,-0.13485311
1,0.10078667
0,0.08840888
0,0.07617571
0,-0.035860986
1,0.2322893
0,-0.028665021
0,0.1292631
1,0.061116487
1,0.583604
0,0.07775997
1,0.41806078
1,0.042345926
0,0.0413719
1,0.040166773
1,0.102501325
0,0.13330008
0,-0.090458855
0,-0.025643025
0,0.06618713
1,0.07250928
1,-0.2658252
0,0.24129096
1,0.11551428
0,-0.05905083
0,-0.005296161
0,0.072721496
0,-0.026807886
1,0.024021843
1,-0.008368513
0,0.005952753
1,-0.14446937
1,-0.18875377
1,0.007520335
1,-0.019431027
0,0.0049664825
0,0.04081692
1,0.042502783
0,0.17281395
1,-0.008202004
1,0.07417997
0,0.25641894
0,0.033328593
1,-0.012202038
0,0.09339702
0,0.001598299
1,-0.16586487
1,-0.2470821
0,0.022816967
1,0.18435115
1,-0.024334917
0,0.08742106
1,0.16947049
1,0.3679649
0,-0.050923157
0,-0.036268413
0,0.058629442
1,-0.1820319
1,0.34255385
1,0.43862897
0,0.029435977
0,0.0738274
1,-0.12134934
1,0.08192214
1,-0.16249752
1,0.09861791
0,-0.060134143
1,-0.2256493
1,-0.0045206603
0,-0.06440019
1,-0.28981552
1,0.12059342
1,-0.05956506
0,0.06500024
0,-0.14868486
0,-0.015987728
0,0.039983522
1,-0.060280304
0,0.040468838
1,0.09379076
0,0.16889092
0,0.013339685
1,0.032063454
1,0.3052944
1,0.3661984
0,0.06270177
0,-0.0026872614
1,-0.09091293
1,0.09689692
1,0.09114508
1,-0.11503542
1,0.15027018
0,-0.019233186
1,0.11128136
0,0.04225733
1,0.11268289
0,0.02214184
1,0.16876495
1,-0.0036389735
1,0.1970852
1,0.06963618
1,0.084496625
1,-0.08046421
1,-0.10702273
1,0.023262199
1,0.017004961
0,0.05125963
0,-0.033236302
0,-0.1355833
1,-0.04008698
0,-0.020332998
0,0.02158418
0,0.00031398155
0,-0.081531964
1,-0.048594296
1,-0.008835421
0,0.090857714
0,-0.0678013
0,-0.10421718
0,-0.04369438
1,0.3636691
0,-0.02265047
0,0.02269717
0,-0.105990656
0,0.14042543
1,-0.30053842
1,0.0839432
1,-0.05911485
1,-0.114699766
0,0.14317043
0,0.08116469
0,0.09175041
0,0.10128064
1,0.064922675
1,0.2504467
1,0.055993147
1,-0.1096603
1,0.4301536
0,0.10122839
0,0.02686984
1,-0.038375445
1,-0.06755672
1,-0.1449129
1,-0.24906074
1,0.044449866
0,0.08969838
1,-0.04736281
0,-0.02430929
1,-0.16573383
0,0.19167781
0,-0.22038122
0,-0.11146783
1,-0.017944366
1,0.14819863
1,0.13287963
0,0.021292033
0,0.042884633
0,0.0508205
0,-0.042070784
1,-0.034928925
1,0.17626122
1,0.23677215
0,-0.07178033
1,0.0279449
0,-0.060473092
1,0.11448448
1,0.24059346
1,0.017328313
0,-0.0251452
1,-0.08219925
1,0.100671306
0,0.00920236
1,-0.06128211
0,-0.009170893
0,-0.059983753
0,-0.013879167
1,-0.055247128
0,0.014496013
0,0.13795447
1,-0.014163113
1,0.016598914
1,-0.14160594
1,0.014573014
1,0.28012192
1,0.093621984
0,-0.03115227
0,0.1065732
0,0.22383994
1,0.35569867
1,0.051622383
1,0.06801264
0,0.029045912
1,-0.12910426
1,0.20569232
1,0.10785666
1,-0.05575452
1,0.2151493
1,0.15898663
1,0.029472386
1,0.18710284
0,-0.025938781
0,-0.07062446
1,0.10672923
1,0.063899696
0,0.02892953
1,0.23994742
0,0.055065706
1,0.046878666
1,-0.030492103
0,0.039407905
0,-0.06444595
0,0.18956015
1,0.10891694
0,-0.033290874
1,0.052760758
1,-0.07330074
0,0.029814467
1,0.3875399
1,-0.39081922
0,0.068777114
1,0.20156151
0,0.04968091
0,0.09911649
0,0.069044046
0,-0.05484464
1,-0.054515075
1,-0.09599582
1,0.07572956
0,-0.029862585
0,-0.0038349945
1,0.15841708
1,0.03960153
0,-0.01271982
1,0.008743102
1,0.28912756
1,0.3786702
1,0.17262624
1,-0.0018005758
1,0.17604636
0,-0.08596061
0,0.0589708
1,-0.24846752
1,-0.011920089
1,0.0641894
0,0.08875171
0,0.03359045
0,-0.025535624
0,0.07051164
0,-0.016384557
1,0.06110138
1,-0.09722916
1,0.055750582
0,0.010566212
1,-0.093270406
1,0.04339851
0,0.05780177
0,0.061878495
1,0.03974752
0,-0.012101607
0,-0.054654893
0,0.14476632
1,0.123767056
0,0.08732383
0,0.07114927
0,0.02935708
0,-0.056175724
0,0.02283236
1,0.14775513
1,0.23445956
0,0.064009674
1,0.023941092
1,0.01342284
1,-0.19629985
1,0.18606436
1,0.0130193215
1,-0.16064984
0,0.109531865
1,-0.03975487
1,-0.20525725
1,0.047944777
1,-0.38303187
1,0.16038463
0,-0.019574428
1,0.15764764
1,-0.15638644
1,-0.29421377
0,-0.053779878
1,0.39044005
1,-0.103405975
1,0.044863462
1,0.1429447
0,0.03681461
1,0.06114091
1,-0.008483542
1,0.16351558
0,0.006763649
1,-0.04842975
1,-0.07414563
0,0.04200606
1,0.007479097
0,0.07376122
0,0.16005473
1,-0.04606511
1,0.03761328
1,0.03769533
1,-0.29134867
0,-0.024262685
1,0.30233556
0,-0.12067656
0,-0.021577768
0,0.28436306
1,0.38132706
0,0.0702365
0,-0.04502701
1,-0.12749209
1,0.18379006
1,0.03254744
0,0.07680302
0,0.031831272
1,0.13712293
0,0.04018935
1,0.25938526
1,-0.07677649
0,0.018673867
1,-0.027262602
1,-0.14001124
1,0.27219686
0,0.013862841
1,0.18552107
0,-0.030736048
0,-0.0030442933
0,-0.0698107
0,0.06926857
1,-0.33788618
0,-0.009278863
0,0.25133508
1,0.2787707
1,0.054046266
1,0.29253796
1,0.12542324
1,0.14666408
1,0.046114948
1,-0.017419327
0,-0.051905993
0,-0.19391888
0,0.0271508
0,-0.0030940534
1,-0.15777124
1,0.24211486
0,0.09381762
0,0.07454645
1,-0.08715748
1,0.1051525
1,-0.010980446
0,0.00209405
0,0.036032192
0,0.0318829
1,0.36531442
0,-0.036293283
0,0.15823662
0,-0.042613257
0,0.18860613
1,-0.21089412
1,-0.069685325
0,0.10837388
0,-0.018044151
0,-0.007039055
0,-0.07523647
1,-0.051023945
0,0.061906163
1,0.111123435
0,-0.004072907
1,-0.11133435
0,-0.032915782
0,-0.13476238
0,0.02632981
1,0.25696212
1,0.116036035
1,0.3363617
1,0.019549917
0,-0.052034575
0,0.071681835
1,0.1368524
0,0.029382722
0,0.027933149
0,0.094164155
0,0.07219805
0,0.0581147
1,-0.10170716
0,-0.11247465
0,0.02852508
0,0.018377695
1,0.07005361
0,-0.0031298911
0,-0.08998198
0,-0.085657984
1,-0.2231319
0,0.08602125
1,0.04389935
1,-0.121329345
1,0.18102747
0,0.09418166
0,-0.07029765
0,-0.06450537
0,0.080823876
1,-0.020008706
0,0.014196642
1,0.23088484
0,0.15883532
0,-0.035643533
0,-0.06451183
1,0.27057648
0,0.0040065846
1,0.1868173
0,-0.09115555
1,-0.01928208
1,0.32527894
0,-0.13721132
0,0.040601783
1,-0.22466439
1,0.1355494
0,0.05237576
1,0.060786348
0,0.018105786
0,0.03922961
1,0.18774995
1,0.15655142
0,0.031020688
0,-0.0652994
0,0.094738774
1,0.09862897
1,0.028285207
1,0.031794835
0,-0.0065845093
0,-0.0606112
1,-0.27823624
1,-0.050931297
1,0.15348464
0,9.808922e-05
0,-0.002138461
1,-0.46242657
1,-0.29075456
0,0.16908973
1,-0.18263476
0,-0.09213836
1,0.11598505
1,0.027306667
1,0.07122915
0,-0.08630663
0,-0.05254292
0,0.059993237
0,0.13694328
1,-0.06255948
0,-0.042230275
1,-0.054106954
0,-0.057004757
0,-0.07466814
0,0.004645573
1,0.27749842
1,0.0066216975
0,-0.06659096
0,-0.076916575
0,0.040667944
1,0.09532027
1,-0.10227178
1,0.11607565
0,0.068439126
1,0.054685466
0,-0.026675845
0,0.07178406
0,0.009789728
0,-0.05125856
1,-0.12759009
1,0.05980007
0,-0.14190629
1,0.5137748
1,0.26887086
0,0.0904746
1,0.34076256
1,0.033325266
0,-0.07100861
1,0.11470584
0,0.1392295
1,-0.0501624
0,0.074578166
1,-0.18801937
1,0.44864115
1,0.072247416
0,-0.05965342
1,0.14203969
0,0.25582302
1,-0.052730385
0,0.05538796
1,0.00016202312
0,0.05491279
0,-0.052123982
0,0.1178713
1,0.007061953
1,0.28826207
1,0.043588072
0,-0.06383663
1,-0.07463267
1,0.2375966
0,-0.026552515
0,-0.10801759
0,0.14893043
1,0.16008623
1,-0.014077422
1,0.071078
1,0.062062047
1,0.18212166
1,-0.30620626
1,-0.008100677
1,-0.0031422554
1,-0.21835738
0,0.025378158
0,-0.0029037837
0,0.06928846
0,0.07013995
1,0.35616642
1,-0.048499554
0,0.12875003
1,0.42094627
0,0.027866082
1,0.12989384
0,-0.027778996
1,0.09301282
0,0.13108078
1,0.10154779
1,0.013078596
0,-0.06749125
0,-0.124412686
1,0.19743586
1,-0.011327768
0,-0.17968723
1,-0.13835587
1,0.27521026
1,-0.42354232
0,0.08252367
1,0.18017359
1,-0.2335828
1,-0.11787854
1,0.35169777
0,-0.03430854
1,0.10450331
0,0.037533868
1,0.15029971
1,-0.19065027
1,0.28902036
0,-0.054650053
1,0.08068712
1,0.23440272
1,0.21562992
0,0.0056681
0,0.01826841
1,0.012672758
0,0.081643336
0,0.012222937
0,-0.04279092
1,0.0748778
0,-0.08661111
1,-0.29871047
0,-0.058901895
1,0.11879791
1,0.11160585
1,-0.033748265
1,-0.07136792
1,0.03770549
0,-0.022779163
0,0.0011248305
1,0.14833999
0,-0.037354782
1,0.2981529
0,-0.010919244
0,0.0349783
0,0.044680156
0,-0.20562004
1,0.0009336532
0,-0.011627917
0,0.100647025
1,0.20006245
1,0.15484625
0,-0.045794662
0,0.1505337
1,-0.050597757
1,0.06255473
0,0.05532489
1,0.19512455
0,-0.10528359
1,0.14078419
1,-0.2262796
1,0.09974813
0,0.07428487
0,0.03616569
0,0.06207097
0,0.040356845
1,0.12785123
0,-0.022342192
0,-0.16416703
0,-0.03848092
1,-0.116929896
0,0.058677703
0,0.17546587
1,-0.014192831
1,0.13664049
1,0.15581472
0,0.03264919
0,-0.0126443915
1,0.35322604
1,0.12682152
1,0.074775755
0,-0.07130308
1,0.50476277
1,0.18183318
0,-0.017766912
0,0.005835464
0,0.0971591
0,0.07577184
1,-0.24369447
0,0.2318526
1,0.10472052
1,0.04442992
0,0.017297514
1,0.16443647
1,-0.0023469552
1,0.14938834
1,0.0031442903
0,-0.090157725
0,-0.13257357
0,-0.048276648
0,0.11985799
1,-0.034656618
0,-0.11920005
1,-0.2508122
1,0.49063107
1,0.34602287
0,0.06484543
1,-0.060689412
1,0.06686183
1,-0.09039692
1,-0.20462723
1,0.065501556
0,-0.013643599
0,-0.03521227
0,-0.043520477
1,0.24069539
0,0.16985191
0,-0.09073006
0,-0.13956793
1,0.21503283
0,-0.07318826
1,0.33768663
0,-0.13947754
1,0.27148798
1,-0.1181486
0,-0.029160148
1,0.2356746
1,0.0070886053
1,0.0071158805
0,-0.07255622
1,0.0076364484
0,-0.21037237
0,-0.10324532
1,0.008006539
0,-0.022193722
1,-0.17271702
0,0.034651257
0,-0.017677499
0,-0.029029854
0,-0.10028672
0,-0.03283838
1,-0.12385625
1,-0.20864996
0,0.02034618
0,0.007188543
0,0.16631821
0,-0.00068271626
0,0.005397901
0,0.008045395
1,0.19914754
1,0.20551538
0,0.0936547
1,0.088802904
1,-0.08983713
0,-0.021578688
0,-0.045675334
1,0.124088995
0,0.048748158
1,0.02977874
0,-0.06223012
1,0.021008546
0,-0.070720464
0,-0.09777283
1,-0.016730495
1,0.20060642
0,0.05229752
1,0.18794253
1,-0.21978013
1,0.090486005
1,-0.21904176
0,-0.062125202
1,-0.05857482
1,-0.14186049
1,0.146155
1,0.10450162
1,0.16270101
1,-0.033467673
1,0.079810865
0,-0.07694919
1,-0.004209727
1,0.16390876
1,-0.058141317
1,-0.038155325
1,0.08357173
1,0.07286279
0,-0.011043021
0,0.109070465
0,0.07091294
0,-0.01506036
1,0.178532
0,0.14083856
1,-0.09822441
1,0.17247374
0,0.14029859
1,0.040087048
0,0.17542042
0,-0.08720138
1,0.045591883
1,0.22366896
0,-0.105295606
0,0.09669177
0,0.0687162
0,-0.03204145
0,0.11451342
1,-0.025932515
1,0.12134096
0,-0.016316894
1,-0.09219025
0,-0.016828898
0,-0.01547741
0,-0.037304163
0,0.18570292
0,-0.2810187
0,-0.07325457
0,0.10561798
0,0.07182244
1,-0.052753516
0,-0.05897017
0,0.1815328
1,0.112861
0,-0.0054808576
1,0.18784295
0,-0.008056578
1,0.19736607
0,0.019213935
1,-0.183298
1,0.108621195
0,-0.07780468
1,0.044815835
0,0.08411576
1,0.18053019
1,0.019182466
0,-0.019846642
0,0.022059854
1,0.23477383
0,0.12893873
0,0.08722485
0,0.1092919
0,-0.04719095
1,0.09677587
1,0.16984552
1,0.1816818
1,0.0007282051
1,0.020637576
0,-0.06358257
0,0.0017202487
1,0.16979171
1,-0.0062586837
0,-0.009881304
1,0.25178567
1,0.21111128
0,0.099800184
1,0.029225713
0,-0.03701581
0,-0.049324077
1,0.06823237
1,0.08609949
1,0.1607159
0,0.092613466
0,0.036097433
1,-0.06916348
0,0.09738108
0,-0.049966164
0,0.0028611235
1,0.028698333
0,-0.2534281
0,0.010411639
0,0.1536983
0,0.08188666
1,0.042184412
0,-0.09672944
0,-0.08206442
1,0.026608817
0,0.041870438
1,0.059958536
0,0.052485723
0,-0.022461439
1,0.0377709
1,-0.13218509
1,0.15088134
0,-0.052739985
1,0.15284702
0,-0.03016607
1,-0.040254455
1,0.07669014
1,0.28835937
1,0.08114533
1,-0.12393371
1,-0.39821768
1,0.25226158
0,-0.026943948
0,-0.020272661
1,-0.21206564
1,-0.079640165
1,0.20344503
1,-0.106969826
0,0.058361057
0,-0.01056302
0,0.012876714
1,-0.14322117
1,-0.06640229
0,-0.017203193
0,-0.02664764
0,0.14036278
1,-0.046556063
1,-0.0061571524
0,0.07024348
0,0.031127188
1,0.34844846
1,0.19161808
0,0.022664616
1,0.37050366
0,0.055127237
1,0.04881448
1,0.10442749
0,0.14340416
1,0.10599706
0,-0.05792575
0,0.107583046
1,0.00069261715
0,0.013044394
1,0.08735627
1,0.1445239
0,0.07440978
0,0.06894037
1,0.34656465
1,0.065009095
1,0.10839508
1,0.21910763
1,-0.25125986
0,0.036959983
1,-0.20757358
1,-0.06726481
0,-0.011970499
1,0.10374068
1,-0.13514814
1,-0.056709297
0,0.117720574
0,0.0683347
0,-0.01701028
0,-0.058642022
1,0.2134772
1,-0.032028347
0,-0.020466957
0,0.007912334
1,0.026900906
0,0.11033502
0,0.0012070294
1,0.045928318
0,0.059018873
0,-0.043743264
0,-0.027842103
0,-0.045170825
1,0.18727002
0,0.093121976
1,-0.27923167
0,-0.120989
1,0.063991256
1,0.17540844
1,-0.0067143347
0,-0.020592567
0,-0.014688835
1,0.023082204
1,0.033012893
1,-0.17883277
0,0.051786084
1,-0.021645986
1,0.14367303
1,0.12729092
1,-0.04170805
1,0.25175637
1,0.2612334
1,0.022260467
0,0.056181528
1,-0.2132908
0,0.08997382
0,-0.15359735
0,0.069301836
1,-0.02177718
1,0.20025551
0,-0.08148474
1,-0.051620215
1,-0.14144655
1,0.3157249
1,-0.1292361
0,0.018972179
1,0.32366732
0,-0.017495414
0,-0.061628617
1,0.052458838
1,-0.047549147
0,-0.06465025
0,0.02805309
0,0.060272772
1,0.18962939
0,-0.012433627
1,0.077458695
1,-0.022043606
1,0.051253136
0,0.12483549
1,-0.05450176
1,0.1966811
0,-0.094610445
0,-0.09840767
1,0.3617014
1,-0.22148941
1,0.12077243
1,0.1988755
0,0.029410094
0,0.0443767
1,-0.05730502
1,-0.17632237
0,0.11995005
0,0.12841149
0,0.026393192
1,-0.028158318
0,0.05592735
1,0.044047974
1,-0.52375215
0,0.023990087
0,-0.10151322
0,0.04639436
0,0.013308196
0,0.16242427
1,-0.019747999
0,0.113648355
0,0.051290635
1,0.011922916
1,0.303409
1,0.06628995
0,0.022315402
1,0.19081588
0,-0.11778214
1,-0.08679828
1,0.20992503
1,0.024750676
1,0.24042949
0,-0.10192801
0,-0.075638965
0,-0.05723007
1,0.13671432
1,-0.045534957
0,0.024313705
0,-0.046128105
1,0.06706617
1,0.0305125
1,0.10993075
0,-0.005801775
1,0.026954263
1,0.23482838
1,-0.13530615
1,-0.022119166
1,0.035464615
0,0.04308261
0,0.034758553
0,-0.021654857
1,0.17184272
0,0.06084462
1,0.20133975
0,0.06694873
1,0.06806319
1,0.12386316
1,-0.026297247
1,0.014016755
0,0.26108018
1,0.0636735
0,-0.04232973
1,-0.08551437
1,-0.11449344
0,-0.09175169
0,-0.05829398
1,-0.014053568
1,0.18786955
0,0.12645431
0,-0.059498362
1,-0.19397907
1,-0.105588876
1,-0.2779317
0,-0.035348553
1,0.17631552
1,-0.13630411
1,0.22304094
0,0.01930242
1,-0.074309744
1,-0.3146674
0,0.14996926
0,0.14646807
0,-0.068358704
0,-0.06519489
1,0.12920605
0,0.1664306
1,0.17733717
1,-0.03150295
1,0.069002874
0,-0.050121672
0,-0.009953966
0,0.05878922
1,0.16493589
0,-0.14822926
0,-0.014547878
0,0.034359105
0,-0.16697836
1,-0.03343594
0,0.05565768
1,-0.23561895
0,0.1549567
0,-0.15635814
0,0.16503413
1,-0.00045224698
0,-0.061712373
1,-0.16813654
1,-0.06608371
1,0.15678635
1,0.26782006
0,-0.09008002
0,-0.031342477
1,0.024674997
1,-0.19597366
0,0.020172851
0,0.122692615
1,0.050404843
0,0.11947311
0,0.11173677
1,-0.0032073013
1,-0.018961912
0,0.030674003
0,-0.15303901
0,0.0023853714
0,0.018242758
1,-0.15706316
0,-0.068549335
1,0.12643348
0,-0.015516778
1,0.2759246
1,-0.020930031
0,0.21598494
0,-0.02287429
1,-0.18093191
0,-0.0033749314
0,0.082027026
0,-0.028509613
0,0.15424484
0,-0.10003823
1,-0.053054206
0,-0.086381495
0,0.028601121
1,0.015824497
0,0.081989706
0,0.011466282
0,-0.05451677
1,0.03787654
1,0.0735272
0,-0.08948377
1,-0.06368764
0,0.05865029
1,-0.03793855
1,0.009871665
1,0.17475499
1,0.0472511
1,0.1016296
1,-0.02044326
1,0.0019440465
0,0.09515857
0,0.04361323
1,-0.13759272
0,-0.040605612
0,0.10709694
0,0.13484928
1,0.23913126
0,0.024770135
1,-0.11023019
1,0.09955447
1,0.14374019
1,-0.3143817
0,0.045312956
0,-0.0044064135
0,0.16261382
1,-0.12788658
1,0.05880388
1,0.03228572
1,-0.013949721
1,-0.037282746
1,-0.0582942
1,0.08943803
0,0.08015869
1,0.14449066
0,-0.18695535
0,-0.114729695
0,-0.045795206
0,0.08064154
1,-0.043532494
1,-0.23494965
1,0.08619742
1,-0.103633955
1,0.17443246
0,-0.08310634
0,-0.08990014
0,0.13621666
0,0.010649736
1,0.1348257
1,0.07992188
1,-0.06601808
1,-0.028530646
1,0.22682387
0,-0.0028420975
1,0.21228784
0,-0.034849122
0,0.054878823
1,-0.21308453
0,-0.042532038
1,0.160946
0,0.08437523
0,0.18803146
0,-0.10713252
1,0.1430031
0,-0.064295255
1,-0.11047036
1,0.18320943
0,-0.023591552
1,0.38535884
0,0.017063703
0,0.036592424
1,0.08793569
1,-0.12885515
0,-0.07983464
1,0.18615717
0,0.17706099
1,0.22034334
1,-0.037425674
1,-0.17188898
0,-0.100862235
1,0.16803972
0,0.12472312
1,-0.008342144
1,-0.13692689
0,-0.12005145
0,0.04528374
0,-0.029580174
0,-0.012087958
1,-0.15752003
1,-0.051298406
0,-0.012500846
1,0.23042595
1,0.02493576
0,-0.050420985
1,0.19312972
1,-0.0043160655
1,0.022408135
0,0.03457247
0,0.009486493
1,0.112629086
0,0.08173469
1,-0.2095652
1,0.07335376
0,0.1240171
0,-0.025762074
0,0.09039345
1,0.009304334
0,-0.13374549
0,0.030338153
0,0.21199146
0,0.04531891
0,-0.005649127
1,-0.113464825
1,-0.088339075
1,-0.021987418
1,-0.07903526
0,-0.14272523
0,0.12162017
0,0.09904706
1,0.18560193
1,-0.060494497
1,-0.013373166
0,-0.02479925
0,0.24619001
1,0.054930367
1,0.116211064
1,0.3174994
1,-0.18895328
0,-0.049483966
0,-0.02383918
0,0.17519441
0,-0.1021876
1,0.23161387
1,0.0384674
1,0.14550437
0,-0.117657945
1,0.05230094
0,0.013261127
0,0.062460724
1,-0.23071021
0,-0.0057246024
0,0.24184628
0,0.02003725
1,0.057360742
1,0.10265933
0,-0.1007213
0,-0.10489615
1,0.23973681
1,0.09429202
1,-0.034258243
1,-0.117979676
1,-0.14182548
0,0.0053132493
0,-0.04841055
0,0.1592157
0,0.008594105
0,-0.13256876
1,-0.071693525
0,-0.051509596
0,0.042519998
0,-0.029200112
0,-0.06809252
1,-0.18423712
0,0.022366878
0,-0.023396922
1,0.0716945
1,-0.19000974
1,0.07754803
0,0.098058
1,-0.071225196
1,0.07897026
0,-0.03648875
0,-0.037498325
0,0.061468445
0,0.08339352
1,0.13478927
1,-0.04745143
0,0.030176587
1,0.052562617
1,0.13247252
1,0.044374116
0,-0.06045996
0,-0.028513785
0,0.08013817
0,-0.19302356
0,-0.015704382
1,0.1716663
0,0.055843115
1,0.21924932
1,0.08861357
0,0.006483197
1,0.009101571
1,0.030956652
0,0.223015
1,-0.24597749
1,0.20897152
0,-0.10749439
1,0.03630679
0,-0.0128273275
1,-0.06947404
0,0.05459772
0,-0.0795309
1,-0.05544216
0,-0.051848944
1,0.1289671
0,0.13739024
1,-0.025378607
1,-0.2553658
0,-0.10671105
0,-0.064198166
0,0.033607088
0,0.040710524
1,-0.029828751
0,-0.024266414
0,-0.06925411
0,0.10534091
1,0.2813225
0,-0.012771884
1,0.09504844
1,-0.012822254
1,0.21193278
1,-0.019862387
0,-0.006920779
1,-0.08570142
0,-0.07022019
1,0.12851104
0,0.0928412
1,0.06784215
1,0.36998317
1,0.28346357
0,0.03426549
1,-0.26976305
1,0.2494585
0,0.07785767
1,-0.02406136
0,0.034698077
1,0.274947
1,-0.21055573
0,0.1595215
0,0.08523379
0,0.053122718
1,-0.1165792
0,-0.009660074
0,0.041201413
1,-0.047039848
1,0.060868055
0,0.011708498
1,-0.1670593
0,0.0760335
1,-0.20568356
1,0.32134178
1,0.60017675
0,0.22932942
1,-0.010239766
1,-0.16641562
1,0.19822344
0,-0.08365951
0,0.17735505
0,-0.06852037
0,0.062330622
0,0.09245389
1,0.2997162
1,0.2332097
1,0.09391953
1,0.14452104
1,0.0906007
1,0.03173748
1,0.052997816
1,0.18429697
0,0.073113844
1,0.122640505
1,-0.25769195
1,-0.1093037
0,0.11586216
0,-0.09870731
1,0.18162814
1,-0.16616204
0,0.024855625
1,0.0795334
0,0.07307137
1,-0.10739751
0,-0.06649153
0,-0.061914444
1,0.022034546
0,-0.032164533
0,-0.07519151
1,0.07119954
0,0.03329347
1,-0.09642482
0,0.08262824
0,-0.020227358
0,-0.0048307013
0,0.16095392
0,-0.038717207
0,0.036503267
0,0.061138898
0,0.075331494
0,-0.031686794
1,0.03050366
1,-0.10173176
0,0.045890745
1,0.28545773
0,-0.034479517
1,0.2790988
1,0.14873517
0,0.2668882
0,-0.057879258
1,0.16301805
1,-0.052364886
0,-0.018304396
0,-0.050764255
1,0.01872649
1,0.16255085
1,0.20946468
1,0.14988375
0,-0.22627194
1,0.18978968
1,0.25980374
0,0.019487755
0,0.052816376
1,-0.08897497
0,-0.014179837
0,-0.022084735
0,0.08205157
1,0.010783462
0,-0.036519483
1,0.099422306
0,0.013233693
1,0.05094713
0,-0.090358034
0,-0.0037674052
0,0.013891678
1,0.09332793
0,-0.029951422
0,0.0606794
0,-0.06392017
0,-0.045799725
0,-0.0022678114
1,0.23651427
0,0.08941845
0,0.03351155
0,-0.04776719
1,-0.084512934
0,-0.07216657
1,0.074488044
1,-0.007169108
0,-0.012672052
0,0.071116135
1,-0.1464926
0,-0.027620422
1,-0.15587859
0,-0.0158461
0,-0.029094934
0,0.07879595
1,-0.018883964
1,0.0976775
0,-0.16628389
0,-0.08486078
0,0.07099031
1,0.08042569
1,-0.087867275
1,0.16727674
0,0.11366836
1,-0.0616966
1,-0.20279413
0,-0.19365454
1,0.22383602
1,0.18567832
0,0.026474304
1,-0.17087716
1,-0.040507052
1,0.16417198
1,0.31286445
1,0.17467675
1,0.09564267
0,0.1725215
0,-0.055187356
0,0.0850404
1,0.31807935
0,-0.08694517
0,0.019408306
1,0.23968378
1,-0.0143396
0,-0.075697534
0,-0.056874193
1,0.073678054
1,-0.15672916
0,0.1342329
0,-0.02544361
0,-0.17832708
1,0.040767685
1,0.18348217
1,0.1362347
1,0.15772718
1,-0.052362263
0,-0.00018554553
1,0.2209597
0,0.0887789
0,0.11003408
0,-0.036925077
1,0.04811061
1,0.15663046
0,-0.029624678
1,0.2063408
1,0.20058143
0,0.00092941104
0,-0.07930884
0,-0.079699405
0,0.080631405
0,-0.08779449
1,0.023665749
1,-0.029946156
0,0.076016955
0,0.038359955
1,0.23740475
0,0.061801646
0,-0.052758414
1,-0.11080997
1,-0.25376317
1,0.018803965
0,0.12820047
0,0.07414861
1,-0.084360816
0,-0.02759729
1,0.25926945
0,-0.0226919
0,0.07962151
0,-0.08865154
0,0.097138956
1,-0.33622077
0,0.040036533
0,0.031734884
1,0.28602228
1,0.2780823
1,0.28607154
1,-0.22361915
1,-0.05863582
0,0.087813966
0,0.05156555
1,0.3600358
0,-0.045248482
0,0.028655473
0,0.06368176
1,0.293478
0,0.062758535
0,-0.05463709
1,-0.019444278
0,0.1280487
1,0.0023681335
0,-0.028713956
0,0.094582856
0,0.1084205
0,-0.01861268
1,-0.10838285
0,0.08038887
1,0.16991663
1,0.29567623
0,0.11098369
0,-0.03492315
0,0.05995027
1,0.038525492
1,0.06825804
1,0.2716731
0,-0.01649902
0,0.16139771
0,0.018010175
0,0.16979267
1,0.25800893
0,0.028874874
0,0.1458537
0,-0.029339995
1,-0.080838606
1,0.032908503
1,0.19906299
1,0.14531738
1,-0.01256696
0,0.016436048
0,0.11621954
0,0.10746994
0,0.088123925
1,0.17432424
1,0.12193145
0,0.10609171
1,0.013590498
0,-0.04038758
0,0.07039003
1,0.09765723
1,-0.10111007
0,0.02513513
0,0.08292577
1,0.2944068
1,0.1582836
1,0.08566816
1,0.07266039
0,0.100605346
0,0.1414655
1,-0.023851557
1,0.14780587
1,0.0021263415
1,-0.20044307
0,0.0756637
0,0.057881664
1,-0.029913329
0,0.035466798
1,0.3105039
0,0.0044396967
0,0.0060555832
1,-0.03860976
0,0.009427766
1,0.00082748476
0,-0.112868704
1,0.09298163
1,0.21821061
1,0.32417953
1,0.2616092
0,-0.008696085
0,0.027534217
0,0.09036766
1,-0.16158675
1,0.1592237
0,-0.03979288
1,0.07319338
1,0.24669443
1,0.17093754
1,0.07002283
0,-0.13150795
1,0.27110517
1,0.153674
0,-0.060729437
1,-0.022481231
0,-0.22082214
1,0.17005509
1,-0.026624314
0,0.045081772
1,0.2330757
1,-0.012061367
0,0.066475525
1,-0.2718196
0,-0.061438713
0,0.08839249
0,0.026103904
0,0.080022976
1,-0.13744968
0,-0.0040870197
0,-0.039015044
0,-0.011655405
1,0.079178594
1,0.061999846
0,-0.07315627
1,0.27838504
1,0.014210006
1,0.13937071
1,0.029653922
1,0.1410459
0,0.019290466
0,0.010685753
1,0.04720273
0,-0.0058913315
0,0.20564455
0,-0.053329043
0,-0.063189626
0,-0.04689443
1,-0.04169849
0,0.059658047
1,0.102825224
1,0.056855652
1,0.08436005
0,-0.035871405
0,0.0139294015
1,-0.079804316
1,0.30051985
0,-0.02059935
0,-0.040170982
1,0.15700446
1,0.061017923
1,0.065032765
0,0.068575345
0,0.16461709
0,0.08024068
1,-0.03718848
0,0.09041472
1,0.207647
0,0.00763377
1,0.3475911
1,-0.025452621
1,-0.027450092
0,-0.059312128
1,-0.062438726
1,0.013594974
1,0.027407987
1,-0.13504925
0,0.0050734933
1,0.09708449
1,-0.15738025
1,-0.2588195
1,-0.11288086
1,0.052402224
1,0.037584554
1,-0.011207848
0,0.06131087
0,-0.004328168
1,0.18570293
0,-0.050888985
1,-0.19041316
1,-0.098098926
1,-0.2920645
1,0.14587885
1,0.07100452
0,0.012083087
0,-0.12959026
0,0.18525273
1,0.085358575
0,-0.09169546
0,0.08432812
1,0.018482404
1,0.22839676
0,0.19675085
0,0.102612644
1,-0.01293623
0,0.022888765
1,0.16161871
0,-0.012611121
1,0.22206521
1,-0.16996354
1,0.035073023
0,-0.02306559
0,-0.028394075
0,0.07577336
0,0.04055593
1,-0.07833238
0,0.15558225
0,0.0971346
1,-0.1971961
1,0.22374263
0,0.15504478
0,0.13926314
1,0.13765484
1,0.21697189
0,-0.021047188
0,0.16871345
0,-0.054183956
1,0.056918677
1,-0.1876787
0,-0.050306074
0,-0.095355555
0,0.19962324
0,-0.20756489
0,-0.081073105
1,-0.25490052
1,0.11607896
0,0.011658792
1,-0.0046347585
0,0.03335636
0,-0.029080383
1,0.15218739
1,0.07970994
1,0.100534394
1,0.29192102
0,-0.059851337
0,0.0095891915
0,0.007243879
1,0.22815868
1,-0.0023726858
0,-0.08239087
1,-0.101241186
1,0.26534525
1,0.29117358
1,-0.2865272
0,-0.119781
1,0.1624361
0,0.031276446
1,0.25414246
1,0.08891898
0,0.018648377
0,0.126509
1,-0.33377156
1,-0.14355433
0,0.008353405
0,0.030669324
1,0.19160242
1,-0.12900922
0,-0.10951116
1,0.17812042
0,-0.011323982
1,0.034691975
1,0.15316035
0,-0.0012148451
0,-0.04855657
1,0.08421993
1,0.07703206
1,0.14866659
0,0.04922677
0,-0.05238191
0,-0.07316743
0,0.015815213
0,-0.039892573
1,0.19116598
1,0.014815883
1,0.12171409
0,-0.16409715
0,0.0886391
0,0.19847351
1,-0.4970587
1,0.22688633
0,0.18437684
0,0.109116554
0,-0.002823078
0,-0.08633299
1,0.16452436
0,-0.01148726
1,0.12321766
1,0.09923908
0,-0.087315716
1,-0.13309257
0,-0.107312195
1,0.22091223
0,0.03502315
1,0.054426562
0,-0.05788534
1,0.0435585
0,-0.13210058
0,0.030705597
1,0.115272604
0,0.09020757
0,-0.08272338
0,-0.006150273
0,0.031589806
0,0.024531387
1,0.22327647
0,0.1295874
1,0.093401805
0,-0.07035768
0,-0.11373678
1,-0.061390303
1,-0.12348106
0,-0.022980824
1,0.13146667
0,-0.06992666
0,-0.0021911655
1,0.04158084
0,0.03583013
0,0.059043683
1,-0.007307469
0,0.02802017
0,0.021212645
1,-0.1435526
0,0.054148007
1,0.21177879
1,0.048921254
1,-0.10486297
1,-0.028011069
0,-0.016216928
0,-0.050927885
1,-0.093069404
1,-0.03856313
0,0.12580042
1,0.08225562
1,-0.122480914
0,-0.09618851
1,-0.13389958
0,0.2336799
0,-0.17476861
0,-0.018347189
0,-0.024581637
1,-0.06863238
1,0.20341292
0,0.042042326
1,-0.16524372
1,-0.050723188
0,0.21760333
1,0.11527696
0,-0.0075399005
1,-0.05664575
0,-0.023612812
1,-0.15941715
1,-0.26425606
0,-0.072863296
1,-0.106398106
0,-0.04565587
0,0.21750766
0,-0.15568128
0,0.18732719
0,0.122308515
0,0.07473137
0,0.027115736
1,0.092382185
0,0.14237218
1,0.16031215
1,0.09634095
1,0.2596989
0,0.11759341
1,0.19631383
1,0.15981987
0,-0.0014849026
1,0.20264453
1,0.09330247
0,0.08405705
0,0.07348021
1,0.12820783
1,0.16549535
0,0.05095401
0,0.06775126
0,-0.0428143
0,-0.120314844
0,0.071056694
0,0.045714375
0,-0.050326407
0,0.06445269
1,0.28858736
1,-0.012311814
0,-0.009980218
0,-0.05622281
0,-0.034424957
1,-0.096077815
0,0.14881852
0,0.10268716
0,0.07933692
1,0.21722038
1,0.13624065
0,0.14706433
0,0.011749633
0,0.05274336
1,0.11227962
1,-0.11620015
1,-0.046278965
1,0.061007958
0,0.06759376
0,-0.0743704
1,0.21514423
1,0.19629592
1,0.21098681
0,0.09480403
1,0.46240827
1,0.006380977
1,-0.049378
0,0.10128979
1,-0.20279421
1,-0.14133494
0,0.23325735
0,0.00041343737
1,0.16723526
0,0.12973596
0,0.051021535
0,-0.10938052
0,0.034233656
1,0.2486023
1,-0.050189666
1,-0.00617684
1,0.28170663
1,0.03124232
0,0.14303812
1,0.058927573
0,0.08245271
1,0.026077567
0,0.030181529
0,-0.11553261
0,-0.0075741247
0,0.081269436
1,-0.14498553
0,-0.03205493
1,0.022591352
0,0.00983722
0,-0.020912902
0,0.012226032
1,-0.07514194
0,-0.060292397
1,0.4081347
1,-0.012927055
0,0.08735809
1,0.24220121
0,0.025908286
0,-0.069012925
1,-0.046233874
1,-0.0020533148
0,0.0119049065
1,0.12116261
0,0.007010443
0,-0.041428674
0,-0.006719158
0,0.012914737
0,-0.05908837
0,0.034433395
0,-0.069823064
1,-0.065741174
0,-0.052180618
1,0.1095716
0,0.10610485
1,0.09003053
0,-0.05036877
1,-0.0191887
0,0.17496693
1,0.14819638
0,0.020261198
0,0.050637893
0,0.013164056
0,-0.12152662
1,-0.0070483545
0,0.016363487
0,0.0011994438
1,-0.08792825
0,0.08540359
0,0.04989922
0,-0.021910012
1,0.039979264
1,0.20199797
1,0.277115
1,0.13763045
1,0.2371637
1,-0.12690106
0,0.08163705
1,0.16671424
0,0.14310963
1,-0.046166323
0,-0.00497622
0,-0.054468047
1,-0.13620873
0,-0.04312296
1,0.2859207
1,-0.06005313
0,-0.08491714
1,-0.16596018
0,0.093404174
1,-0.24063967
1,0.2610606
1,-0.045267317
1,0.20725197
0,-0.14379957
0,0.1564496
1,0.090567365
1,0.004744
0,0.05794331
1,-0.16470328
0,0.060586378
0,0.060305208
0,0.025268994
1,-0.20506436
0,-0.1319672
0,-0.016589586
1,-0.13573784
0,-0.11455688
1,0.203645
1,0.15110542
0,0.16760932
1,0.08528452
1,0.016336814
1,-0.039183173
0,0.052066285
0,-0.12632167
0,0.14010727
0,0.11467925
0,-0.007009628
1,-0.13292181
0,-0.0033703065
0,0.110440865
1,-0.053440183
1,0.02293401
0,0.008905067
1,-0.0361142
1,0.10707042
1,-0.23601738
0,0.027010811
1,0.24219802
0,0.011482265
0,0.024515659
1,0.21003842
1,-0.09810511
0,-0.046315737
1,-0.016315417
1,0.1353797
1,0.14256763
1,-0.11068803
0,-0.042621277
0,0.11200471
0,-0.057373866
1,0.09111468
0,-0.06595567
0,0.044120967
1,-0.2764359
1,-0.10464627
0,0.0036908016
1,-0.00092695
1,0.34146047
0,-0.10065209
1,0.068640396
1,-0.08770632
0,0.24957749
0,-0.060622312
0,-0.06535625
1,0.19938189
0,0.011137044
0,-0.03083165
0,0.051069967
1,0.13637324
0,-0.07893294
1,0.15542856
1,0.09972881
0,0.016270325
1,-0.032206543
1,-0.114888825
0,-0.06798991
0,0.019275783
1,-0.2391139
0,0.11164242
1,-0.049663037
0,-0.13338608
0,-0.104973994
0,-0.13233359
0,0.007472892
1,-0.120018125
0,-0.08984225
0,0.16947252
1,0.056483228
1,0.3049464
0,0.175785
0,0.07134526
1,0.082952596
1,0.2742796
1,-0.0869347
0,-0.058990706
0,0.017507277
1,-0.025481531
0,-0.2223215
1,0.166545
1,-0.06255723
0,0.22299258
1,-0.122003146
1,0.13993374
1,0.23268408
0,-0.05673651
0,-0.019074531
1,0.10488889
0,0.02266648
1,0.117182314
0,0.098299965
0,0.06653011
0,0.12019496
0,-0.042972166
0,0.05803937
1,0.13231432
1,0.41429448
0,0.10353302
1,-0.2012605
0,0.0454036
0,0.10744532
1,0.092473
1,-0.18227592
1,0.06918208
0,0.061250262
1,0.079204336
1,-0.0985923
0,0.12656537
0,0.049506046
0,-0.051544443
1,-0.28601155
0,-0.022434648
0,0.07589247
1,0.20040676
0,-0.04628983
0,0.009427321
1,-0.028713068
1,0.03580641
0,0.2598007
1,0.39605638
1,0.3344915
0,-0.11116212
1,0.12098033
0,0.057521172
1,-0.069932476
0,0.056184743
0,0.12766682
1,-0.16757688
0,-0.06971853
0,-0.044105552
1,-0.03724985
1,-0.17955439
1,-0.012570056
0,0.13041404
0,0.007268446
0,0.015925864
1,0.114041
1,-0.028661883
0,-0.04897796
1,0.13248588
0,0.060624897
1,0.3545903
0,0.07351842
1,-0.0031991657
1,0.10495737
0,0.13845477
0,0.004961621
1,0.18506373
1,0.267853
1,-0.006749703
0,-0.035348132
1,0.27880073
1,-0.0018378645
1,0.12787683
1,0.03434856
0,0.16964622
0,-0.101445824
0,0.07014615
0,0.075292066
0,-0.048888586
1,-0.032312248
0,0.03580981
0,0.023173044
1,-0.1467447
1,-0.06694051
0,-0.1443696
1,0.093519256
0,0.046347372
0,0.007858272
1,0.04154695
0,-0.10983059
0,-0.088944435
0,-0.12002383
1,0.24721304
0,0.015973188
1,0.057467416
1,-0.038419582
1,0.09133977
1,0.01552279
0,0.025422588
1,-0.00012860494
1,-0.009727567
0,-0.039476324
0,0.21786794
0,0.16256213
1,0.24860093
0,-0.07723198
0,-0.07125127
0,0.2161151
1,-0.16131897
1,0.33039021
0,0.12054166
0,-0.053113412
0,-0.069974594
1,-0.13877869
1,0.11428451
0,0.021699348
0,0.007300129
0,0.07788729
1,-0.05550967
1,0.06565784
0,0.14512303
1,0.28463125
0,0.072470136
1,0.15476789
1,-0.11416316
0,0.027233256
1,0.20557812
1,0.40097335
0,0.06919367
1,0.2187975
0,0.057219833
0,0.0728368
0,-0.13522759
1,0.008851441
0,0.09049632
0,-0.06806701
0,0.29652235
0,0.02959599
0,-0.020973925
0,0.018126093
1,0.07055161
1,0.18280755
1,-0.19678646
1,-0.2139754
1,0.06935989
1,0.1433433
0,-0.023213627
1,-0.2171813
0,0.05371766
1,-0.054163292
1,0.18842775
0,-0.12332344
1,-0.09863388
1,0.115413815
1,0.2069258
0,0.14933942
1,-0.19940576
0,-0.20878628
1,0.121059924
0,-0.043212358
0,-0.008475391
0,-0.048384912
1,0.26420176
1,0.10812255
1,0.23195145
0,-0.019584095
1,-0.015007839
1,0.061842326
1,0.039203584
1,0.0065746475
0,-0.13055034
1,0.011342425
0,0.19900973
0,0.06467773
1,0.18730855
1,-0.14286906
0,0.01816933
1,-0.15270458
0,-0.051719047
0,0.10815038
1,0.016518954
1,-0.040148925
1,0.015511919
1,0.21913156
0,0.31147614
1,0.015339075
1,-0.26028126
1,0.30379182
0,0.15290579
1,0.19450815
0,0.029129434
0,-0.038357403
0,0.040534504
1,-0.07469986
1,0.18065275
0,0.044412468
0,-0.022531774
0,-0.062229507
1,-0.059570324
0,-0.09594138
0,-0.038396917
0,0.09746535
0,-0.034259833
1,0.1577904
1,-0.036377046
1,0.008794016
0,0.043021828
0,0.06236224
0,0.24037759
0,0.03566889
1,0.20178261
0,-0.021234393
1,0.02351325
0,0.012734641
0,0.26913512
0,-0.044885322
1,-0.16563633
0,-0.024710692
0,-0.012148989
0,0.011199927
0,0.24854945
0,-0.043224424
1,0.28449228
0,-0.04719435
0,-0.06687745
1,0.17447811
1,0.065745294
1,0.13703841
0,-0.023410114
1,0.13397229
0,0.065619536
0,0.11322642
0,-0.022275722
1,0.3367227
0,0.10523244
1,0.02813707
1,-0.059090763
1,0.23239376
0,-0.022298146
1,0.17115502
1,0.03152078
0,0.06362299
1,-0.03924043
1,0.053058337
0,0.062394395
1,0.015207833
1,0.038335152
0,0.07019462
0,0.15859357
0,-0.03366609
1,0.2139435
1,-0.010807895
0,-0.002174629
0,-0.045236252
0,-0.018017307
1,-0.088666245
0,0.013788924
0,-0.03241257
1,-0.006907305
1,0.059286274
0,0.010600327
0,-0.038441367
1,-0.094764255
1,0.1962204
0,0.013144411
0,0.01164154
0,-0.14848623
0,0.075275056
0,0.035893235
0,-0.016443327
0,-0.042967774
1,0.0284248
1,0.00017942302
1,0.036740746
0,-0.012631506
1,0.28143764
0,0.12087857
1,0.08359682
1,-0.15256143
0,0.069119975
0,0.030136995
1,-0.11663077
